INFO:langgraph_api.cli:

        Welcome to

╦  ┌─┐┌┐┌┌─┐╔═╗┬─┐┌─┐┌─┐┬ ┬
║  ├─┤││││ ┬║ ╦├┬┘├─┤├─┘├─┤
╩═╝┴ ┴┘└┘└─┘╚═╝┴└─┴ ┴┴  ┴ ┴

- 🚀 API: [36mhttp://127.0.0.1:2024[0m
- 🎨 Studio UI: [36mhttps://smith.langchain.com/studio/?baseUrl=http://127.0.0.1:2024[0m
- 📚 API Docs: [36mhttp://127.0.0.1:2024/docs[0m

This in-memory server is designed for development and testing.
For production use, please use LangSmith Deployment.


[version] A newer version of langgraph-api is available: 0.6.39 → 0.7.42  (pip install -U langgraph-api)
[2m2026-02-18T15:23:57.544474Z[0m [[32m[1minfo     [0m] [1m[version] A newer version of langgraph-api is available: 0.6.39 → 0.7.42  (pip install -U langgraph-api)[0m [[0m[1m[34mversion_check[0m][0m [36mapi_variant[0m=[35mlocal_dev[0m [36mlanggraph_api_version[0m=[35m0.6.39[0m [36mmessage[0m=[35m'[version] A newer version of langgraph-api is available: 0.6.39 → 0.7.42  (pip install -U langgraph-api)'[0m [36mthread_name[0m=[35m'Thread-3 (_check_newer_version)'[0m
⚠️ [support] langgraph-api 0.6.39 is in Critical support.
Only critical security and installation fixes are provided.
You are one minor version behind the latest (0.7.x).
Please plan an upgrade soon. See changelog: https://docs.langchain.com/langgraph-platform/langgraph-server-changelog
[2m2026-02-18T15:23:57.544674Z[0m [[32m[1minfo     [0m] [1m⚠️ [support] langgraph-api 0.6.39 is in Critical support.
Only critical security and installation fixes are provided.
You are one minor version behind the latest (0.7.x).
Please plan an upgrade soon. See changelog: https://docs.langchain.com/langgraph-platform/langgraph-server-changelog[0m [[0m[1m[34mversion_check[0m][0m [36mapi_variant[0m=[35mlocal_dev[0m [36mlanggraph_api_version[0m=[35m0.6.39[0m [36mmessage[0m=[35m'⚠️ [support] langgraph-api 0.6.39 is in Critical support.\nOnly critical security and installation fixes are provided.\nYou are one minor version behind the latest (0.7.x).\nPlease plan an upgrade soon. See changelog: https://docs.langchain.com/langgraph-platform/langgraph-server-changelog'[0m [36mthread_name[0m=[35m'Thread-3 (_check_newer_version)'[0m
[2m2026-02-18T15:23:57.661756Z[0m [[32m[1minfo     [0m] [1mUsing langgraph_runtime_inmem [0m [[0m[1m[34mlanggraph_runtime[0m][0m [36mapi_variant[0m=[35mlocal_dev[0m [36mlanggraph_api_version[0m=[35m0.6.39[0m [36mthread_name[0m=[35mMainThread[0m
[2m2026-02-18T15:23:57.721433Z[0m [[32m[1minfo     [0m] [1mUsing auth of type=noop       [0m [[0m[1m[34mlanggraph_api.auth.middleware[0m][0m [36mapi_variant[0m=[35mlocal_dev[0m [36mlanggraph_api_version[0m=[35m0.6.39[0m [36mthread_name[0m=[35mMainThread[0m
[2m2026-02-18T15:23:57.724799Z[0m [[32m[1minfo     [0m] [1mStarting In-Memory runtime with langgraph-api=0.6.39 and in-memory runtime=0.22.1[0m [[0m[1m[34mlanggraph_runtime_inmem.lifespan[0m][0m [36mapi_variant[0m=[35mlocal_dev[0m [36mlanggraph_api_version[0m=[35m0.6.39[0m [36mlanggraph_runtime_inmem_version[0m=[35m0.22.1[0m [36mthread_name[0m=[35masyncio_0[0m [36mversion[0m=[35m0.6.39[0m
[2m2026-02-18T15:23:58.090710Z[0m [[32m[1minfo     [0m] [1mStarting metadata loop        [0m [[0m[1m[34mlanggraph_api.metadata[0m][0m [36mapi_variant[0m=[35mlocal_dev[0m [36mendpoint[0m=[35mhttps://api.smith.langchain.com/v1/metadata/submit[0m [36mlanggraph_api_version[0m=[35m0.6.39[0m [36mthread_name[0m=[35mMainThread[0m
[2m2026-02-18T15:23:58.090898Z[0m [[32m[1minfo     [0m] [1mGetting auth instance: None   [0m [[0m[1m[34mlanggraph_api.auth.custom[0m][0m [36mapi_variant[0m=[35mlocal_dev[0m [36mlanggraph_api_version[0m=[35m0.6.39[0m [36mlanggraph_auth[0m=[35mNone[0m [36mthread_name[0m=[35mMainThread[0m
[2m2026-02-18T15:23:58.106067Z[0m [[32m[1minfo     [0m] [1mStarting thread TTL sweeper   [0m [[0m[1m[34mlanggraph_api.thread_ttl[0m][0m [36mapi_variant[0m=[35mlocal_dev[0m [36mcore_api_enabled[0m=[35mFalse[0m [36mdefault_strategy[0m=[35mdelete[0m [36minterval_minutes[0m=[35m5[0m [36mlanggraph_api_version[0m=[35m0.6.39[0m [36msweep_limit[0m=[35m1000[0m [36mthread_name[0m=[35masyncio_1[0m
[2m2026-02-18T15:23:58.199545Z[0m [[32m[1minfo     [0m] [1m3 changes detected            [0m [[0m[1m[34mwatchfiles.main[0m][0m [36mapi_variant[0m=[35mlocal_dev[0m [36mlanggraph_api_version[0m=[35m0.6.39[0m [36mthread_name[0m=[35mMainThread[0m
[2m2026-02-18T15:23:58.549732Z[0m [[32m[1minfo     [0m] [1mHTTP Request: POST https://api.smith.langchain.com/v1/metadata/submit "HTTP/1.1 204 No Content"[0m [[0m[1m[34mhttpx[0m][0m [36mapi_variant[0m=[35mlocal_dev[0m [36mlanggraph_api_version[0m=[35m0.6.39[0m [36mthread_name[0m=[35mMainThread[0m
[2m2026-02-18T15:23:58.550134Z[0m [[32m[1minfo     [0m] [1mSuccessfully submitted metadata to LangSmith instance[0m [[0m[1m[34mlanggraph_api.metadata[0m][0m [36mapi_variant[0m=[35mlocal_dev[0m [36mlanggraph_api_version[0m=[35m0.6.39[0m [36mn_nodes[0m=[35m0[0m [36mn_runs[0m=[35m0[0m [36mthread_name[0m=[35mMainThread[0m
[2m2026-02-18T15:23:58.750693Z[0m [[32m[1minfo     [0m] [1m18 changes detected           [0m [[0m[1m[34mwatchfiles.main[0m][0m [36mapi_variant[0m=[35mlocal_dev[0m [36mlanggraph_api_version[0m=[35m0.6.39[0m [36mthread_name[0m=[35mMainThread[0m
[2m2026-02-18T15:23:59.543977Z[0m [[32m[1minfo     [0m] [1mImporting graph with id agent [0m [[0m[1m[34mlanggraph_api.timing.timer[0m][0m [36mapi_variant[0m=[35mlocal_dev[0m [36melapsed_seconds[0m=[35m1.4512015330001304[0m [36mgraph_id[0m=[35magent[0m [36mlanggraph_api_version[0m=[35m0.6.39[0m [36mmodule[0m=[35mNone[0m [36mname[0m=[35m_graph_from_spec[0m [36mpath[0m=[35m./src/agent/graph.py[0m [36mthread_name[0m=[35masyncio_0[0m
[2m2026-02-18T15:23:59.544385Z[0m [[32m[1minfo     [0m] [1mApplication started up in 2.141s[0m [[0m[1m[34mlanggraph_api.timing.timer[0m][0m [36mapi_variant[0m=[35mlocal_dev[0m [36melapsed[0m=[35m2.141060083999946[0m [36mlanggraph_api_version[0m=[35m0.6.39[0m [36mthread_name[0m=[35mMainThread[0m
[2m2026-02-18T15:23:59.551402Z[0m [[32m[1minfo     [0m] [1mStarting 1 background workers [0m [[0m[1m[34mlanggraph_runtime_inmem.queue[0m][0m [36mapi_variant[0m=[35mlocal_dev[0m [36mlanggraph_api_version[0m=[35m0.6.39[0m [36mthread_name[0m=[35masyncio_1[0m
[2m2026-02-18T15:23:59.551779Z[0m [[32m[1minfo     [0m] [1mWorker stats                  [0m [[0m[1m[34mlanggraph_runtime_inmem.queue[0m][0m [36mactive[0m=[35m0[0m [36mapi_variant[0m=[35mlocal_dev[0m [36mavailable[0m=[35m1[0m [36mlanggraph_api_version[0m=[35m0.6.39[0m [36mmax[0m=[35m1[0m [36mthread_name[0m=[35masyncio_1[0m
Server started in 3.22s
[2m2026-02-18T15:23:59.597224Z[0m [[32m[1minfo     [0m] [1mServer started in 3.22s       [0m [[0m[1m[34mbrowser_opener[0m][0m [36mapi_variant[0m=[35mlocal_dev[0m [36mlanggraph_api_version[0m=[35m0.6.39[0m [36mmessage[0m=[35m'Server started in 3.22s'[0m [36mthread_name[0m=[35m'Thread-2 (_open_browser)'[0m
🎨 Opening Studio in your browser...
[2m2026-02-18T15:23:59.597391Z[0m [[32m[1minfo     [0m] [1m🎨 Opening Studio in your browser...[0m [[0m[1m[34mbrowser_opener[0m][0m [36mapi_variant[0m=[35mlocal_dev[0m [36mlanggraph_api_version[0m=[35m0.6.39[0m [36mmessage[0m=[35m'🎨 Opening Studio in your browser...'[0m [36mthread_name[0m=[35m'Thread-2 (_open_browser)'[0m
URL: https://smith.langchain.com/studio/?baseUrl=http://127.0.0.1:2024
[2m2026-02-18T15:23:59.597548Z[0m [[32m[1minfo     [0m] [1mURL: https://smith.langchain.com/studio/?baseUrl=http://127.0.0.1:2024[0m [[0m[1m[34mbrowser_opener[0m][0m [36mapi_variant[0m=[35mlocal_dev[0m [36mlanggraph_api_version[0m=[35m0.6.39[0m [36mmessage[0m=[35m'URL: https://smith.langchain.com/studio/?baseUrl=http://127.0.0.1:2024'[0m [36mthread_name[0m=[35m'Thread-2 (_open_browser)'[0m
[2m2026-02-18T15:24:00.052610Z[0m [[32m[1minfo     [0m] [1mQueue stats                   [0m [[0m[1m[34mlanggraph_runtime_inmem.queue[0m][0m [36mapi_variant[0m=[35mlocal_dev[0m [36mlanggraph_api_version[0m=[35m0.6.39[0m [36mn_pending[0m=[35m0[0m [36mn_running[0m=[35m0[0m [36mpending_runs_wait_time_max_secs[0m=[35mNone[0m [36mpending_runs_wait_time_med_secs[0m=[35mNone[0m [36mpending_unblocked_runs_wait_time_max_secs[0m=[35mNone[0m [36mthread_name[0m=[35masyncio_1[0m
[2m2026-02-18T15:24:07.296686Z[0m [[32m[1minfo     [0m] [1mStarting dev checkpoint ingestion loop[0m [[0m[1m[34mlanggraph_runtime_inmem.checkpoint[0m][0m [36mapi_variant[0m=[35mlocal_dev[0m [36mlanggraph_api_version[0m=[35m0.6.39[0m [36mmethod[0m=[35mGET[0m [36mpath[0m=[35m/assistants/{assistant_id}/schemas[0m [36mthread_name[0m=[35mMainThread[0m
[2m2026-02-18T15:24:17.418217Z[0m [[32m[1minfo     [0m] [1m4 changes detected            [0m [[0m[1m[34mwatchfiles.main[0m][0m [36mapi_variant[0m=[35mlocal_dev[0m [36mlanggraph_api_version[0m=[35m0.6.39[0m [36mthread_name[0m=[35mMainThread[0m
[2m2026-02-18T15:24:17.768731Z[0m [[32m[1minfo     [0m] [1m1 change detected             [0m [[0m[1m[34mwatchfiles.main[0m][0m [36mapi_variant[0m=[35mlocal_dev[0m [36mlanggraph_api_version[0m=[35m0.6.39[0m [36mthread_name[0m=[35mMainThread[0m
[2m2026-02-18T15:24:18.119326Z[0m [[32m[1minfo     [0m] [1m3 changes detected            [0m [[0m[1m[34mwatchfiles.main[0m][0m [36mapi_variant[0m=[35mlocal_dev[0m [36mlanggraph_api_version[0m=[35m0.6.39[0m [36mthread_name[0m=[35mMainThread[0m
[2m2026-02-18T15:24:18.470613Z[0m [[32m[1minfo     [0m] [1m1 change detected             [0m [[0m[1m[34mwatchfiles.main[0m][0m [36mapi_variant[0m=[35mlocal_dev[0m [36mlanggraph_api_version[0m=[35m0.6.39[0m [36mthread_name[0m=[35mMainThread[0m
[2m2026-02-18T15:24:18.921427Z[0m [[32m[1minfo     [0m] [1m2 changes detected            [0m [[0m[1m[34mwatchfiles.main[0m][0m [36mapi_variant[0m=[35mlocal_dev[0m [36mlanggraph_api_version[0m=[35m0.6.39[0m [36mthread_name[0m=[35mMainThread[0m
[2m2026-02-18T15:24:28.928810Z[0m [[32m[1minfo     [0m] [1m1 change detected             [0m [[0m[1m[34mwatchfiles.main[0m][0m [36mapi_variant[0m=[35mlocal_dev[0m [36mlanggraph_api_version[0m=[35m0.6.39[0m [36mthread_name[0m=[35mMainThread[0m
[2m2026-02-18T15:24:29.283648Z[0m [[32m[1minfo     [0m] [1m3 changes detected            [0m [[0m[1m[34mwatchfiles.main[0m][0m [36mapi_variant[0m=[35mlocal_dev[0m [36mlanggraph_api_version[0m=[35m0.6.39[0m [36mthread_name[0m=[35mMainThread[0m
[2m2026-02-18T15:24:29.635007Z[0m [[32m[1minfo     [0m] [1m3 changes detected            [0m [[0m[1m[34mwatchfiles.main[0m][0m [36mapi_variant[0m=[35mlocal_dev[0m [36mlanggraph_api_version[0m=[35m0.6.39[0m [36mthread_name[0m=[35mMainThread[0m
[2m2026-02-18T15:24:29.987646Z[0m [[32m[1minfo     [0m] [1m1 change detected             [0m [[0m[1m[34mwatchfiles.main[0m][0m [36mapi_variant[0m=[35mlocal_dev[0m [36mlanggraph_api_version[0m=[35m0.6.39[0m [36mthread_name[0m=[35mMainThread[0m
[2m2026-02-18T15:24:30.439141Z[0m [[32m[1minfo     [0m] [1m2 changes detected            [0m [[0m[1m[34mwatchfiles.main[0m][0m [36mapi_variant[0m=[35mlocal_dev[0m [36mlanggraph_api_version[0m=[35m0.6.39[0m [36mthread_name[0m=[35mMainThread[0m
[2m2026-02-18T15:24:40.524073Z[0m [[32m[1minfo     [0m] [1m4 changes detected            [0m [[0m[1m[34mwatchfiles.main[0m][0m [36mapi_variant[0m=[35mlocal_dev[0m [36mlanggraph_api_version[0m=[35m0.6.39[0m [36mthread_name[0m=[35mMainThread[0m
[2m2026-02-18T15:24:40.876836Z[0m [[32m[1minfo     [0m] [1m1 change detected             [0m [[0m[1m[34mwatchfiles.main[0m][0m [36mapi_variant[0m=[35mlocal_dev[0m [36mlanggraph_api_version[0m=[35m0.6.39[0m [36mthread_name[0m=[35mMainThread[0m
[2m2026-02-18T15:24:41.228572Z[0m [[32m[1minfo     [0m] [1m3 changes detected            [0m [[0m[1m[34mwatchfiles.main[0m][0m [36mapi_variant[0m=[35mlocal_dev[0m [36mlanggraph_api_version[0m=[35m0.6.39[0m [36mthread_name[0m=[35mMainThread[0m
[2m2026-02-18T15:24:41.579170Z[0m [[32m[1minfo     [0m] [1m1 change detected             [0m [[0m[1m[34mwatchfiles.main[0m][0m [36mapi_variant[0m=[35mlocal_dev[0m [36mlanggraph_api_version[0m=[35m0.6.39[0m [36mthread_name[0m=[35mMainThread[0m
[2m2026-02-18T15:24:41.930426Z[0m [[32m[1minfo     [0m] [1m2 changes detected            [0m [[0m[1m[34mwatchfiles.main[0m][0m [36mapi_variant[0m=[35mlocal_dev[0m [36mlanggraph_api_version[0m=[35m0.6.39[0m [36mthread_name[0m=[35mMainThread[0m
[2m2026-02-18T15:24:51.905864Z[0m [[32m[1minfo     [0m] [1m4 changes detected            [0m [[0m[1m[34mwatchfiles.main[0m][0m [36mapi_variant[0m=[35mlocal_dev[0m [36mlanggraph_api_version[0m=[35m0.6.39[0m [36mthread_name[0m=[35mMainThread[0m
[2m2026-02-18T15:24:52.256806Z[0m [[32m[1minfo     [0m] [1m1 change detected             [0m [[0m[1m[34mwatchfiles.main[0m][0m [36mapi_variant[0m=[35mlocal_dev[0m [36mlanggraph_api_version[0m=[35m0.6.39[0m [36mthread_name[0m=[35mMainThread[0m
[2m2026-02-18T15:24:52.607852Z[0m [[32m[1minfo     [0m] [1m3 changes detected            [0m [[0m[1m[34mwatchfiles.main[0m][0m [36mapi_variant[0m=[35mlocal_dev[0m [36mlanggraph_api_version[0m=[35m0.6.39[0m [36mthread_name[0m=[35mMainThread[0m
[2m2026-02-18T15:24:52.958881Z[0m [[32m[1minfo     [0m] [1m1 change detected             [0m [[0m[1m[34mwatchfiles.main[0m][0m [36mapi_variant[0m=[35mlocal_dev[0m [36mlanggraph_api_version[0m=[35m0.6.39[0m [36mthread_name[0m=[35mMainThread[0m
[2m2026-02-18T15:24:53.309952Z[0m [[32m[1minfo     [0m] [1m2 changes detected            [0m [[0m[1m[34mwatchfiles.main[0m][0m [36mapi_variant[0m=[35mlocal_dev[0m [36mlanggraph_api_version[0m=[35m0.6.39[0m [36mthread_name[0m=[35mMainThread[0m
[2m2026-02-18T15:25:00.036835Z[0m [[32m[1minfo     [0m] [1mWorker stats                  [0m [[0m[1m[34mlanggraph_runtime_inmem.queue[0m][0m [36mactive[0m=[35m0[0m [36mapi_variant[0m=[35mlocal_dev[0m [36mavailable[0m=[35m1[0m [36mlanggraph_api_version[0m=[35m0.6.39[0m [36mmax[0m=[35m1[0m [36mthread_name[0m=[35masyncio_0[0m
[2m2026-02-18T15:25:00.539293Z[0m [[32m[1minfo     [0m] [1mQueue stats                   [0m [[0m[1m[34mlanggraph_runtime_inmem.queue[0m][0m [36mapi_variant[0m=[35mlocal_dev[0m [36mlanggraph_api_version[0m=[35m0.6.39[0m [36mn_pending[0m=[35m0[0m [36mn_running[0m=[35m0[0m [36mpending_runs_wait_time_max_secs[0m=[35mNone[0m [36mpending_runs_wait_time_med_secs[0m=[35mNone[0m [36mpending_unblocked_runs_wait_time_max_secs[0m=[35mNone[0m [36mthread_name[0m=[35masyncio_1[0m
[2m2026-02-18T15:25:03.339707Z[0m [[32m[1minfo     [0m] [1m4 changes detected            [0m [[0m[1m[34mwatchfiles.main[0m][0m [36mapi_variant[0m=[35mlocal_dev[0m [36mlanggraph_api_version[0m=[35m0.6.39[0m [36mthread_name[0m=[35mMainThread[0m
[2m2026-02-18T15:25:03.690296Z[0m [[32m[1minfo     [0m] [1m1 change detected             [0m [[0m[1m[34mwatchfiles.main[0m][0m [36mapi_variant[0m=[35mlocal_dev[0m [36mlanggraph_api_version[0m=[35m0.6.39[0m [36mthread_name[0m=[35mMainThread[0m
[2m2026-02-18T15:25:04.040843Z[0m [[32m[1minfo     [0m] [1m3 changes detected            [0m [[0m[1m[34mwatchfiles.main[0m][0m [36mapi_variant[0m=[35mlocal_dev[0m [36mlanggraph_api_version[0m=[35m0.6.39[0m [36mthread_name[0m=[35mMainThread[0m
[2m2026-02-18T15:25:04.391491Z[0m [[32m[1minfo     [0m] [1m1 change detected             [0m [[0m[1m[34mwatchfiles.main[0m][0m [36mapi_variant[0m=[35mlocal_dev[0m [36mlanggraph_api_version[0m=[35m0.6.39[0m [36mthread_name[0m=[35mMainThread[0m
[2m2026-02-18T15:25:04.742351Z[0m [[32m[1minfo     [0m] [1m2 changes detected            [0m [[0m[1m[34mwatchfiles.main[0m][0m [36mapi_variant[0m=[35mlocal_dev[0m [36mlanggraph_api_version[0m=[35m0.6.39[0m [36mthread_name[0m=[35mMainThread[0m
[2m2026-02-18T15:25:14.713640Z[0m [[32m[1minfo     [0m] [1m4 changes detected            [0m [[0m[1m[34mwatchfiles.main[0m][0m [36mapi_variant[0m=[35mlocal_dev[0m [36mlanggraph_api_version[0m=[35m0.6.39[0m [36mthread_name[0m=[35mMainThread[0m
[2m2026-02-18T15:25:15.064209Z[0m [[32m[1minfo     [0m] [1m1 change detected             [0m [[0m[1m[34mwatchfiles.main[0m][0m [36mapi_variant[0m=[35mlocal_dev[0m [36mlanggraph_api_version[0m=[35m0.6.39[0m [36mthread_name[0m=[35mMainThread[0m
[2m2026-02-18T15:25:15.414759Z[0m [[32m[1minfo     [0m] [1m3 changes detected            [0m [[0m[1m[34mwatchfiles.main[0m][0m [36mapi_variant[0m=[35mlocal_dev[0m [36mlanggraph_api_version[0m=[35m0.6.39[0m [36mthread_name[0m=[35mMainThread[0m
[2m2026-02-18T15:25:15.765378Z[0m [[32m[1minfo     [0m] [1m1 change detected             [0m [[0m[1m[34mwatchfiles.main[0m][0m [36mapi_variant[0m=[35mlocal_dev[0m [36mlanggraph_api_version[0m=[35m0.6.39[0m [36mthread_name[0m=[35mMainThread[0m
[2m2026-02-18T15:25:16.115816Z[0m [[32m[1minfo     [0m] [1m2 changes detected            [0m [[0m[1m[34mwatchfiles.main[0m][0m [36mapi_variant[0m=[35mlocal_dev[0m [36mlanggraph_api_version[0m=[35m0.6.39[0m [36mthread_name[0m=[35mMainThread[0m
[2m2026-02-18T15:25:26.052494Z[0m [[32m[1minfo     [0m] [1m4 changes detected            [0m [[0m[1m[34mwatchfiles.main[0m][0m [36mapi_variant[0m=[35mlocal_dev[0m [36mlanggraph_api_version[0m=[35m0.6.39[0m [36mthread_name[0m=[35mMainThread[0m
[2m2026-02-18T15:25:26.403099Z[0m [[32m[1minfo     [0m] [1m1 change detected             [0m [[0m[1m[34mwatchfiles.main[0m][0m [36mapi_variant[0m=[35mlocal_dev[0m [36mlanggraph_api_version[0m=[35m0.6.39[0m [36mthread_name[0m=[35mMainThread[0m
[2m2026-02-18T15:25:26.753683Z[0m [[32m[1minfo     [0m] [1m3 changes detected            [0m [[0m[1m[34mwatchfiles.main[0m][0m [36mapi_variant[0m=[35mlocal_dev[0m [36mlanggraph_api_version[0m=[35m0.6.39[0m [36mthread_name[0m=[35mMainThread[0m
[2m2026-02-18T15:25:27.104321Z[0m [[32m[1minfo     [0m] [1m1 change detected             [0m [[0m[1m[34mwatchfiles.main[0m][0m [36mapi_variant[0m=[35mlocal_dev[0m [36mlanggraph_api_version[0m=[35m0.6.39[0m [36mthread_name[0m=[35mMainThread[0m
[2m2026-02-18T15:25:27.454896Z[0m [[32m[1minfo     [0m] [1m2 changes detected            [0m [[0m[1m[34mwatchfiles.main[0m][0m [36mapi_variant[0m=[35mlocal_dev[0m [36mlanggraph_api_version[0m=[35m0.6.39[0m [36mthread_name[0m=[35mMainThread[0m
[2m2026-02-18T15:25:37.429809Z[0m [[32m[1minfo     [0m] [1m4 changes detected            [0m [[0m[1m[34mwatchfiles.main[0m][0m [36mapi_variant[0m=[35mlocal_dev[0m [36mlanggraph_api_version[0m=[35m0.6.39[0m [36mthread_name[0m=[35mMainThread[0m
[2m2026-02-18T15:25:37.780405Z[0m [[32m[1minfo     [0m] [1m1 change detected             [0m [[0m[1m[34mwatchfiles.main[0m][0m [36mapi_variant[0m=[35mlocal_dev[0m [36mlanggraph_api_version[0m=[35m0.6.39[0m [36mthread_name[0m=[35mMainThread[0m
[2m2026-02-18T15:25:38.130890Z[0m [[32m[1minfo     [0m] [1m3 changes detected            [0m [[0m[1m[34mwatchfiles.main[0m][0m [36mapi_variant[0m=[35mlocal_dev[0m [36mlanggraph_api_version[0m=[35m0.6.39[0m [36mthread_name[0m=[35mMainThread[0m
[2m2026-02-18T15:25:38.631718Z[0m [[32m[1minfo     [0m] [1m2 changes detected            [0m [[0m[1m[34mwatchfiles.main[0m][0m [36mapi_variant[0m=[35mlocal_dev[0m [36mlanggraph_api_version[0m=[35m0.6.39[0m [36mthread_name[0m=[35mMainThread[0m
[2m2026-02-18T15:25:48.658172Z[0m [[32m[1minfo     [0m] [1m4 changes detected            [0m [[0m[1m[34mwatchfiles.main[0m][0m [36mapi_variant[0m=[35mlocal_dev[0m [36mlanggraph_api_version[0m=[35m0.6.39[0m [36mthread_name[0m=[35mMainThread[0m
[2m2026-02-18T15:25:49.008733Z[0m [[32m[1minfo     [0m] [1m1 change detected             [0m [[0m[1m[34mwatchfiles.main[0m][0m [36mapi_variant[0m=[35mlocal_dev[0m [36mlanggraph_api_version[0m=[35m0.6.39[0m [36mthread_name[0m=[35mMainThread[0m
[2m2026-02-18T15:25:49.359266Z[0m [[32m[1minfo     [0m] [1m3 changes detected            [0m [[0m[1m[34mwatchfiles.main[0m][0m [36mapi_variant[0m=[35mlocal_dev[0m [36mlanggraph_api_version[0m=[35m0.6.39[0m [36mthread_name[0m=[35mMainThread[0m
[2m2026-02-18T15:25:49.709844Z[0m [[32m[1minfo     [0m] [1m1 change detected             [0m [[0m[1m[34mwatchfiles.main[0m][0m [36mapi_variant[0m=[35mlocal_dev[0m [36mlanggraph_api_version[0m=[35m0.6.39[0m [36mthread_name[0m=[35mMainThread[0m
[2m2026-02-18T15:25:50.061246Z[0m [[32m[1minfo     [0m] [1m2 changes detected            [0m [[0m[1m[34mwatchfiles.main[0m][0m [36mapi_variant[0m=[35mlocal_dev[0m [36mlanggraph_api_version[0m=[35m0.6.39[0m [36mthread_name[0m=[35mMainThread[0m
[2m2026-02-18T15:26:00.035832Z[0m [[32m[1minfo     [0m] [1m4 changes detected            [0m [[0m[1m[34mwatchfiles.main[0m][0m [36mapi_variant[0m=[35mlocal_dev[0m [36mlanggraph_api_version[0m=[35m0.6.39[0m [36mthread_name[0m=[35mMainThread[0m
[2m2026-02-18T15:26:00.193750Z[0m [[32m[1minfo     [0m] [1mWorker stats                  [0m [[0m[1m[34mlanggraph_runtime_inmem.queue[0m][0m [36mactive[0m=[35m0[0m [36mapi_variant[0m=[35mlocal_dev[0m [36mavailable[0m=[35m1[0m [36mlanggraph_api_version[0m=[35m0.6.39[0m [36mmax[0m=[35m1[0m [36mthread_name[0m=[35masyncio_1[0m
[2m2026-02-18T15:26:00.386867Z[0m [[32m[1minfo     [0m] [1m1 change detected             [0m [[0m[1m[34mwatchfiles.main[0m][0m [36mapi_variant[0m=[35mlocal_dev[0m [36mlanggraph_api_version[0m=[35m0.6.39[0m [36mthread_name[0m=[35mMainThread[0m
[2m2026-02-18T15:26:00.698086Z[0m [[32m[1minfo     [0m] [1mQueue stats                   [0m [[0m[1m[34mlanggraph_runtime_inmem.queue[0m][0m [36mapi_variant[0m=[35mlocal_dev[0m [36mlanggraph_api_version[0m=[35m0.6.39[0m [36mn_pending[0m=[35m0[0m [36mn_running[0m=[35m0[0m [36mpending_runs_wait_time_max_secs[0m=[35mNone[0m [36mpending_runs_wait_time_med_secs[0m=[35mNone[0m [36mpending_unblocked_runs_wait_time_max_secs[0m=[35mNone[0m [36mthread_name[0m=[35masyncio_0[0m
[2m2026-02-18T15:26:00.737772Z[0m [[32m[1minfo     [0m] [1m3 changes detected            [0m [[0m[1m[34mwatchfiles.main[0m][0m [36mapi_variant[0m=[35mlocal_dev[0m [36mlanggraph_api_version[0m=[35m0.6.39[0m [36mthread_name[0m=[35mMainThread[0m
[2m2026-02-18T15:26:01.088786Z[0m [[32m[1minfo     [0m] [1m1 change detected             [0m [[0m[1m[34mwatchfiles.main[0m][0m [36mapi_variant[0m=[35mlocal_dev[0m [36mlanggraph_api_version[0m=[35m0.6.39[0m [36mthread_name[0m=[35mMainThread[0m
[2m2026-02-18T15:26:01.440063Z[0m [[32m[1minfo     [0m] [1m2 changes detected            [0m [[0m[1m[34mwatchfiles.main[0m][0m [36mapi_variant[0m=[35mlocal_dev[0m [36mlanggraph_api_version[0m=[35m0.6.39[0m [36mthread_name[0m=[35mMainThread[0m
[2m2026-02-18T15:26:11.468693Z[0m [[32m[1minfo     [0m] [1m4 changes detected            [0m [[0m[1m[34mwatchfiles.main[0m][0m [36mapi_variant[0m=[35mlocal_dev[0m [36mlanggraph_api_version[0m=[35m0.6.39[0m [36mthread_name[0m=[35mMainThread[0m
[2m2026-02-18T15:26:11.819407Z[0m [[32m[1minfo     [0m] [1m1 change detected             [0m [[0m[1m[34mwatchfiles.main[0m][0m [36mapi_variant[0m=[35mlocal_dev[0m [36mlanggraph_api_version[0m=[35m0.6.39[0m [36mthread_name[0m=[35mMainThread[0m
[2m2026-02-18T15:26:12.170190Z[0m [[32m[1minfo     [0m] [1m3 changes detected            [0m [[0m[1m[34mwatchfiles.main[0m][0m [36mapi_variant[0m=[35mlocal_dev[0m [36mlanggraph_api_version[0m=[35m0.6.39[0m [36mthread_name[0m=[35mMainThread[0m
[2m2026-02-18T15:26:12.521142Z[0m [[32m[1minfo     [0m] [1m1 change detected             [0m [[0m[1m[34mwatchfiles.main[0m][0m [36mapi_variant[0m=[35mlocal_dev[0m [36mlanggraph_api_version[0m=[35m0.6.39[0m [36mthread_name[0m=[35mMainThread[0m
[2m2026-02-18T15:26:12.872391Z[0m [[32m[1minfo     [0m] [1m2 changes detected            [0m [[0m[1m[34mwatchfiles.main[0m][0m [36mapi_variant[0m=[35mlocal_dev[0m [36mlanggraph_api_version[0m=[35m0.6.39[0m [36mthread_name[0m=[35mMainThread[0m
[2m2026-02-18T15:26:22.899166Z[0m [[32m[1minfo     [0m] [1m4 changes detected            [0m [[0m[1m[34mwatchfiles.main[0m][0m [36mapi_variant[0m=[35mlocal_dev[0m [36mlanggraph_api_version[0m=[35m0.6.39[0m [36mthread_name[0m=[35mMainThread[0m
[2m2026-02-18T15:26:23.249774Z[0m [[32m[1minfo     [0m] [1m1 change detected             [0m [[0m[1m[34mwatchfiles.main[0m][0m [36mapi_variant[0m=[35mlocal_dev[0m [36mlanggraph_api_version[0m=[35m0.6.39[0m [36mthread_name[0m=[35mMainThread[0m
[2m2026-02-18T15:26:23.600262Z[0m [[32m[1minfo     [0m] [1m3 changes detected            [0m [[0m[1m[34mwatchfiles.main[0m][0m [36mapi_variant[0m=[35mlocal_dev[0m [36mlanggraph_api_version[0m=[35m0.6.39[0m [36mthread_name[0m=[35mMainThread[0m
[2m2026-02-18T15:26:23.951190Z[0m [[32m[1minfo     [0m] [1m1 change detected             [0m [[0m[1m[34mwatchfiles.main[0m][0m [36mapi_variant[0m=[35mlocal_dev[0m [36mlanggraph_api_version[0m=[35m0.6.39[0m [36mthread_name[0m=[35mMainThread[0m
[2m2026-02-18T15:26:24.302708Z[0m [[32m[1minfo     [0m] [1m2 changes detected            [0m [[0m[1m[34mwatchfiles.main[0m][0m [36mapi_variant[0m=[35mlocal_dev[0m [36mlanggraph_api_version[0m=[35m0.6.39[0m [36mthread_name[0m=[35mMainThread[0m
[2m2026-02-18T15:26:34.377531Z[0m [[32m[1minfo     [0m] [1m4 changes detected            [0m [[0m[1m[34mwatchfiles.main[0m][0m [36mapi_variant[0m=[35mlocal_dev[0m [36mlanggraph_api_version[0m=[35m0.6.39[0m [36mthread_name[0m=[35mMainThread[0m
[2m2026-02-18T15:26:34.728474Z[0m [[32m[1minfo     [0m] [1m1 change detected             [0m [[0m[1m[34mwatchfiles.main[0m][0m [36mapi_variant[0m=[35mlocal_dev[0m [36mlanggraph_api_version[0m=[35m0.6.39[0m [36mthread_name[0m=[35mMainThread[0m
[2m2026-02-18T15:26:35.079407Z[0m [[32m[1minfo     [0m] [1m3 changes detected            [0m [[0m[1m[34mwatchfiles.main[0m][0m [36mapi_variant[0m=[35mlocal_dev[0m [36mlanggraph_api_version[0m=[35m0.6.39[0m [36mthread_name[0m=[35mMainThread[0m
[2m2026-02-18T15:26:35.430290Z[0m [[32m[1minfo     [0m] [1m1 change detected             [0m [[0m[1m[34mwatchfiles.main[0m][0m [36mapi_variant[0m=[35mlocal_dev[0m [36mlanggraph_api_version[0m=[35m0.6.39[0m [36mthread_name[0m=[35mMainThread[0m
[2m2026-02-18T15:26:35.831694Z[0m [[32m[1minfo     [0m] [1m2 changes detected            [0m [[0m[1m[34mwatchfiles.main[0m][0m [36mapi_variant[0m=[35mlocal_dev[0m [36mlanggraph_api_version[0m=[35m0.6.39[0m [36mthread_name[0m=[35mMainThread[0m
[2m2026-02-18T15:26:45.907176Z[0m [[32m[1minfo     [0m] [1m4 changes detected            [0m [[0m[1m[34mwatchfiles.main[0m][0m [36mapi_variant[0m=[35mlocal_dev[0m [36mlanggraph_api_version[0m=[35m0.6.39[0m [36mthread_name[0m=[35mMainThread[0m
[2m2026-02-18T15:26:46.257894Z[0m [[32m[1minfo     [0m] [1m1 change detected             [0m [[0m[1m[34mwatchfiles.main[0m][0m [36mapi_variant[0m=[35mlocal_dev[0m [36mlanggraph_api_version[0m=[35m0.6.39[0m [36mthread_name[0m=[35mMainThread[0m
[2m2026-02-18T15:26:46.608487Z[0m [[32m[1minfo     [0m] [1m3 changes detected            [0m [[0m[1m[34mwatchfiles.main[0m][0m [36mapi_variant[0m=[35mlocal_dev[0m [36mlanggraph_api_version[0m=[35m0.6.39[0m [36mthread_name[0m=[35mMainThread[0m
[2m2026-02-18T15:26:46.959501Z[0m [[32m[1minfo     [0m] [1m1 change detected             [0m [[0m[1m[34mwatchfiles.main[0m][0m [36mapi_variant[0m=[35mlocal_dev[0m [36mlanggraph_api_version[0m=[35m0.6.39[0m [36mthread_name[0m=[35mMainThread[0m
[2m2026-02-18T15:26:47.360860Z[0m [[32m[1minfo     [0m] [1m2 changes detected            [0m [[0m[1m[34mwatchfiles.main[0m][0m [36mapi_variant[0m=[35mlocal_dev[0m [36mlanggraph_api_version[0m=[35m0.6.39[0m [36mthread_name[0m=[35mMainThread[0m
[2m2026-02-18T15:26:57.436977Z[0m [[32m[1minfo     [0m] [1m4 changes detected            [0m [[0m[1m[34mwatchfiles.main[0m][0m [36mapi_variant[0m=[35mlocal_dev[0m [36mlanggraph_api_version[0m=[35m0.6.39[0m [36mthread_name[0m=[35mMainThread[0m
[2m2026-02-18T15:26:57.787698Z[0m [[32m[1minfo     [0m] [1m1 change detected             [0m [[0m[1m[34mwatchfiles.main[0m][0m [36mapi_variant[0m=[35mlocal_dev[0m [36mlanggraph_api_version[0m=[35m0.6.39[0m [36mthread_name[0m=[35mMainThread[0m
[2m2026-02-18T15:26:58.138291Z[0m [[32m[1minfo     [0m] [1m3 changes detected            [0m [[0m[1m[34mwatchfiles.main[0m][0m [36mapi_variant[0m=[35mlocal_dev[0m [36mlanggraph_api_version[0m=[35m0.6.39[0m [36mthread_name[0m=[35mMainThread[0m
[2m2026-02-18T15:26:58.488995Z[0m [[32m[1minfo     [0m] [1m1 change detected             [0m [[0m[1m[34mwatchfiles.main[0m][0m [36mapi_variant[0m=[35mlocal_dev[0m [36mlanggraph_api_version[0m=[35m0.6.39[0m [36mthread_name[0m=[35mMainThread[0m
[2m2026-02-18T15:26:58.839882Z[0m [[32m[1minfo     [0m] [1m2 changes detected            [0m [[0m[1m[34mwatchfiles.main[0m][0m [36mapi_variant[0m=[35mlocal_dev[0m [36mlanggraph_api_version[0m=[35m0.6.39[0m [36mthread_name[0m=[35mMainThread[0m
[2m2026-02-18T15:27:00.468137Z[0m [[32m[1minfo     [0m] [1mWorker stats                  [0m [[0m[1m[34mlanggraph_runtime_inmem.queue[0m][0m [36mactive[0m=[35m0[0m [36mapi_variant[0m=[35mlocal_dev[0m [36mavailable[0m=[35m1[0m [36mlanggraph_api_version[0m=[35m0.6.39[0m [36mmax[0m=[35m1[0m [36mthread_name[0m=[35masyncio_1[0m
[2m2026-02-18T15:27:00.971983Z[0m [[32m[1minfo     [0m] [1mQueue stats                   [0m [[0m[1m[34mlanggraph_runtime_inmem.queue[0m][0m [36mapi_variant[0m=[35mlocal_dev[0m [36mlanggraph_api_version[0m=[35m0.6.39[0m [36mn_pending[0m=[35m0[0m [36mn_running[0m=[35m0[0m [36mpending_runs_wait_time_max_secs[0m=[35mNone[0m [36mpending_runs_wait_time_med_secs[0m=[35mNone[0m [36mpending_unblocked_runs_wait_time_max_secs[0m=[35mNone[0m [36mthread_name[0m=[35masyncio_1[0m
[2m2026-02-18T15:27:08.867969Z[0m [[32m[1minfo     [0m] [1m4 changes detected            [0m [[0m[1m[34mwatchfiles.main[0m][0m [36mapi_variant[0m=[35mlocal_dev[0m [36mlanggraph_api_version[0m=[35m0.6.39[0m [36mthread_name[0m=[35mMainThread[0m
[2m2026-02-18T15:27:09.218759Z[0m [[32m[1minfo     [0m] [1m1 change detected             [0m [[0m[1m[34mwatchfiles.main[0m][0m [36mapi_variant[0m=[35mlocal_dev[0m [36mlanggraph_api_version[0m=[35m0.6.39[0m [36mthread_name[0m=[35mMainThread[0m
[2m2026-02-18T15:27:09.569445Z[0m [[32m[1minfo     [0m] [1m3 changes detected            [0m [[0m[1m[34mwatchfiles.main[0m][0m [36mapi_variant[0m=[35mlocal_dev[0m [36mlanggraph_api_version[0m=[35m0.6.39[0m [36mthread_name[0m=[35mMainThread[0m
[2m2026-02-18T15:27:09.920536Z[0m [[32m[1minfo     [0m] [1m1 change detected             [0m [[0m[1m[34mwatchfiles.main[0m][0m [36mapi_variant[0m=[35mlocal_dev[0m [36mlanggraph_api_version[0m=[35m0.6.39[0m [36mthread_name[0m=[35mMainThread[0m
[2m2026-02-18T15:27:10.271450Z[0m [[32m[1minfo     [0m] [1m2 changes detected            [0m [[0m[1m[34mwatchfiles.main[0m][0m [36mapi_variant[0m=[35mlocal_dev[0m [36mlanggraph_api_version[0m=[35m0.6.39[0m [36mthread_name[0m=[35mMainThread[0m
[2m2026-02-18T15:27:20.297476Z[0m [[32m[1minfo     [0m] [1m4 changes detected            [0m [[0m[1m[34mwatchfiles.main[0m][0m [36mapi_variant[0m=[35mlocal_dev[0m [36mlanggraph_api_version[0m=[35m0.6.39[0m [36mthread_name[0m=[35mMainThread[0m
[2m2026-02-18T15:27:20.648403Z[0m [[32m[1minfo     [0m] [1m1 change detected             [0m [[0m[1m[34mwatchfiles.main[0m][0m [36mapi_variant[0m=[35mlocal_dev[0m [36mlanggraph_api_version[0m=[35m0.6.39[0m [36mthread_name[0m=[35mMainThread[0m
[2m2026-02-18T15:27:20.999449Z[0m [[32m[1minfo     [0m] [1m3 changes detected            [0m [[0m[1m[34mwatchfiles.main[0m][0m [36mapi_variant[0m=[35mlocal_dev[0m [36mlanggraph_api_version[0m=[35m0.6.39[0m [36mthread_name[0m=[35mMainThread[0m
[2m2026-02-18T15:27:21.350097Z[0m [[32m[1minfo     [0m] [1m1 change detected             [0m [[0m[1m[34mwatchfiles.main[0m][0m [36mapi_variant[0m=[35mlocal_dev[0m [36mlanggraph_api_version[0m=[35m0.6.39[0m [36mthread_name[0m=[35mMainThread[0m
[2m2026-02-18T15:27:21.700711Z[0m [[32m[1minfo     [0m] [1m2 changes detected            [0m [[0m[1m[34mwatchfiles.main[0m][0m [36mapi_variant[0m=[35mlocal_dev[0m [36mlanggraph_api_version[0m=[35m0.6.39[0m [36mthread_name[0m=[35mMainThread[0m
[2m2026-02-18T15:27:31.777707Z[0m [[32m[1minfo     [0m] [1m4 changes detected            [0m [[0m[1m[34mwatchfiles.main[0m][0m [36mapi_variant[0m=[35mlocal_dev[0m [36mlanggraph_api_version[0m=[35m0.6.39[0m [36mthread_name[0m=[35mMainThread[0m
[2m2026-02-18T15:27:32.128763Z[0m [[32m[1minfo     [0m] [1m1 change detected             [0m [[0m[1m[34mwatchfiles.main[0m][0m [36mapi_variant[0m=[35mlocal_dev[0m [36mlanggraph_api_version[0m=[35m0.6.39[0m [36mthread_name[0m=[35mMainThread[0m
[2m2026-02-18T15:27:32.479714Z[0m [[32m[1minfo     [0m] [1m3 changes detected            [0m [[0m[1m[34mwatchfiles.main[0m][0m [36mapi_variant[0m=[35mlocal_dev[0m [36mlanggraph_api_version[0m=[35m0.6.39[0m [36mthread_name[0m=[35mMainThread[0m
[2m2026-02-18T15:27:32.830714Z[0m [[32m[1minfo     [0m] [1m1 change detected             [0m [[0m[1m[34mwatchfiles.main[0m][0m [36mapi_variant[0m=[35mlocal_dev[0m [36mlanggraph_api_version[0m=[35m0.6.39[0m [36mthread_name[0m=[35mMainThread[0m
[2m2026-02-18T15:27:33.282133Z[0m [[32m[1minfo     [0m] [1m2 changes detected            [0m [[0m[1m[34mwatchfiles.main[0m][0m [36mapi_variant[0m=[35mlocal_dev[0m [36mlanggraph_api_version[0m=[35m0.6.39[0m [36mthread_name[0m=[35mMainThread[0m
[2m2026-02-18T15:27:43.257955Z[0m [[32m[1minfo     [0m] [1m1 change detected             [0m [[0m[1m[34mwatchfiles.main[0m][0m [36mapi_variant[0m=[35mlocal_dev[0m [36mlanggraph_api_version[0m=[35m0.6.39[0m [36mthread_name[0m=[35mMainThread[0m
[2m2026-02-18T15:27:43.608872Z[0m [[32m[1minfo     [0m] [1m4 changes detected            [0m [[0m[1m[34mwatchfiles.main[0m][0m [36mapi_variant[0m=[35mlocal_dev[0m [36mlanggraph_api_version[0m=[35m0.6.39[0m [36mthread_name[0m=[35mMainThread[0m
[2m2026-02-18T15:27:43.961795Z[0m [[32m[1minfo     [0m] [1m3 changes detected            [0m [[0m[1m[34mwatchfiles.main[0m][0m [36mapi_variant[0m=[35mlocal_dev[0m [36mlanggraph_api_version[0m=[35m0.6.39[0m [36mthread_name[0m=[35mMainThread[0m
[2m2026-02-18T15:27:44.312754Z[0m [[32m[1minfo     [0m] [1m1 change detected             [0m [[0m[1m[34mwatchfiles.main[0m][0m [36mapi_variant[0m=[35mlocal_dev[0m [36mlanggraph_api_version[0m=[35m0.6.39[0m [36mthread_name[0m=[35mMainThread[0m
[2m2026-02-18T15:27:44.663857Z[0m [[32m[1minfo     [0m] [1m2 changes detected            [0m [[0m[1m[34mwatchfiles.main[0m][0m [36mapi_variant[0m=[35mlocal_dev[0m [36mlanggraph_api_version[0m=[35m0.6.39[0m [36mthread_name[0m=[35mMainThread[0m
[2m2026-02-18T15:27:54.740223Z[0m [[32m[1minfo     [0m] [1m4 changes detected            [0m [[0m[1m[34mwatchfiles.main[0m][0m [36mapi_variant[0m=[35mlocal_dev[0m [36mlanggraph_api_version[0m=[35m0.6.39[0m [36mthread_name[0m=[35mMainThread[0m
[2m2026-02-18T15:27:55.091196Z[0m [[32m[1minfo     [0m] [1m1 change detected             [0m [[0m[1m[34mwatchfiles.main[0m][0m [36mapi_variant[0m=[35mlocal_dev[0m [36mlanggraph_api_version[0m=[35m0.6.39[0m [36mthread_name[0m=[35mMainThread[0m
[2m2026-02-18T15:27:55.442170Z[0m [[32m[1minfo     [0m] [1m3 changes detected            [0m [[0m[1m[34mwatchfiles.main[0m][0m [36mapi_variant[0m=[35mlocal_dev[0m [36mlanggraph_api_version[0m=[35m0.6.39[0m [36mthread_name[0m=[35mMainThread[0m
[2m2026-02-18T15:27:55.792864Z[0m [[32m[1minfo     [0m] [1m1 change detected             [0m [[0m[1m[34mwatchfiles.main[0m][0m [36mapi_variant[0m=[35mlocal_dev[0m [36mlanggraph_api_version[0m=[35m0.6.39[0m [36mthread_name[0m=[35mMainThread[0m
[2m2026-02-18T15:27:56.143809Z[0m [[32m[1minfo     [0m] [1m2 changes detected            [0m [[0m[1m[34mwatchfiles.main[0m][0m [36mapi_variant[0m=[35mlocal_dev[0m [36mlanggraph_api_version[0m=[35m0.6.39[0m [36mthread_name[0m=[35mMainThread[0m
[2m2026-02-18T15:28:00.689583Z[0m [[32m[1minfo     [0m] [1mWorker stats                  [0m [[0m[1m[34mlanggraph_runtime_inmem.queue[0m][0m [36mactive[0m=[35m0[0m [36mapi_variant[0m=[35mlocal_dev[0m [36mavailable[0m=[35m1[0m [36mlanggraph_api_version[0m=[35m0.6.39[0m [36mmax[0m=[35m1[0m [36mthread_name[0m=[35masyncio_0[0m
[2m2026-02-18T15:28:01.192062Z[0m [[32m[1minfo     [0m] [1mQueue stats                   [0m [[0m[1m[34mlanggraph_runtime_inmem.queue[0m][0m [36mapi_variant[0m=[35mlocal_dev[0m [36mlanggraph_api_version[0m=[35m0.6.39[0m [36mn_pending[0m=[35m0[0m [36mn_running[0m=[35m0[0m [36mpending_runs_wait_time_max_secs[0m=[35mNone[0m [36mpending_runs_wait_time_med_secs[0m=[35mNone[0m [36mpending_unblocked_runs_wait_time_max_secs[0m=[35mNone[0m [36mthread_name[0m=[35masyncio_0[0m
[2m2026-02-18T15:28:06.221720Z[0m [[32m[1minfo     [0m] [1m4 changes detected            [0m [[0m[1m[34mwatchfiles.main[0m][0m [36mapi_variant[0m=[35mlocal_dev[0m [36mlanggraph_api_version[0m=[35m0.6.39[0m [36mthread_name[0m=[35mMainThread[0m
[2m2026-02-18T15:28:06.572523Z[0m [[32m[1minfo     [0m] [1m1 change detected             [0m [[0m[1m[34mwatchfiles.main[0m][0m [36mapi_variant[0m=[35mlocal_dev[0m [36mlanggraph_api_version[0m=[35m0.6.39[0m [36mthread_name[0m=[35mMainThread[0m
[2m2026-02-18T15:28:07.474450Z[0m [[32m[1minfo     [0m] [1m3 changes detected            [0m [[0m[1m[34mwatchfiles.main[0m][0m [36mapi_variant[0m=[35mlocal_dev[0m [36mlanggraph_api_version[0m=[35m0.6.39[0m [36mthread_name[0m=[35mMainThread[0m
[2m2026-02-18T15:28:07.825368Z[0m [[32m[1minfo     [0m] [1m1 change detected             [0m [[0m[1m[34mwatchfiles.main[0m][0m [36mapi_variant[0m=[35mlocal_dev[0m [36mlanggraph_api_version[0m=[35m0.6.39[0m [36mthread_name[0m=[35mMainThread[0m
[2m2026-02-18T15:28:08.276727Z[0m [[32m[1minfo     [0m] [1m2 changes detected            [0m [[0m[1m[34mwatchfiles.main[0m][0m [36mapi_variant[0m=[35mlocal_dev[0m [36mlanggraph_api_version[0m=[35m0.6.39[0m [36mthread_name[0m=[35mMainThread[0m
[2m2026-02-18T15:28:18.351343Z[0m [[32m[1minfo     [0m] [1m4 changes detected            [0m [[0m[1m[34mwatchfiles.main[0m][0m [36mapi_variant[0m=[35mlocal_dev[0m [36mlanggraph_api_version[0m=[35m0.6.39[0m [36mthread_name[0m=[35mMainThread[0m
[2m2026-02-18T15:28:18.702256Z[0m [[32m[1minfo     [0m] [1m1 change detected             [0m [[0m[1m[34mwatchfiles.main[0m][0m [36mapi_variant[0m=[35mlocal_dev[0m [36mlanggraph_api_version[0m=[35m0.6.39[0m [36mthread_name[0m=[35mMainThread[0m
[2m2026-02-18T15:28:19.354178Z[0m [[32m[1minfo     [0m] [1m3 changes detected            [0m [[0m[1m[34mwatchfiles.main[0m][0m [36mapi_variant[0m=[35mlocal_dev[0m [36mlanggraph_api_version[0m=[35m0.6.39[0m [36mthread_name[0m=[35mMainThread[0m
[2m2026-02-18T15:28:19.705008Z[0m [[32m[1minfo     [0m] [1m1 change detected             [0m [[0m[1m[34mwatchfiles.main[0m][0m [36mapi_variant[0m=[35mlocal_dev[0m [36mlanggraph_api_version[0m=[35m0.6.39[0m [36mthread_name[0m=[35mMainThread[0m
[2m2026-02-18T15:28:20.156091Z[0m [[32m[1minfo     [0m] [1m2 changes detected            [0m [[0m[1m[34mwatchfiles.main[0m][0m [36mapi_variant[0m=[35mlocal_dev[0m [36mlanggraph_api_version[0m=[35m0.6.39[0m [36mthread_name[0m=[35mMainThread[0m
[2m2026-02-18T15:28:30.234540Z[0m [[32m[1minfo     [0m] [1m4 changes detected            [0m [[0m[1m[34mwatchfiles.main[0m][0m [36mapi_variant[0m=[35mlocal_dev[0m [36mlanggraph_api_version[0m=[35m0.6.39[0m [36mthread_name[0m=[35mMainThread[0m
[2m2026-02-18T15:28:30.585297Z[0m [[32m[1minfo     [0m] [1m1 change detected             [0m [[0m[1m[34mwatchfiles.main[0m][0m [36mapi_variant[0m=[35mlocal_dev[0m [36mlanggraph_api_version[0m=[35m0.6.39[0m [36mthread_name[0m=[35mMainThread[0m
[2m2026-02-18T15:28:30.935852Z[0m [[32m[1minfo     [0m] [1m3 changes detected            [0m [[0m[1m[34mwatchfiles.main[0m][0m [36mapi_variant[0m=[35mlocal_dev[0m [36mlanggraph_api_version[0m=[35m0.6.39[0m [36mthread_name[0m=[35mMainThread[0m
[2m2026-02-18T15:28:31.286535Z[0m [[32m[1minfo     [0m] [1m1 change detected             [0m [[0m[1m[34mwatchfiles.main[0m][0m [36mapi_variant[0m=[35mlocal_dev[0m [36mlanggraph_api_version[0m=[35m0.6.39[0m [36mthread_name[0m=[35mMainThread[0m
[2m2026-02-18T15:28:31.637309Z[0m [[32m[1minfo     [0m] [1m2 changes detected            [0m [[0m[1m[34mwatchfiles.main[0m][0m [36mapi_variant[0m=[35mlocal_dev[0m [36mlanggraph_api_version[0m=[35m0.6.39[0m [36mthread_name[0m=[35mMainThread[0m
[2m2026-02-18T15:28:41.665885Z[0m [[32m[1minfo     [0m] [1m4 changes detected            [0m [[0m[1m[34mwatchfiles.main[0m][0m [36mapi_variant[0m=[35mlocal_dev[0m [36mlanggraph_api_version[0m=[35m0.6.39[0m [36mthread_name[0m=[35mMainThread[0m
[2m2026-02-18T15:28:42.016859Z[0m [[32m[1minfo     [0m] [1m1 change detected             [0m [[0m[1m[34mwatchfiles.main[0m][0m [36mapi_variant[0m=[35mlocal_dev[0m [36mlanggraph_api_version[0m=[35m0.6.39[0m [36mthread_name[0m=[35mMainThread[0m
[2m2026-02-18T15:28:42.367721Z[0m [[32m[1minfo     [0m] [1m3 changes detected            [0m [[0m[1m[34mwatchfiles.main[0m][0m [36mapi_variant[0m=[35mlocal_dev[0m [36mlanggraph_api_version[0m=[35m0.6.39[0m [36mthread_name[0m=[35mMainThread[0m
[2m2026-02-18T15:28:42.718660Z[0m [[32m[1minfo     [0m] [1m1 change detected             [0m [[0m[1m[34mwatchfiles.main[0m][0m [36mapi_variant[0m=[35mlocal_dev[0m [36mlanggraph_api_version[0m=[35m0.6.39[0m [36mthread_name[0m=[35mMainThread[0m
[2m2026-02-18T15:28:43.069720Z[0m [[32m[1minfo     [0m] [1m2 changes detected            [0m [[0m[1m[34mwatchfiles.main[0m][0m [36mapi_variant[0m=[35mlocal_dev[0m [36mlanggraph_api_version[0m=[35m0.6.39[0m [36mthread_name[0m=[35mMainThread[0m
[2m2026-02-18T15:28:53.102588Z[0m [[32m[1minfo     [0m] [1m4 changes detected            [0m [[0m[1m[34mwatchfiles.main[0m][0m [36mapi_variant[0m=[35mlocal_dev[0m [36mlanggraph_api_version[0m=[35m0.6.39[0m [36mthread_name[0m=[35mMainThread[0m
[2m2026-02-18T15:28:53.453539Z[0m [[32m[1minfo     [0m] [1m1 change detected             [0m [[0m[1m[34mwatchfiles.main[0m][0m [36mapi_variant[0m=[35mlocal_dev[0m [36mlanggraph_api_version[0m=[35m0.6.39[0m [36mthread_name[0m=[35mMainThread[0m
[2m2026-02-18T15:28:53.854682Z[0m [[32m[1minfo     [0m] [1m3 changes detected            [0m [[0m[1m[34mwatchfiles.main[0m][0m [36mapi_variant[0m=[35mlocal_dev[0m [36mlanggraph_api_version[0m=[35m0.6.39[0m [36mthread_name[0m=[35mMainThread[0m
[2m2026-02-18T15:28:54.205810Z[0m [[32m[1minfo     [0m] [1m1 change detected             [0m [[0m[1m[34mwatchfiles.main[0m][0m [36mapi_variant[0m=[35mlocal_dev[0m [36mlanggraph_api_version[0m=[35m0.6.39[0m [36mthread_name[0m=[35mMainThread[0m
[2m2026-02-18T15:28:54.657191Z[0m [[32m[1minfo     [0m] [1m2 changes detected            [0m [[0m[1m[34mwatchfiles.main[0m][0m [36mapi_variant[0m=[35mlocal_dev[0m [36mlanggraph_api_version[0m=[35m0.6.39[0m [36mthread_name[0m=[35mMainThread[0m
[2m2026-02-18T15:28:58.954432Z[0m [[32m[1minfo     [0m] [1mHTTP Request: POST https://api.smith.langchain.com/v1/metadata/submit "HTTP/1.1 204 No Content"[0m [[0m[1m[34mhttpx[0m][0m [36mapi_variant[0m=[35mlocal_dev[0m [36mlanggraph_api_version[0m=[35m0.6.39[0m [36mthread_name[0m=[35mMainThread[0m
[2m2026-02-18T15:28:58.955989Z[0m [[32m[1minfo     [0m] [1mSuccessfully submitted metadata to LangSmith instance[0m [[0m[1m[34mlanggraph_api.metadata[0m][0m [36mapi_variant[0m=[35mlocal_dev[0m [36mlanggraph_api_version[0m=[35m0.6.39[0m [36mn_nodes[0m=[35m0[0m [36mn_runs[0m=[35m0[0m [36mthread_name[0m=[35mMainThread[0m
[2m2026-02-18T15:29:00.911097Z[0m [[32m[1minfo     [0m] [1mWorker stats                  [0m [[0m[1m[34mlanggraph_runtime_inmem.queue[0m][0m [36mactive[0m=[35m0[0m [36mapi_variant[0m=[35mlocal_dev[0m [36mavailable[0m=[35m1[0m [36mlanggraph_api_version[0m=[35m0.6.39[0m [36mmax[0m=[35m1[0m [36mthread_name[0m=[35masyncio_1[0m
[2m2026-02-18T15:29:01.413222Z[0m [[32m[1minfo     [0m] [1mQueue stats                   [0m [[0m[1m[34mlanggraph_runtime_inmem.queue[0m][0m [36mapi_variant[0m=[35mlocal_dev[0m [36mlanggraph_api_version[0m=[35m0.6.39[0m [36mn_pending[0m=[35m0[0m [36mn_running[0m=[35m0[0m [36mpending_runs_wait_time_max_secs[0m=[35mNone[0m [36mpending_runs_wait_time_med_secs[0m=[35mNone[0m [36mpending_unblocked_runs_wait_time_max_secs[0m=[35mNone[0m [36mthread_name[0m=[35masyncio_0[0m
[2m2026-02-18T15:29:04.733594Z[0m [[32m[1minfo     [0m] [1m4 changes detected            [0m [[0m[1m[34mwatchfiles.main[0m][0m [36mapi_variant[0m=[35mlocal_dev[0m [36mlanggraph_api_version[0m=[35m0.6.39[0m [36mthread_name[0m=[35mMainThread[0m
[2m2026-02-18T15:29:05.084580Z[0m [[32m[1minfo     [0m] [1m1 change detected             [0m [[0m[1m[34mwatchfiles.main[0m][0m [36mapi_variant[0m=[35mlocal_dev[0m [36mlanggraph_api_version[0m=[35m0.6.39[0m [36mthread_name[0m=[35mMainThread[0m
[2m2026-02-18T15:29:05.435477Z[0m [[32m[1minfo     [0m] [1m3 changes detected            [0m [[0m[1m[34mwatchfiles.main[0m][0m [36mapi_variant[0m=[35mlocal_dev[0m [36mlanggraph_api_version[0m=[35m0.6.39[0m [36mthread_name[0m=[35mMainThread[0m
[2m2026-02-18T15:29:05.786377Z[0m [[32m[1minfo     [0m] [1m1 change detected             [0m [[0m[1m[34mwatchfiles.main[0m][0m [36mapi_variant[0m=[35mlocal_dev[0m [36mlanggraph_api_version[0m=[35m0.6.39[0m [36mthread_name[0m=[35mMainThread[0m
[2m2026-02-18T15:29:06.187839Z[0m [[32m[1minfo     [0m] [1m2 changes detected            [0m [[0m[1m[34mwatchfiles.main[0m][0m [36mapi_variant[0m=[35mlocal_dev[0m [36mlanggraph_api_version[0m=[35m0.6.39[0m [36mthread_name[0m=[35mMainThread[0m
[2m2026-02-18T15:29:16.213669Z[0m [[32m[1minfo     [0m] [1m4 changes detected            [0m [[0m[1m[34mwatchfiles.main[0m][0m [36mapi_variant[0m=[35mlocal_dev[0m [36mlanggraph_api_version[0m=[35m0.6.39[0m [36mthread_name[0m=[35mMainThread[0m
[2m2026-02-18T15:29:16.564659Z[0m [[32m[1minfo     [0m] [1m1 change detected             [0m [[0m[1m[34mwatchfiles.main[0m][0m [36mapi_variant[0m=[35mlocal_dev[0m [36mlanggraph_api_version[0m=[35m0.6.39[0m [36mthread_name[0m=[35mMainThread[0m
[2m2026-02-18T15:29:16.915614Z[0m [[32m[1minfo     [0m] [1m3 changes detected            [0m [[0m[1m[34mwatchfiles.main[0m][0m [36mapi_variant[0m=[35mlocal_dev[0m [36mlanggraph_api_version[0m=[35m0.6.39[0m [36mthread_name[0m=[35mMainThread[0m
[2m2026-02-18T15:29:17.266594Z[0m [[32m[1minfo     [0m] [1m1 change detected             [0m [[0m[1m[34mwatchfiles.main[0m][0m [36mapi_variant[0m=[35mlocal_dev[0m [36mlanggraph_api_version[0m=[35m0.6.39[0m [36mthread_name[0m=[35mMainThread[0m
[2m2026-02-18T15:29:17.617853Z[0m [[32m[1minfo     [0m] [1m2 changes detected            [0m [[0m[1m[34mwatchfiles.main[0m][0m [36mapi_variant[0m=[35mlocal_dev[0m [36mlanggraph_api_version[0m=[35m0.6.39[0m [36mthread_name[0m=[35mMainThread[0m
[2m2026-02-18T15:29:27.593835Z[0m [[32m[1minfo     [0m] [1m4 changes detected            [0m [[0m[1m[34mwatchfiles.main[0m][0m [36mapi_variant[0m=[35mlocal_dev[0m [36mlanggraph_api_version[0m=[35m0.6.39[0m [36mthread_name[0m=[35mMainThread[0m
[2m2026-02-18T15:29:27.944834Z[0m [[32m[1minfo     [0m] [1m1 change detected             [0m [[0m[1m[34mwatchfiles.main[0m][0m [36mapi_variant[0m=[35mlocal_dev[0m [36mlanggraph_api_version[0m=[35m0.6.39[0m [36mthread_name[0m=[35mMainThread[0m
[2m2026-02-18T15:29:28.546559Z[0m [[32m[1minfo     [0m] [1m3 changes detected            [0m [[0m[1m[34mwatchfiles.main[0m][0m [36mapi_variant[0m=[35mlocal_dev[0m [36mlanggraph_api_version[0m=[35m0.6.39[0m [36mthread_name[0m=[35mMainThread[0m
[2m2026-02-18T15:29:28.897401Z[0m [[32m[1minfo     [0m] [1m1 change detected             [0m [[0m[1m[34mwatchfiles.main[0m][0m [36mapi_variant[0m=[35mlocal_dev[0m [36mlanggraph_api_version[0m=[35m0.6.39[0m [36mthread_name[0m=[35mMainThread[0m
[2m2026-02-18T15:29:29.348498Z[0m [[32m[1minfo     [0m] [1m2 changes detected            [0m [[0m[1m[34mwatchfiles.main[0m][0m [36mapi_variant[0m=[35mlocal_dev[0m [36mlanggraph_api_version[0m=[35m0.6.39[0m [36mthread_name[0m=[35mMainThread[0m
[2m2026-02-18T15:29:39.423421Z[0m [[32m[1minfo     [0m] [1m4 changes detected            [0m [[0m[1m[34mwatchfiles.main[0m][0m [36mapi_variant[0m=[35mlocal_dev[0m [36mlanggraph_api_version[0m=[35m0.6.39[0m [36mthread_name[0m=[35mMainThread[0m
[2m2026-02-18T15:29:39.774377Z[0m [[32m[1minfo     [0m] [1m1 change detected             [0m [[0m[1m[34mwatchfiles.main[0m][0m [36mapi_variant[0m=[35mlocal_dev[0m [36mlanggraph_api_version[0m=[35m0.6.39[0m [36mthread_name[0m=[35mMainThread[0m
[2m2026-02-18T15:29:40.726954Z[0m [[32m[1minfo     [0m] [1m3 changes detected            [0m [[0m[1m[34mwatchfiles.main[0m][0m [36mapi_variant[0m=[35mlocal_dev[0m [36mlanggraph_api_version[0m=[35m0.6.39[0m [36mthread_name[0m=[35mMainThread[0m
[2m2026-02-18T15:29:41.077661Z[0m [[32m[1minfo     [0m] [1m1 change detected             [0m [[0m[1m[34mwatchfiles.main[0m][0m [36mapi_variant[0m=[35mlocal_dev[0m [36mlanggraph_api_version[0m=[35m0.6.39[0m [36mthread_name[0m=[35mMainThread[0m
[2m2026-02-18T15:29:41.528787Z[0m [[32m[1minfo     [0m] [1m2 changes detected            [0m [[0m[1m[34mwatchfiles.main[0m][0m [36mapi_variant[0m=[35mlocal_dev[0m [36mlanggraph_api_version[0m=[35m0.6.39[0m [36mthread_name[0m=[35mMainThread[0m
[2m2026-02-18T15:29:51.603072Z[0m [[32m[1minfo     [0m] [1m4 changes detected            [0m [[0m[1m[34mwatchfiles.main[0m][0m [36mapi_variant[0m=[35mlocal_dev[0m [36mlanggraph_api_version[0m=[35m0.6.39[0m [36mthread_name[0m=[35mMainThread[0m
[2m2026-02-18T15:29:51.954024Z[0m [[32m[1minfo     [0m] [1m1 change detected             [0m [[0m[1m[34mwatchfiles.main[0m][0m [36mapi_variant[0m=[35mlocal_dev[0m [36mlanggraph_api_version[0m=[35m0.6.39[0m [36mthread_name[0m=[35mMainThread[0m
[2m2026-02-18T15:29:52.605695Z[0m [[32m[1minfo     [0m] [1m3 changes detected            [0m [[0m[1m[34mwatchfiles.main[0m][0m [36mapi_variant[0m=[35mlocal_dev[0m [36mlanggraph_api_version[0m=[35m0.6.39[0m [36mthread_name[0m=[35mMainThread[0m
[2m2026-02-18T15:29:52.956741Z[0m [[32m[1minfo     [0m] [1m1 change detected             [0m [[0m[1m[34mwatchfiles.main[0m][0m [36mapi_variant[0m=[35mlocal_dev[0m [36mlanggraph_api_version[0m=[35m0.6.39[0m [36mthread_name[0m=[35mMainThread[0m
[2m2026-02-18T15:29:53.408279Z[0m [[32m[1minfo     [0m] [1m2 changes detected            [0m [[0m[1m[34mwatchfiles.main[0m][0m [36mapi_variant[0m=[35mlocal_dev[0m [36mlanggraph_api_version[0m=[35m0.6.39[0m [36mthread_name[0m=[35mMainThread[0m
[2m2026-02-18T15:30:01.137199Z[0m [[32m[1minfo     [0m] [1mWorker stats                  [0m [[0m[1m[34mlanggraph_runtime_inmem.queue[0m][0m [36mactive[0m=[35m0[0m [36mapi_variant[0m=[35mlocal_dev[0m [36mavailable[0m=[35m1[0m [36mlanggraph_api_version[0m=[35m0.6.39[0m [36mmax[0m=[35m1[0m [36mthread_name[0m=[35masyncio_0[0m
[2m2026-02-18T15:30:01.640177Z[0m [[32m[1minfo     [0m] [1mQueue stats                   [0m [[0m[1m[34mlanggraph_runtime_inmem.queue[0m][0m [36mapi_variant[0m=[35mlocal_dev[0m [36mlanggraph_api_version[0m=[35m0.6.39[0m [36mn_pending[0m=[35m0[0m [36mn_running[0m=[35m0[0m [36mpending_runs_wait_time_max_secs[0m=[35mNone[0m [36mpending_runs_wait_time_med_secs[0m=[35mNone[0m [36mpending_unblocked_runs_wait_time_max_secs[0m=[35mNone[0m [36mthread_name[0m=[35masyncio_0[0m
[2m2026-02-18T15:30:03.484230Z[0m [[32m[1minfo     [0m] [1m4 changes detected            [0m [[0m[1m[34mwatchfiles.main[0m][0m [36mapi_variant[0m=[35mlocal_dev[0m [36mlanggraph_api_version[0m=[35m0.6.39[0m [36mthread_name[0m=[35mMainThread[0m
[2m2026-02-18T15:30:03.835162Z[0m [[32m[1minfo     [0m] [1m1 change detected             [0m [[0m[1m[34mwatchfiles.main[0m][0m [36mapi_variant[0m=[35mlocal_dev[0m [36mlanggraph_api_version[0m=[35m0.6.39[0m [36mthread_name[0m=[35mMainThread[0m
[2m2026-02-18T15:30:04.386769Z[0m [[32m[1minfo     [0m] [1m3 changes detected            [0m [[0m[1m[34mwatchfiles.main[0m][0m [36mapi_variant[0m=[35mlocal_dev[0m [36mlanggraph_api_version[0m=[35m0.6.39[0m [36mthread_name[0m=[35mMainThread[0m
[2m2026-02-18T15:30:04.737681Z[0m [[32m[1minfo     [0m] [1m1 change detected             [0m [[0m[1m[34mwatchfiles.main[0m][0m [36mapi_variant[0m=[35mlocal_dev[0m [36mlanggraph_api_version[0m=[35m0.6.39[0m [36mthread_name[0m=[35mMainThread[0m
[2m2026-02-18T15:30:05.189158Z[0m [[32m[1minfo     [0m] [1m2 changes detected            [0m [[0m[1m[34mwatchfiles.main[0m][0m [36mapi_variant[0m=[35mlocal_dev[0m [36mlanggraph_api_version[0m=[35m0.6.39[0m [36mthread_name[0m=[35mMainThread[0m
[2m2026-02-18T15:30:15.266167Z[0m [[32m[1minfo     [0m] [1m4 changes detected            [0m [[0m[1m[34mwatchfiles.main[0m][0m [36mapi_variant[0m=[35mlocal_dev[0m [36mlanggraph_api_version[0m=[35m0.6.39[0m [36mthread_name[0m=[35mMainThread[0m
[2m2026-02-18T15:30:15.617093Z[0m [[32m[1minfo     [0m] [1m1 change detected             [0m [[0m[1m[34mwatchfiles.main[0m][0m [36mapi_variant[0m=[35mlocal_dev[0m [36mlanggraph_api_version[0m=[35m0.6.39[0m [36mthread_name[0m=[35mMainThread[0m
[2m2026-02-18T15:30:15.968063Z[0m [[32m[1minfo     [0m] [1m3 changes detected            [0m [[0m[1m[34mwatchfiles.main[0m][0m [36mapi_variant[0m=[35mlocal_dev[0m [36mlanggraph_api_version[0m=[35m0.6.39[0m [36mthread_name[0m=[35mMainThread[0m
[2m2026-02-18T15:30:16.319024Z[0m [[32m[1minfo     [0m] [1m1 change detected             [0m [[0m[1m[34mwatchfiles.main[0m][0m [36mapi_variant[0m=[35mlocal_dev[0m [36mlanggraph_api_version[0m=[35m0.6.39[0m [36mthread_name[0m=[35mMainThread[0m
[2m2026-02-18T15:30:16.670273Z[0m [[32m[1minfo     [0m] [1m2 changes detected            [0m [[0m[1m[34mwatchfiles.main[0m][0m [36mapi_variant[0m=[35mlocal_dev[0m [36mlanggraph_api_version[0m=[35m0.6.39[0m [36mthread_name[0m=[35mMainThread[0m
[2m2026-02-18T15:30:26.696352Z[0m [[32m[1minfo     [0m] [1m4 changes detected            [0m [[0m[1m[34mwatchfiles.main[0m][0m [36mapi_variant[0m=[35mlocal_dev[0m [36mlanggraph_api_version[0m=[35m0.6.39[0m [36mthread_name[0m=[35mMainThread[0m
[2m2026-02-18T15:30:27.047206Z[0m [[32m[1minfo     [0m] [1m1 change detected             [0m [[0m[1m[34mwatchfiles.main[0m][0m [36mapi_variant[0m=[35mlocal_dev[0m [36mlanggraph_api_version[0m=[35m0.6.39[0m [36mthread_name[0m=[35mMainThread[0m
[2m2026-02-18T15:30:27.398141Z[0m [[32m[1minfo     [0m] [1m3 changes detected            [0m [[0m[1m[34mwatchfiles.main[0m][0m [36mapi_variant[0m=[35mlocal_dev[0m [36mlanggraph_api_version[0m=[35m0.6.39[0m [36mthread_name[0m=[35mMainThread[0m
[2m2026-02-18T15:30:27.748980Z[0m [[32m[1minfo     [0m] [1m1 change detected             [0m [[0m[1m[34mwatchfiles.main[0m][0m [36mapi_variant[0m=[35mlocal_dev[0m [36mlanggraph_api_version[0m=[35m0.6.39[0m [36mthread_name[0m=[35mMainThread[0m
[2m2026-02-18T15:30:28.150088Z[0m [[32m[1minfo     [0m] [1m2 changes detected            [0m [[0m[1m[34mwatchfiles.main[0m][0m [36mapi_variant[0m=[35mlocal_dev[0m [36mlanggraph_api_version[0m=[35m0.6.39[0m [36mthread_name[0m=[35mMainThread[0m
[2m2026-02-18T15:30:38.275992Z[0m [[32m[1minfo     [0m] [1m4 changes detected            [0m [[0m[1m[34mwatchfiles.main[0m][0m [36mapi_variant[0m=[35mlocal_dev[0m [36mlanggraph_api_version[0m=[35m0.6.39[0m [36mthread_name[0m=[35mMainThread[0m
[2m2026-02-18T15:30:38.626995Z[0m [[32m[1minfo     [0m] [1m1 change detected             [0m [[0m[1m[34mwatchfiles.main[0m][0m [36mapi_variant[0m=[35mlocal_dev[0m [36mlanggraph_api_version[0m=[35m0.6.39[0m [36mthread_name[0m=[35mMainThread[0m
[2m2026-02-18T15:30:38.977921Z[0m [[32m[1minfo     [0m] [1m3 changes detected            [0m [[0m[1m[34mwatchfiles.main[0m][0m [36mapi_variant[0m=[35mlocal_dev[0m [36mlanggraph_api_version[0m=[35m0.6.39[0m [36mthread_name[0m=[35mMainThread[0m
[2m2026-02-18T15:30:39.328872Z[0m [[32m[1minfo     [0m] [1m1 change detected             [0m [[0m[1m[34mwatchfiles.main[0m][0m [36mapi_variant[0m=[35mlocal_dev[0m [36mlanggraph_api_version[0m=[35m0.6.39[0m [36mthread_name[0m=[35mMainThread[0m
[2m2026-02-18T15:30:39.680082Z[0m [[32m[1minfo     [0m] [1m2 changes detected            [0m [[0m[1m[34mwatchfiles.main[0m][0m [36mapi_variant[0m=[35mlocal_dev[0m [36mlanggraph_api_version[0m=[35m0.6.39[0m [36mthread_name[0m=[35mMainThread[0m
[2m2026-02-18T15:30:49.654605Z[0m [[32m[1minfo     [0m] [1m4 changes detected            [0m [[0m[1m[34mwatchfiles.main[0m][0m [36mapi_variant[0m=[35mlocal_dev[0m [36mlanggraph_api_version[0m=[35m0.6.39[0m [36mthread_name[0m=[35mMainThread[0m
[2m2026-02-18T15:30:50.008025Z[0m [[32m[1minfo     [0m] [1m1 change detected             [0m [[0m[1m[34mwatchfiles.main[0m][0m [36mapi_variant[0m=[35mlocal_dev[0m [36mlanggraph_api_version[0m=[35m0.6.39[0m [36mthread_name[0m=[35mMainThread[0m
[2m2026-02-18T15:30:50.409158Z[0m [[32m[1minfo     [0m] [1m3 changes detected            [0m [[0m[1m[34mwatchfiles.main[0m][0m [36mapi_variant[0m=[35mlocal_dev[0m [36mlanggraph_api_version[0m=[35m0.6.39[0m [36mthread_name[0m=[35mMainThread[0m
[2m2026-02-18T15:30:50.760013Z[0m [[32m[1minfo     [0m] [1m1 change detected             [0m [[0m[1m[34mwatchfiles.main[0m][0m [36mapi_variant[0m=[35mlocal_dev[0m [36mlanggraph_api_version[0m=[35m0.6.39[0m [36mthread_name[0m=[35mMainThread[0m
[2m2026-02-18T15:30:51.511794Z[0m [[32m[1minfo     [0m] [1m2 changes detected            [0m [[0m[1m[34mwatchfiles.main[0m][0m [36mapi_variant[0m=[35mlocal_dev[0m [36mlanggraph_api_version[0m=[35m0.6.39[0m [36mthread_name[0m=[35mMainThread[0m
[2m2026-02-18T15:31:01.397377Z[0m [[32m[1minfo     [0m] [1mWorker stats                  [0m [[0m[1m[34mlanggraph_runtime_inmem.queue[0m][0m [36mactive[0m=[35m0[0m [36mapi_variant[0m=[35mlocal_dev[0m [36mavailable[0m=[35m1[0m [36mlanggraph_api_version[0m=[35m0.6.39[0m [36mmax[0m=[35m1[0m [36mthread_name[0m=[35masyncio_0[0m
[2m2026-02-18T15:31:01.587268Z[0m [[32m[1minfo     [0m] [1m4 changes detected            [0m [[0m[1m[34mwatchfiles.main[0m][0m [36mapi_variant[0m=[35mlocal_dev[0m [36mlanggraph_api_version[0m=[35m0.6.39[0m [36mthread_name[0m=[35mMainThread[0m
[2m2026-02-18T15:31:01.900141Z[0m [[32m[1minfo     [0m] [1mQueue stats                   [0m [[0m[1m[34mlanggraph_runtime_inmem.queue[0m][0m [36mapi_variant[0m=[35mlocal_dev[0m [36mlanggraph_api_version[0m=[35m0.6.39[0m [36mn_pending[0m=[35m0[0m [36mn_running[0m=[35m0[0m [36mpending_runs_wait_time_max_secs[0m=[35mNone[0m [36mpending_runs_wait_time_med_secs[0m=[35mNone[0m [36mpending_unblocked_runs_wait_time_max_secs[0m=[35mNone[0m [36mthread_name[0m=[35masyncio_0[0m
[2m2026-02-18T15:31:01.938204Z[0m [[32m[1minfo     [0m] [1m1 change detected             [0m [[0m[1m[34mwatchfiles.main[0m][0m [36mapi_variant[0m=[35mlocal_dev[0m [36mlanggraph_api_version[0m=[35m0.6.39[0m [36mthread_name[0m=[35mMainThread[0m
[2m2026-02-18T15:31:02.289207Z[0m [[32m[1minfo     [0m] [1m3 changes detected            [0m [[0m[1m[34mwatchfiles.main[0m][0m [36mapi_variant[0m=[35mlocal_dev[0m [36mlanggraph_api_version[0m=[35m0.6.39[0m [36mthread_name[0m=[35mMainThread[0m
[2m2026-02-18T15:31:02.640086Z[0m [[32m[1minfo     [0m] [1m1 change detected             [0m [[0m[1m[34mwatchfiles.main[0m][0m [36mapi_variant[0m=[35mlocal_dev[0m [36mlanggraph_api_version[0m=[35m0.6.39[0m [36mthread_name[0m=[35mMainThread[0m
[2m2026-02-18T15:31:02.991289Z[0m [[32m[1minfo     [0m] [1m2 changes detected            [0m [[0m[1m[34mwatchfiles.main[0m][0m [36mapi_variant[0m=[35mlocal_dev[0m [36mlanggraph_api_version[0m=[35m0.6.39[0m [36mthread_name[0m=[35mMainThread[0m
[2m2026-02-18T15:31:13.016922Z[0m [[32m[1minfo     [0m] [1m4 changes detected            [0m [[0m[1m[34mwatchfiles.main[0m][0m [36mapi_variant[0m=[35mlocal_dev[0m [36mlanggraph_api_version[0m=[35m0.6.39[0m [36mthread_name[0m=[35mMainThread[0m
[2m2026-02-18T15:31:13.367635Z[0m [[32m[1minfo     [0m] [1m1 change detected             [0m [[0m[1m[34mwatchfiles.main[0m][0m [36mapi_variant[0m=[35mlocal_dev[0m [36mlanggraph_api_version[0m=[35m0.6.39[0m [36mthread_name[0m=[35mMainThread[0m
[2m2026-02-18T15:31:13.718212Z[0m [[32m[1minfo     [0m] [1m3 changes detected            [0m [[0m[1m[34mwatchfiles.main[0m][0m [36mapi_variant[0m=[35mlocal_dev[0m [36mlanggraph_api_version[0m=[35m0.6.39[0m [36mthread_name[0m=[35mMainThread[0m
[2m2026-02-18T15:31:14.069215Z[0m [[32m[1minfo     [0m] [1m1 change detected             [0m [[0m[1m[34mwatchfiles.main[0m][0m [36mapi_variant[0m=[35mlocal_dev[0m [36mlanggraph_api_version[0m=[35m0.6.39[0m [36mthread_name[0m=[35mMainThread[0m
[2m2026-02-18T15:31:14.420487Z[0m [[32m[1minfo     [0m] [1m2 changes detected            [0m [[0m[1m[34mwatchfiles.main[0m][0m [36mapi_variant[0m=[35mlocal_dev[0m [36mlanggraph_api_version[0m=[35m0.6.39[0m [36mthread_name[0m=[35mMainThread[0m
[2m2026-02-18T15:31:24.396287Z[0m [[32m[1minfo     [0m] [1m4 changes detected            [0m [[0m[1m[34mwatchfiles.main[0m][0m [36mapi_variant[0m=[35mlocal_dev[0m [36mlanggraph_api_version[0m=[35m0.6.39[0m [36mthread_name[0m=[35mMainThread[0m
[2m2026-02-18T15:31:24.746975Z[0m [[32m[1minfo     [0m] [1m1 change detected             [0m [[0m[1m[34mwatchfiles.main[0m][0m [36mapi_variant[0m=[35mlocal_dev[0m [36mlanggraph_api_version[0m=[35m0.6.39[0m [36mthread_name[0m=[35mMainThread[0m
[2m2026-02-18T15:31:25.097676Z[0m [[32m[1minfo     [0m] [1m3 changes detected            [0m [[0m[1m[34mwatchfiles.main[0m][0m [36mapi_variant[0m=[35mlocal_dev[0m [36mlanggraph_api_version[0m=[35m0.6.39[0m [36mthread_name[0m=[35mMainThread[0m
[2m2026-02-18T15:31:25.448578Z[0m [[32m[1minfo     [0m] [1m1 change detected             [0m [[0m[1m[34mwatchfiles.main[0m][0m [36mapi_variant[0m=[35mlocal_dev[0m [36mlanggraph_api_version[0m=[35m0.6.39[0m [36mthread_name[0m=[35mMainThread[0m
[2m2026-02-18T15:31:25.799774Z[0m [[32m[1minfo     [0m] [1m2 changes detected            [0m [[0m[1m[34mwatchfiles.main[0m][0m [36mapi_variant[0m=[35mlocal_dev[0m [36mlanggraph_api_version[0m=[35m0.6.39[0m [36mthread_name[0m=[35mMainThread[0m
[2m2026-02-18T15:31:35.726620Z[0m [[32m[1minfo     [0m] [1m1 change detected             [0m [[0m[1m[34mwatchfiles.main[0m][0m [36mapi_variant[0m=[35mlocal_dev[0m [36mlanggraph_api_version[0m=[35m0.6.39[0m [36mthread_name[0m=[35mMainThread[0m
[2m2026-02-18T15:31:36.077483Z[0m [[32m[1minfo     [0m] [1m3 changes detected            [0m [[0m[1m[34mwatchfiles.main[0m][0m [36mapi_variant[0m=[35mlocal_dev[0m [36mlanggraph_api_version[0m=[35m0.6.39[0m [36mthread_name[0m=[35mMainThread[0m
[2m2026-02-18T15:31:36.428694Z[0m [[32m[1minfo     [0m] [1m3 changes detected            [0m [[0m[1m[34mwatchfiles.main[0m][0m [36mapi_variant[0m=[35mlocal_dev[0m [36mlanggraph_api_version[0m=[35m0.6.39[0m [36mthread_name[0m=[35mMainThread[0m
[2m2026-02-18T15:31:36.779681Z[0m [[32m[1minfo     [0m] [1m1 change detected             [0m [[0m[1m[34mwatchfiles.main[0m][0m [36mapi_variant[0m=[35mlocal_dev[0m [36mlanggraph_api_version[0m=[35m0.6.39[0m [36mthread_name[0m=[35mMainThread[0m
[2m2026-02-18T15:31:37.130674Z[0m [[32m[1minfo     [0m] [1m2 changes detected            [0m [[0m[1m[34mwatchfiles.main[0m][0m [36mapi_variant[0m=[35mlocal_dev[0m [36mlanggraph_api_version[0m=[35m0.6.39[0m [36mthread_name[0m=[35mMainThread[0m
[2m2026-02-18T15:31:47.205443Z[0m [[32m[1minfo     [0m] [1m4 changes detected            [0m [[0m[1m[34mwatchfiles.main[0m][0m [36mapi_variant[0m=[35mlocal_dev[0m [36mlanggraph_api_version[0m=[35m0.6.39[0m [36mthread_name[0m=[35mMainThread[0m
[2m2026-02-18T15:31:47.556363Z[0m [[32m[1minfo     [0m] [1m1 change detected             [0m [[0m[1m[34mwatchfiles.main[0m][0m [36mapi_variant[0m=[35mlocal_dev[0m [36mlanggraph_api_version[0m=[35m0.6.39[0m [36mthread_name[0m=[35mMainThread[0m
[2m2026-02-18T15:31:47.907440Z[0m [[32m[1minfo     [0m] [1m3 changes detected            [0m [[0m[1m[34mwatchfiles.main[0m][0m [36mapi_variant[0m=[35mlocal_dev[0m [36mlanggraph_api_version[0m=[35m0.6.39[0m [36mthread_name[0m=[35mMainThread[0m
[2m2026-02-18T15:31:48.258429Z[0m [[32m[1minfo     [0m] [1m1 change detected             [0m [[0m[1m[34mwatchfiles.main[0m][0m [36mapi_variant[0m=[35mlocal_dev[0m [36mlanggraph_api_version[0m=[35m0.6.39[0m [36mthread_name[0m=[35mMainThread[0m
[2m2026-02-18T15:31:48.609747Z[0m [[32m[1minfo     [0m] [1m2 changes detected            [0m [[0m[1m[34mwatchfiles.main[0m][0m [36mapi_variant[0m=[35mlocal_dev[0m [36mlanggraph_api_version[0m=[35m0.6.39[0m [36mthread_name[0m=[35mMainThread[0m
[2m2026-02-18T15:31:58.586566Z[0m [[32m[1minfo     [0m] [1m4 changes detected            [0m [[0m[1m[34mwatchfiles.main[0m][0m [36mapi_variant[0m=[35mlocal_dev[0m [36mlanggraph_api_version[0m=[35m0.6.39[0m [36mthread_name[0m=[35mMainThread[0m
[2m2026-02-18T15:31:58.937361Z[0m [[32m[1minfo     [0m] [1m1 change detected             [0m [[0m[1m[34mwatchfiles.main[0m][0m [36mapi_variant[0m=[35mlocal_dev[0m [36mlanggraph_api_version[0m=[35m0.6.39[0m [36mthread_name[0m=[35mMainThread[0m
[2m2026-02-18T15:31:59.287960Z[0m [[32m[1minfo     [0m] [1m3 changes detected            [0m [[0m[1m[34mwatchfiles.main[0m][0m [36mapi_variant[0m=[35mlocal_dev[0m [36mlanggraph_api_version[0m=[35m0.6.39[0m [36mthread_name[0m=[35mMainThread[0m
[2m2026-02-18T15:31:59.638938Z[0m [[32m[1minfo     [0m] [1m1 change detected             [0m [[0m[1m[34mwatchfiles.main[0m][0m [36mapi_variant[0m=[35mlocal_dev[0m [36mlanggraph_api_version[0m=[35m0.6.39[0m [36mthread_name[0m=[35mMainThread[0m
[2m2026-02-18T15:31:59.990228Z[0m [[32m[1minfo     [0m] [1m2 changes detected            [0m [[0m[1m[34mwatchfiles.main[0m][0m [36mapi_variant[0m=[35mlocal_dev[0m [36mlanggraph_api_version[0m=[35m0.6.39[0m [36mthread_name[0m=[35mMainThread[0m
[2m2026-02-18T15:32:01.637596Z[0m [[32m[1minfo     [0m] [1mWorker stats                  [0m [[0m[1m[34mlanggraph_runtime_inmem.queue[0m][0m [36mactive[0m=[35m0[0m [36mapi_variant[0m=[35mlocal_dev[0m [36mavailable[0m=[35m1[0m [36mlanggraph_api_version[0m=[35m0.6.39[0m [36mmax[0m=[35m1[0m [36mthread_name[0m=[35masyncio_0[0m
[2m2026-02-18T15:32:02.140670Z[0m [[32m[1minfo     [0m] [1mQueue stats                   [0m [[0m[1m[34mlanggraph_runtime_inmem.queue[0m][0m [36mapi_variant[0m=[35mlocal_dev[0m [36mlanggraph_api_version[0m=[35m0.6.39[0m [36mn_pending[0m=[35m0[0m [36mn_running[0m=[35m0[0m [36mpending_runs_wait_time_max_secs[0m=[35mNone[0m [36mpending_runs_wait_time_med_secs[0m=[35mNone[0m [36mpending_unblocked_runs_wait_time_max_secs[0m=[35mNone[0m [36mthread_name[0m=[35masyncio_0[0m
[2m2026-02-18T15:32:09.914835Z[0m [[32m[1minfo     [0m] [1m4 changes detected            [0m [[0m[1m[34mwatchfiles.main[0m][0m [36mapi_variant[0m=[35mlocal_dev[0m [36mlanggraph_api_version[0m=[35m0.6.39[0m [36mthread_name[0m=[35mMainThread[0m
[2m2026-02-18T15:32:10.265864Z[0m [[32m[1minfo     [0m] [1m1 change detected             [0m [[0m[1m[34mwatchfiles.main[0m][0m [36mapi_variant[0m=[35mlocal_dev[0m [36mlanggraph_api_version[0m=[35m0.6.39[0m [36mthread_name[0m=[35mMainThread[0m
[2m2026-02-18T15:32:10.616743Z[0m [[32m[1minfo     [0m] [1m3 changes detected            [0m [[0m[1m[34mwatchfiles.main[0m][0m [36mapi_variant[0m=[35mlocal_dev[0m [36mlanggraph_api_version[0m=[35m0.6.39[0m [36mthread_name[0m=[35mMainThread[0m
[2m2026-02-18T15:32:10.967752Z[0m [[32m[1minfo     [0m] [1m1 change detected             [0m [[0m[1m[34mwatchfiles.main[0m][0m [36mapi_variant[0m=[35mlocal_dev[0m [36mlanggraph_api_version[0m=[35m0.6.39[0m [36mthread_name[0m=[35mMainThread[0m
[2m2026-02-18T15:32:11.318996Z[0m [[32m[1minfo     [0m] [1m2 changes detected            [0m [[0m[1m[34mwatchfiles.main[0m][0m [36mapi_variant[0m=[35mlocal_dev[0m [36mlanggraph_api_version[0m=[35m0.6.39[0m [36mthread_name[0m=[35mMainThread[0m
[2m2026-02-18T15:32:21.295963Z[0m [[32m[1minfo     [0m] [1m4 changes detected            [0m [[0m[1m[34mwatchfiles.main[0m][0m [36mapi_variant[0m=[35mlocal_dev[0m [36mlanggraph_api_version[0m=[35m0.6.39[0m [36mthread_name[0m=[35mMainThread[0m
[2m2026-02-18T15:32:21.646796Z[0m [[32m[1minfo     [0m] [1m1 change detected             [0m [[0m[1m[34mwatchfiles.main[0m][0m [36mapi_variant[0m=[35mlocal_dev[0m [36mlanggraph_api_version[0m=[35m0.6.39[0m [36mthread_name[0m=[35mMainThread[0m
[2m2026-02-18T15:32:21.997779Z[0m [[32m[1minfo     [0m] [1m3 changes detected            [0m [[0m[1m[34mwatchfiles.main[0m][0m [36mapi_variant[0m=[35mlocal_dev[0m [36mlanggraph_api_version[0m=[35m0.6.39[0m [36mthread_name[0m=[35mMainThread[0m
[2m2026-02-18T15:32:22.348788Z[0m [[32m[1minfo     [0m] [1m1 change detected             [0m [[0m[1m[34mwatchfiles.main[0m][0m [36mapi_variant[0m=[35mlocal_dev[0m [36mlanggraph_api_version[0m=[35m0.6.39[0m [36mthread_name[0m=[35mMainThread[0m
[2m2026-02-18T15:32:22.700053Z[0m [[32m[1minfo     [0m] [1m2 changes detected            [0m [[0m[1m[34mwatchfiles.main[0m][0m [36mapi_variant[0m=[35mlocal_dev[0m [36mlanggraph_api_version[0m=[35m0.6.39[0m [36mthread_name[0m=[35mMainThread[0m
[2m2026-02-18T15:32:32.674698Z[0m [[32m[1minfo     [0m] [1m4 changes detected            [0m [[0m[1m[34mwatchfiles.main[0m][0m [36mapi_variant[0m=[35mlocal_dev[0m [36mlanggraph_api_version[0m=[35m0.6.39[0m [36mthread_name[0m=[35mMainThread[0m
[2m2026-02-18T15:32:33.025325Z[0m [[32m[1minfo     [0m] [1m1 change detected             [0m [[0m[1m[34mwatchfiles.main[0m][0m [36mapi_variant[0m=[35mlocal_dev[0m [36mlanggraph_api_version[0m=[35m0.6.39[0m [36mthread_name[0m=[35mMainThread[0m
[2m2026-02-18T15:32:33.375840Z[0m [[32m[1minfo     [0m] [1m3 changes detected            [0m [[0m[1m[34mwatchfiles.main[0m][0m [36mapi_variant[0m=[35mlocal_dev[0m [36mlanggraph_api_version[0m=[35m0.6.39[0m [36mthread_name[0m=[35mMainThread[0m
[2m2026-02-18T15:32:33.726874Z[0m [[32m[1minfo     [0m] [1m1 change detected             [0m [[0m[1m[34mwatchfiles.main[0m][0m [36mapi_variant[0m=[35mlocal_dev[0m [36mlanggraph_api_version[0m=[35m0.6.39[0m [36mthread_name[0m=[35mMainThread[0m
[2m2026-02-18T15:32:34.079647Z[0m [[32m[1minfo     [0m] [1m2 changes detected            [0m [[0m[1m[34mwatchfiles.main[0m][0m [36mapi_variant[0m=[35mlocal_dev[0m [36mlanggraph_api_version[0m=[35m0.6.39[0m [36mthread_name[0m=[35mMainThread[0m
[2m2026-02-18T15:32:44.006773Z[0m [[32m[1minfo     [0m] [1m4 changes detected            [0m [[0m[1m[34mwatchfiles.main[0m][0m [36mapi_variant[0m=[35mlocal_dev[0m [36mlanggraph_api_version[0m=[35m0.6.39[0m [36mthread_name[0m=[35mMainThread[0m
[2m2026-02-18T15:32:44.357557Z[0m [[32m[1minfo     [0m] [1m1 change detected             [0m [[0m[1m[34mwatchfiles.main[0m][0m [36mapi_variant[0m=[35mlocal_dev[0m [36mlanggraph_api_version[0m=[35m0.6.39[0m [36mthread_name[0m=[35mMainThread[0m
[2m2026-02-18T15:32:44.708201Z[0m [[32m[1minfo     [0m] [1m3 changes detected            [0m [[0m[1m[34mwatchfiles.main[0m][0m [36mapi_variant[0m=[35mlocal_dev[0m [36mlanggraph_api_version[0m=[35m0.6.39[0m [36mthread_name[0m=[35mMainThread[0m
[2m2026-02-18T15:32:45.059164Z[0m [[32m[1minfo     [0m] [1m1 change detected             [0m [[0m[1m[34mwatchfiles.main[0m][0m [36mapi_variant[0m=[35mlocal_dev[0m [36mlanggraph_api_version[0m=[35m0.6.39[0m [36mthread_name[0m=[35mMainThread[0m
[2m2026-02-18T15:32:45.410437Z[0m [[32m[1minfo     [0m] [1m2 changes detected            [0m [[0m[1m[34mwatchfiles.main[0m][0m [36mapi_variant[0m=[35mlocal_dev[0m [36mlanggraph_api_version[0m=[35m0.6.39[0m [36mthread_name[0m=[35mMainThread[0m
[2m2026-02-18T15:32:55.336833Z[0m [[32m[1minfo     [0m] [1m1 change detected             [0m [[0m[1m[34mwatchfiles.main[0m][0m [36mapi_variant[0m=[35mlocal_dev[0m [36mlanggraph_api_version[0m=[35m0.6.39[0m [36mthread_name[0m=[35mMainThread[0m
[2m2026-02-18T15:32:55.687681Z[0m [[32m[1minfo     [0m] [1m4 changes detected            [0m [[0m[1m[34mwatchfiles.main[0m][0m [36mapi_variant[0m=[35mlocal_dev[0m [36mlanggraph_api_version[0m=[35m0.6.39[0m [36mthread_name[0m=[35mMainThread[0m
[2m2026-02-18T15:32:56.038835Z[0m [[32m[1minfo     [0m] [1m3 changes detected            [0m [[0m[1m[34mwatchfiles.main[0m][0m [36mapi_variant[0m=[35mlocal_dev[0m [36mlanggraph_api_version[0m=[35m0.6.39[0m [36mthread_name[0m=[35mMainThread[0m
[2m2026-02-18T15:32:56.389791Z[0m [[32m[1minfo     [0m] [1m1 change detected             [0m [[0m[1m[34mwatchfiles.main[0m][0m [36mapi_variant[0m=[35mlocal_dev[0m [36mlanggraph_api_version[0m=[35m0.6.39[0m [36mthread_name[0m=[35mMainThread[0m
[2m2026-02-18T15:32:56.740854Z[0m [[32m[1minfo     [0m] [1m2 changes detected            [0m [[0m[1m[34mwatchfiles.main[0m][0m [36mapi_variant[0m=[35mlocal_dev[0m [36mlanggraph_api_version[0m=[35m0.6.39[0m [36mthread_name[0m=[35mMainThread[0m
[2m2026-02-18T15:33:01.867316Z[0m [[32m[1minfo     [0m] [1mWorker stats                  [0m [[0m[1m[34mlanggraph_runtime_inmem.queue[0m][0m [36mactive[0m=[35m0[0m [36mapi_variant[0m=[35mlocal_dev[0m [36mavailable[0m=[35m1[0m [36mlanggraph_api_version[0m=[35m0.6.39[0m [36mmax[0m=[35m1[0m [36mthread_name[0m=[35masyncio_0[0m
[2m2026-02-18T15:33:02.369551Z[0m [[32m[1minfo     [0m] [1mQueue stats                   [0m [[0m[1m[34mlanggraph_runtime_inmem.queue[0m][0m [36mapi_variant[0m=[35mlocal_dev[0m [36mlanggraph_api_version[0m=[35m0.6.39[0m [36mn_pending[0m=[35m0[0m [36mn_running[0m=[35m0[0m [36mpending_runs_wait_time_max_secs[0m=[35mNone[0m [36mpending_runs_wait_time_med_secs[0m=[35mNone[0m [36mpending_unblocked_runs_wait_time_max_secs[0m=[35mNone[0m [36mthread_name[0m=[35masyncio_0[0m
[2m2026-02-18T15:33:06.818106Z[0m [[32m[1minfo     [0m] [1m4 changes detected            [0m [[0m[1m[34mwatchfiles.main[0m][0m [36mapi_variant[0m=[35mlocal_dev[0m [36mlanggraph_api_version[0m=[35m0.6.39[0m [36mthread_name[0m=[35mMainThread[0m
[2m2026-02-18T15:33:07.169052Z[0m [[32m[1minfo     [0m] [1m1 change detected             [0m [[0m[1m[34mwatchfiles.main[0m][0m [36mapi_variant[0m=[35mlocal_dev[0m [36mlanggraph_api_version[0m=[35m0.6.39[0m [36mthread_name[0m=[35mMainThread[0m
[2m2026-02-18T15:33:07.520087Z[0m [[32m[1minfo     [0m] [1m3 changes detected            [0m [[0m[1m[34mwatchfiles.main[0m][0m [36mapi_variant[0m=[35mlocal_dev[0m [36mlanggraph_api_version[0m=[35m0.6.39[0m [36mthread_name[0m=[35mMainThread[0m
[2m2026-02-18T15:33:07.870852Z[0m [[32m[1minfo     [0m] [1m1 change detected             [0m [[0m[1m[34mwatchfiles.main[0m][0m [36mapi_variant[0m=[35mlocal_dev[0m [36mlanggraph_api_version[0m=[35m0.6.39[0m [36mthread_name[0m=[35mMainThread[0m
[2m2026-02-18T15:33:08.221438Z[0m [[32m[1minfo     [0m] [1m2 changes detected            [0m [[0m[1m[34mwatchfiles.main[0m][0m [36mapi_variant[0m=[35mlocal_dev[0m [36mlanggraph_api_version[0m=[35m0.6.39[0m [36mthread_name[0m=[35mMainThread[0m
[2m2026-02-18T15:33:18.202204Z[0m [[32m[1minfo     [0m] [1m4 changes detected            [0m [[0m[1m[34mwatchfiles.main[0m][0m [36mapi_variant[0m=[35mlocal_dev[0m [36mlanggraph_api_version[0m=[35m0.6.39[0m [36mthread_name[0m=[35mMainThread[0m
[2m2026-02-18T15:33:18.553141Z[0m [[32m[1minfo     [0m] [1m1 change detected             [0m [[0m[1m[34mwatchfiles.main[0m][0m [36mapi_variant[0m=[35mlocal_dev[0m [36mlanggraph_api_version[0m=[35m0.6.39[0m [36mthread_name[0m=[35mMainThread[0m
[2m2026-02-18T15:33:18.904066Z[0m [[32m[1minfo     [0m] [1m3 changes detected            [0m [[0m[1m[34mwatchfiles.main[0m][0m [36mapi_variant[0m=[35mlocal_dev[0m [36mlanggraph_api_version[0m=[35m0.6.39[0m [36mthread_name[0m=[35mMainThread[0m
[2m2026-02-18T15:33:19.255044Z[0m [[32m[1minfo     [0m] [1m1 change detected             [0m [[0m[1m[34mwatchfiles.main[0m][0m [36mapi_variant[0m=[35mlocal_dev[0m [36mlanggraph_api_version[0m=[35m0.6.39[0m [36mthread_name[0m=[35mMainThread[0m
[2m2026-02-18T15:33:19.606644Z[0m [[32m[1minfo     [0m] [1m2 changes detected            [0m [[0m[1m[34mwatchfiles.main[0m][0m [36mapi_variant[0m=[35mlocal_dev[0m [36mlanggraph_api_version[0m=[35m0.6.39[0m [36mthread_name[0m=[35mMainThread[0m
[2m2026-02-18T15:33:29.431051Z[0m [[32m[1minfo     [0m] [1m1 change detected             [0m [[0m[1m[34mwatchfiles.main[0m][0m [36mapi_variant[0m=[35mlocal_dev[0m [36mlanggraph_api_version[0m=[35m0.6.39[0m [36mthread_name[0m=[35mMainThread[0m
[2m2026-02-18T15:33:29.781988Z[0m [[32m[1minfo     [0m] [1m4 changes detected            [0m [[0m[1m[34mwatchfiles.main[0m][0m [36mapi_variant[0m=[35mlocal_dev[0m [36mlanggraph_api_version[0m=[35m0.6.39[0m [36mthread_name[0m=[35mMainThread[0m
[2m2026-02-18T15:33:30.133315Z[0m [[32m[1minfo     [0m] [1m3 changes detected            [0m [[0m[1m[34mwatchfiles.main[0m][0m [36mapi_variant[0m=[35mlocal_dev[0m [36mlanggraph_api_version[0m=[35m0.6.39[0m [36mthread_name[0m=[35mMainThread[0m
[2m2026-02-18T15:33:30.484224Z[0m [[32m[1minfo     [0m] [1m1 change detected             [0m [[0m[1m[34mwatchfiles.main[0m][0m [36mapi_variant[0m=[35mlocal_dev[0m [36mlanggraph_api_version[0m=[35m0.6.39[0m [36mthread_name[0m=[35mMainThread[0m
[2m2026-02-18T15:33:30.835256Z[0m [[32m[1minfo     [0m] [1m2 changes detected            [0m [[0m[1m[34mwatchfiles.main[0m][0m [36mapi_variant[0m=[35mlocal_dev[0m [36mlanggraph_api_version[0m=[35m0.6.39[0m [36mthread_name[0m=[35mMainThread[0m
[2m2026-02-18T15:33:40.911972Z[0m [[32m[1minfo     [0m] [1m4 changes detected            [0m [[0m[1m[34mwatchfiles.main[0m][0m [36mapi_variant[0m=[35mlocal_dev[0m [36mlanggraph_api_version[0m=[35m0.6.39[0m [36mthread_name[0m=[35mMainThread[0m
[2m2026-02-18T15:33:41.262821Z[0m [[32m[1minfo     [0m] [1m1 change detected             [0m [[0m[1m[34mwatchfiles.main[0m][0m [36mapi_variant[0m=[35mlocal_dev[0m [36mlanggraph_api_version[0m=[35m0.6.39[0m [36mthread_name[0m=[35mMainThread[0m
[2m2026-02-18T15:33:41.613441Z[0m [[32m[1minfo     [0m] [1m3 changes detected            [0m [[0m[1m[34mwatchfiles.main[0m][0m [36mapi_variant[0m=[35mlocal_dev[0m [36mlanggraph_api_version[0m=[35m0.6.39[0m [36mthread_name[0m=[35mMainThread[0m
[2m2026-02-18T15:33:41.964331Z[0m [[32m[1minfo     [0m] [1m1 change detected             [0m [[0m[1m[34mwatchfiles.main[0m][0m [36mapi_variant[0m=[35mlocal_dev[0m [36mlanggraph_api_version[0m=[35m0.6.39[0m [36mthread_name[0m=[35mMainThread[0m
[2m2026-02-18T15:33:42.315376Z[0m [[32m[1minfo     [0m] [1m2 changes detected            [0m [[0m[1m[34mwatchfiles.main[0m][0m [36mapi_variant[0m=[35mlocal_dev[0m [36mlanggraph_api_version[0m=[35m0.6.39[0m [36mthread_name[0m=[35mMainThread[0m
[2m2026-02-18T15:33:52.290719Z[0m [[32m[1minfo     [0m] [1m4 changes detected            [0m [[0m[1m[34mwatchfiles.main[0m][0m [36mapi_variant[0m=[35mlocal_dev[0m [36mlanggraph_api_version[0m=[35m0.6.39[0m [36mthread_name[0m=[35mMainThread[0m
[2m2026-02-18T15:33:52.641623Z[0m [[32m[1minfo     [0m] [1m1 change detected             [0m [[0m[1m[34mwatchfiles.main[0m][0m [36mapi_variant[0m=[35mlocal_dev[0m [36mlanggraph_api_version[0m=[35m0.6.39[0m [36mthread_name[0m=[35mMainThread[0m
[2m2026-02-18T15:33:52.992160Z[0m [[32m[1minfo     [0m] [1m3 changes detected            [0m [[0m[1m[34mwatchfiles.main[0m][0m [36mapi_variant[0m=[35mlocal_dev[0m [36mlanggraph_api_version[0m=[35m0.6.39[0m [36mthread_name[0m=[35mMainThread[0m
[2m2026-02-18T15:33:53.342805Z[0m [[32m[1minfo     [0m] [1m1 change detected             [0m [[0m[1m[34mwatchfiles.main[0m][0m [36mapi_variant[0m=[35mlocal_dev[0m [36mlanggraph_api_version[0m=[35m0.6.39[0m [36mthread_name[0m=[35mMainThread[0m
[2m2026-02-18T15:33:53.693445Z[0m [[32m[1minfo     [0m] [1m2 changes detected            [0m [[0m[1m[34mwatchfiles.main[0m][0m [36mapi_variant[0m=[35mlocal_dev[0m [36mlanggraph_api_version[0m=[35m0.6.39[0m [36mthread_name[0m=[35mMainThread[0m
[2m2026-02-18T15:33:59.661275Z[0m [[32m[1minfo     [0m] [1mHTTP Request: POST https://api.smith.langchain.com/v1/metadata/submit "HTTP/1.1 204 No Content"[0m [[0m[1m[34mhttpx[0m][0m [36mapi_variant[0m=[35mlocal_dev[0m [36mlanggraph_api_version[0m=[35m0.6.39[0m [36mthread_name[0m=[35mMainThread[0m
[2m2026-02-18T15:33:59.662712Z[0m [[32m[1minfo     [0m] [1mSuccessfully submitted metadata to LangSmith instance[0m [[0m[1m[34mlanggraph_api.metadata[0m][0m [36mapi_variant[0m=[35mlocal_dev[0m [36mlanggraph_api_version[0m=[35m0.6.39[0m [36mn_nodes[0m=[35m0[0m [36mn_runs[0m=[35m0[0m [36mthread_name[0m=[35mMainThread[0m
[2m2026-02-18T15:34:02.037751Z[0m [[32m[1minfo     [0m] [1mWorker stats                  [0m [[0m[1m[34mlanggraph_runtime_inmem.queue[0m][0m [36mactive[0m=[35m0[0m [36mapi_variant[0m=[35mlocal_dev[0m [36mavailable[0m=[35m1[0m [36mlanggraph_api_version[0m=[35m0.6.39[0m [36mmax[0m=[35m1[0m [36mthread_name[0m=[35masyncio_1[0m
[2m2026-02-18T15:34:02.540700Z[0m [[32m[1minfo     [0m] [1mQueue stats                   [0m [[0m[1m[34mlanggraph_runtime_inmem.queue[0m][0m [36mapi_variant[0m=[35mlocal_dev[0m [36mlanggraph_api_version[0m=[35m0.6.39[0m [36mn_pending[0m=[35m0[0m [36mn_running[0m=[35m0[0m [36mpending_runs_wait_time_max_secs[0m=[35mNone[0m [36mpending_runs_wait_time_med_secs[0m=[35mNone[0m [36mpending_unblocked_runs_wait_time_max_secs[0m=[35mNone[0m [36mthread_name[0m=[35masyncio_1[0m
[2m2026-02-18T15:34:03.670274Z[0m [[32m[1minfo     [0m] [1m4 changes detected            [0m [[0m[1m[34mwatchfiles.main[0m][0m [36mapi_variant[0m=[35mlocal_dev[0m [36mlanggraph_api_version[0m=[35m0.6.39[0m [36mthread_name[0m=[35mMainThread[0m
[2m2026-02-18T15:34:04.021176Z[0m [[32m[1minfo     [0m] [1m1 change detected             [0m [[0m[1m[34mwatchfiles.main[0m][0m [36mapi_variant[0m=[35mlocal_dev[0m [36mlanggraph_api_version[0m=[35m0.6.39[0m [36mthread_name[0m=[35mMainThread[0m
[2m2026-02-18T15:34:04.373359Z[0m [[32m[1minfo     [0m] [1m3 changes detected            [0m [[0m[1m[34mwatchfiles.main[0m][0m [36mapi_variant[0m=[35mlocal_dev[0m [36mlanggraph_api_version[0m=[35m0.6.39[0m [36mthread_name[0m=[35mMainThread[0m
[2m2026-02-18T15:34:04.724057Z[0m [[32m[1minfo     [0m] [1m1 change detected             [0m [[0m[1m[34mwatchfiles.main[0m][0m [36mapi_variant[0m=[35mlocal_dev[0m [36mlanggraph_api_version[0m=[35m0.6.39[0m [36mthread_name[0m=[35mMainThread[0m
[2m2026-02-18T15:34:05.076644Z[0m [[32m[1minfo     [0m] [1m2 changes detected            [0m [[0m[1m[34mwatchfiles.main[0m][0m [36mapi_variant[0m=[35mlocal_dev[0m [36mlanggraph_api_version[0m=[35m0.6.39[0m [36mthread_name[0m=[35mMainThread[0m
[2m2026-02-18T15:34:15.100449Z[0m [[32m[1minfo     [0m] [1m4 changes detected            [0m [[0m[1m[34mwatchfiles.main[0m][0m [36mapi_variant[0m=[35mlocal_dev[0m [36mlanggraph_api_version[0m=[35m0.6.39[0m [36mthread_name[0m=[35mMainThread[0m
[2m2026-02-18T15:34:15.451403Z[0m [[32m[1minfo     [0m] [1m1 change detected             [0m [[0m[1m[34mwatchfiles.main[0m][0m [36mapi_variant[0m=[35mlocal_dev[0m [36mlanggraph_api_version[0m=[35m0.6.39[0m [36mthread_name[0m=[35mMainThread[0m
[2m2026-02-18T15:34:15.802341Z[0m [[32m[1minfo     [0m] [1m3 changes detected            [0m [[0m[1m[34mwatchfiles.main[0m][0m [36mapi_variant[0m=[35mlocal_dev[0m [36mlanggraph_api_version[0m=[35m0.6.39[0m [36mthread_name[0m=[35mMainThread[0m
[2m2026-02-18T15:34:16.153295Z[0m [[32m[1minfo     [0m] [1m1 change detected             [0m [[0m[1m[34mwatchfiles.main[0m][0m [36mapi_variant[0m=[35mlocal_dev[0m [36mlanggraph_api_version[0m=[35m0.6.39[0m [36mthread_name[0m=[35mMainThread[0m
[2m2026-02-18T15:34:16.504596Z[0m [[32m[1minfo     [0m] [1m2 changes detected            [0m [[0m[1m[34mwatchfiles.main[0m][0m [36mapi_variant[0m=[35mlocal_dev[0m [36mlanggraph_api_version[0m=[35m0.6.39[0m [36mthread_name[0m=[35mMainThread[0m
[2m2026-02-18T15:34:26.530602Z[0m [[32m[1minfo     [0m] [1m4 changes detected            [0m [[0m[1m[34mwatchfiles.main[0m][0m [36mapi_variant[0m=[35mlocal_dev[0m [36mlanggraph_api_version[0m=[35m0.6.39[0m [36mthread_name[0m=[35mMainThread[0m
[2m2026-02-18T15:34:26.881605Z[0m [[32m[1minfo     [0m] [1m1 change detected             [0m [[0m[1m[34mwatchfiles.main[0m][0m [36mapi_variant[0m=[35mlocal_dev[0m [36mlanggraph_api_version[0m=[35m0.6.39[0m [36mthread_name[0m=[35mMainThread[0m
[2m2026-02-18T15:34:27.483275Z[0m [[32m[1minfo     [0m] [1m3 changes detected            [0m [[0m[1m[34mwatchfiles.main[0m][0m [36mapi_variant[0m=[35mlocal_dev[0m [36mlanggraph_api_version[0m=[35m0.6.39[0m [36mthread_name[0m=[35mMainThread[0m
[2m2026-02-18T15:34:27.834186Z[0m [[32m[1minfo     [0m] [1m1 change detected             [0m [[0m[1m[34mwatchfiles.main[0m][0m [36mapi_variant[0m=[35mlocal_dev[0m [36mlanggraph_api_version[0m=[35m0.6.39[0m [36mthread_name[0m=[35mMainThread[0m
[2m2026-02-18T15:34:28.235365Z[0m [[32m[1minfo     [0m] [1m2 changes detected            [0m [[0m[1m[34mwatchfiles.main[0m][0m [36mapi_variant[0m=[35mlocal_dev[0m [36mlanggraph_api_version[0m=[35m0.6.39[0m [36mthread_name[0m=[35mMainThread[0m
[2m2026-02-18T15:34:38.361723Z[0m [[32m[1minfo     [0m] [1m4 changes detected            [0m [[0m[1m[34mwatchfiles.main[0m][0m [36mapi_variant[0m=[35mlocal_dev[0m [36mlanggraph_api_version[0m=[35m0.6.39[0m [36mthread_name[0m=[35mMainThread[0m
[2m2026-02-18T15:34:38.712684Z[0m [[32m[1minfo     [0m] [1m1 change detected             [0m [[0m[1m[34mwatchfiles.main[0m][0m [36mapi_variant[0m=[35mlocal_dev[0m [36mlanggraph_api_version[0m=[35m0.6.39[0m [36mthread_name[0m=[35mMainThread[0m
[2m2026-02-18T15:34:39.063616Z[0m [[32m[1minfo     [0m] [1m3 changes detected            [0m [[0m[1m[34mwatchfiles.main[0m][0m [36mapi_variant[0m=[35mlocal_dev[0m [36mlanggraph_api_version[0m=[35m0.6.39[0m [36mthread_name[0m=[35mMainThread[0m
[2m2026-02-18T15:34:39.414598Z[0m [[32m[1minfo     [0m] [1m1 change detected             [0m [[0m[1m[34mwatchfiles.main[0m][0m [36mapi_variant[0m=[35mlocal_dev[0m [36mlanggraph_api_version[0m=[35m0.6.39[0m [36mthread_name[0m=[35mMainThread[0m
[2m2026-02-18T15:34:39.765798Z[0m [[32m[1minfo     [0m] [1m2 changes detected            [0m [[0m[1m[34mwatchfiles.main[0m][0m [36mapi_variant[0m=[35mlocal_dev[0m [36mlanggraph_api_version[0m=[35m0.6.39[0m [36mthread_name[0m=[35mMainThread[0m
[2m2026-02-18T15:34:49.792195Z[0m [[32m[1minfo     [0m] [1m4 changes detected            [0m [[0m[1m[34mwatchfiles.main[0m][0m [36mapi_variant[0m=[35mlocal_dev[0m [36mlanggraph_api_version[0m=[35m0.6.39[0m [36mthread_name[0m=[35mMainThread[0m
[2m2026-02-18T15:34:50.144119Z[0m [[32m[1minfo     [0m] [1m1 change detected             [0m [[0m[1m[34mwatchfiles.main[0m][0m [36mapi_variant[0m=[35mlocal_dev[0m [36mlanggraph_api_version[0m=[35m0.6.39[0m [36mthread_name[0m=[35mMainThread[0m
[2m2026-02-18T15:34:50.495107Z[0m [[32m[1minfo     [0m] [1m3 changes detected            [0m [[0m[1m[34mwatchfiles.main[0m][0m [36mapi_variant[0m=[35mlocal_dev[0m [36mlanggraph_api_version[0m=[35m0.6.39[0m [36mthread_name[0m=[35mMainThread[0m
[2m2026-02-18T15:34:50.846027Z[0m [[32m[1minfo     [0m] [1m1 change detected             [0m [[0m[1m[34mwatchfiles.main[0m][0m [36mapi_variant[0m=[35mlocal_dev[0m [36mlanggraph_api_version[0m=[35m0.6.39[0m [36mthread_name[0m=[35mMainThread[0m
[2m2026-02-18T15:34:51.197331Z[0m [[32m[1minfo     [0m] [1m2 changes detected            [0m [[0m[1m[34mwatchfiles.main[0m][0m [36mapi_variant[0m=[35mlocal_dev[0m [36mlanggraph_api_version[0m=[35m0.6.39[0m [36mthread_name[0m=[35mMainThread[0m
[2m2026-02-18T15:35:01.121906Z[0m [[32m[1minfo     [0m] [1m1 change detected             [0m [[0m[1m[34mwatchfiles.main[0m][0m [36mapi_variant[0m=[35mlocal_dev[0m [36mlanggraph_api_version[0m=[35m0.6.39[0m [36mthread_name[0m=[35mMainThread[0m
[2m2026-02-18T15:35:01.472852Z[0m [[32m[1minfo     [0m] [1m3 changes detected            [0m [[0m[1m[34mwatchfiles.main[0m][0m [36mapi_variant[0m=[35mlocal_dev[0m [36mlanggraph_api_version[0m=[35m0.6.39[0m [36mthread_name[0m=[35mMainThread[0m
[2m2026-02-18T15:35:01.824038Z[0m [[32m[1minfo     [0m] [1m3 changes detected            [0m [[0m[1m[34mwatchfiles.main[0m][0m [36mapi_variant[0m=[35mlocal_dev[0m [36mlanggraph_api_version[0m=[35m0.6.39[0m [36mthread_name[0m=[35mMainThread[0m
[2m2026-02-18T15:35:02.175016Z[0m [[32m[1minfo     [0m] [1m1 change detected             [0m [[0m[1m[34mwatchfiles.main[0m][0m [36mapi_variant[0m=[35mlocal_dev[0m [36mlanggraph_api_version[0m=[35m0.6.39[0m [36mthread_name[0m=[35mMainThread[0m
[2m2026-02-18T15:35:02.286648Z[0m [[32m[1minfo     [0m] [1mWorker stats                  [0m [[0m[1m[34mlanggraph_runtime_inmem.queue[0m][0m [36mactive[0m=[35m0[0m [36mapi_variant[0m=[35mlocal_dev[0m [36mavailable[0m=[35m1[0m [36mlanggraph_api_version[0m=[35m0.6.39[0m [36mmax[0m=[35m1[0m [36mthread_name[0m=[35masyncio_1[0m
[2m2026-02-18T15:35:02.526091Z[0m [[32m[1minfo     [0m] [1m2 changes detected            [0m [[0m[1m[34mwatchfiles.main[0m][0m [36mapi_variant[0m=[35mlocal_dev[0m [36mlanggraph_api_version[0m=[35m0.6.39[0m [36mthread_name[0m=[35mMainThread[0m
[2m2026-02-18T15:35:02.789593Z[0m [[32m[1minfo     [0m] [1mQueue stats                   [0m [[0m[1m[34mlanggraph_runtime_inmem.queue[0m][0m [36mapi_variant[0m=[35mlocal_dev[0m [36mlanggraph_api_version[0m=[35m0.6.39[0m [36mn_pending[0m=[35m0[0m [36mn_running[0m=[35m0[0m [36mpending_runs_wait_time_max_secs[0m=[35mNone[0m [36mpending_runs_wait_time_med_secs[0m=[35mNone[0m [36mpending_unblocked_runs_wait_time_max_secs[0m=[35mNone[0m [36mthread_name[0m=[35masyncio_1[0m
[2m2026-02-18T15:35:12.602100Z[0m [[32m[1minfo     [0m] [1m4 changes detected            [0m [[0m[1m[34mwatchfiles.main[0m][0m [36mapi_variant[0m=[35mlocal_dev[0m [36mlanggraph_api_version[0m=[35m0.6.39[0m [36mthread_name[0m=[35mMainThread[0m
[2m2026-02-18T15:35:12.953063Z[0m [[32m[1minfo     [0m] [1m1 change detected             [0m [[0m[1m[34mwatchfiles.main[0m][0m [36mapi_variant[0m=[35mlocal_dev[0m [36mlanggraph_api_version[0m=[35m0.6.39[0m [36mthread_name[0m=[35mMainThread[0m
[2m2026-02-18T15:35:13.304048Z[0m [[32m[1minfo     [0m] [1m3 changes detected            [0m [[0m[1m[34mwatchfiles.main[0m][0m [36mapi_variant[0m=[35mlocal_dev[0m [36mlanggraph_api_version[0m=[35m0.6.39[0m [36mthread_name[0m=[35mMainThread[0m
[2m2026-02-18T15:35:13.654999Z[0m [[32m[1minfo     [0m] [1m1 change detected             [0m [[0m[1m[34mwatchfiles.main[0m][0m [36mapi_variant[0m=[35mlocal_dev[0m [36mlanggraph_api_version[0m=[35m0.6.39[0m [36mthread_name[0m=[35mMainThread[0m
[2m2026-02-18T15:35:14.006124Z[0m [[32m[1minfo     [0m] [1m2 changes detected            [0m [[0m[1m[34mwatchfiles.main[0m][0m [36mapi_variant[0m=[35mlocal_dev[0m [36mlanggraph_api_version[0m=[35m0.6.39[0m [36mthread_name[0m=[35mMainThread[0m
[2m2026-02-18T15:35:24.081634Z[0m [[32m[1minfo     [0m] [1m4 changes detected            [0m [[0m[1m[34mwatchfiles.main[0m][0m [36mapi_variant[0m=[35mlocal_dev[0m [36mlanggraph_api_version[0m=[35m0.6.39[0m [36mthread_name[0m=[35mMainThread[0m
[2m2026-02-18T15:35:24.432263Z[0m [[32m[1minfo     [0m] [1m1 change detected             [0m [[0m[1m[34mwatchfiles.main[0m][0m [36mapi_variant[0m=[35mlocal_dev[0m [36mlanggraph_api_version[0m=[35m0.6.39[0m [36mthread_name[0m=[35mMainThread[0m
[2m2026-02-18T15:35:24.782920Z[0m [[32m[1minfo     [0m] [1m3 changes detected            [0m [[0m[1m[34mwatchfiles.main[0m][0m [36mapi_variant[0m=[35mlocal_dev[0m [36mlanggraph_api_version[0m=[35m0.6.39[0m [36mthread_name[0m=[35mMainThread[0m
[2m2026-02-18T15:35:25.133858Z[0m [[32m[1minfo     [0m] [1m1 change detected             [0m [[0m[1m[34mwatchfiles.main[0m][0m [36mapi_variant[0m=[35mlocal_dev[0m [36mlanggraph_api_version[0m=[35m0.6.39[0m [36mthread_name[0m=[35mMainThread[0m
[2m2026-02-18T15:35:25.685420Z[0m [[32m[1minfo     [0m] [1m2 changes detected            [0m [[0m[1m[34mwatchfiles.main[0m][0m [36mapi_variant[0m=[35mlocal_dev[0m [36mlanggraph_api_version[0m=[35m0.6.39[0m [36mthread_name[0m=[35mMainThread[0m
[2m2026-02-18T15:35:35.712069Z[0m [[32m[1minfo     [0m] [1m4 changes detected            [0m [[0m[1m[34mwatchfiles.main[0m][0m [36mapi_variant[0m=[35mlocal_dev[0m [36mlanggraph_api_version[0m=[35m0.6.39[0m [36mthread_name[0m=[35mMainThread[0m
[2m2026-02-18T15:35:36.063055Z[0m [[32m[1minfo     [0m] [1m1 change detected             [0m [[0m[1m[34mwatchfiles.main[0m][0m [36mapi_variant[0m=[35mlocal_dev[0m [36mlanggraph_api_version[0m=[35m0.6.39[0m [36mthread_name[0m=[35mMainThread[0m
[2m2026-02-18T15:35:36.414045Z[0m [[32m[1minfo     [0m] [1m3 changes detected            [0m [[0m[1m[34mwatchfiles.main[0m][0m [36mapi_variant[0m=[35mlocal_dev[0m [36mlanggraph_api_version[0m=[35m0.6.39[0m [36mthread_name[0m=[35mMainThread[0m
[2m2026-02-18T15:35:36.764962Z[0m [[32m[1minfo     [0m] [1m1 change detected             [0m [[0m[1m[34mwatchfiles.main[0m][0m [36mapi_variant[0m=[35mlocal_dev[0m [36mlanggraph_api_version[0m=[35m0.6.39[0m [36mthread_name[0m=[35mMainThread[0m
[2m2026-02-18T15:35:37.116052Z[0m [[32m[1minfo     [0m] [1m2 changes detected            [0m [[0m[1m[34mwatchfiles.main[0m][0m [36mapi_variant[0m=[35mlocal_dev[0m [36mlanggraph_api_version[0m=[35m0.6.39[0m [36mthread_name[0m=[35mMainThread[0m
[2m2026-02-18T15:35:47.044314Z[0m [[32m[1minfo     [0m] [1m1 change detected             [0m [[0m[1m[34mwatchfiles.main[0m][0m [36mapi_variant[0m=[35mlocal_dev[0m [36mlanggraph_api_version[0m=[35m0.6.39[0m [36mthread_name[0m=[35mMainThread[0m
[2m2026-02-18T15:35:47.395013Z[0m [[32m[1minfo     [0m] [1m4 changes detected            [0m [[0m[1m[34mwatchfiles.main[0m][0m [36mapi_variant[0m=[35mlocal_dev[0m [36mlanggraph_api_version[0m=[35m0.6.39[0m [36mthread_name[0m=[35mMainThread[0m
[2m2026-02-18T15:35:47.745624Z[0m [[32m[1minfo     [0m] [1m3 changes detected            [0m [[0m[1m[34mwatchfiles.main[0m][0m [36mapi_variant[0m=[35mlocal_dev[0m [36mlanggraph_api_version[0m=[35m0.6.39[0m [36mthread_name[0m=[35mMainThread[0m
[2m2026-02-18T15:35:48.097048Z[0m [[32m[1minfo     [0m] [1m1 change detected             [0m [[0m[1m[34mwatchfiles.main[0m][0m [36mapi_variant[0m=[35mlocal_dev[0m [36mlanggraph_api_version[0m=[35m0.6.39[0m [36mthread_name[0m=[35mMainThread[0m
[2m2026-02-18T15:35:48.697996Z[0m [[32m[1minfo     [0m] [1m2 changes detected            [0m [[0m[1m[34mwatchfiles.main[0m][0m [36mapi_variant[0m=[35mlocal_dev[0m [36mlanggraph_api_version[0m=[35m0.6.39[0m [36mthread_name[0m=[35mMainThread[0m
[2m2026-02-18T15:35:58.719469Z[0m [[32m[1minfo     [0m] [1m4 changes detected            [0m [[0m[1m[34mwatchfiles.main[0m][0m [36mapi_variant[0m=[35mlocal_dev[0m [36mlanggraph_api_version[0m=[35m0.6.39[0m [36mthread_name[0m=[35mMainThread[0m
[2m2026-02-18T15:35:59.070134Z[0m [[32m[1minfo     [0m] [1m1 change detected             [0m [[0m[1m[34mwatchfiles.main[0m][0m [36mapi_variant[0m=[35mlocal_dev[0m [36mlanggraph_api_version[0m=[35m0.6.39[0m [36mthread_name[0m=[35mMainThread[0m
[2m2026-02-18T15:35:59.420701Z[0m [[32m[1minfo     [0m] [1m3 changes detected            [0m [[0m[1m[34mwatchfiles.main[0m][0m [36mapi_variant[0m=[35mlocal_dev[0m [36mlanggraph_api_version[0m=[35m0.6.39[0m [36mthread_name[0m=[35mMainThread[0m
[2m2026-02-18T15:35:59.771370Z[0m [[32m[1minfo     [0m] [1m1 change detected             [0m [[0m[1m[34mwatchfiles.main[0m][0m [36mapi_variant[0m=[35mlocal_dev[0m [36mlanggraph_api_version[0m=[35m0.6.39[0m [36mthread_name[0m=[35mMainThread[0m
[2m2026-02-18T15:36:00.122224Z[0m [[32m[1minfo     [0m] [1m2 changes detected            [0m [[0m[1m[34mwatchfiles.main[0m][0m [36mapi_variant[0m=[35mlocal_dev[0m [36mlanggraph_api_version[0m=[35m0.6.39[0m [36mthread_name[0m=[35mMainThread[0m
[2m2026-02-18T15:36:02.527525Z[0m [[32m[1minfo     [0m] [1mWorker stats                  [0m [[0m[1m[34mlanggraph_runtime_inmem.queue[0m][0m [36mactive[0m=[35m0[0m [36mapi_variant[0m=[35mlocal_dev[0m [36mavailable[0m=[35m1[0m [36mlanggraph_api_version[0m=[35m0.6.39[0m [36mmax[0m=[35m1[0m [36mthread_name[0m=[35masyncio_1[0m
[2m2026-02-18T15:36:03.029754Z[0m [[32m[1minfo     [0m] [1mQueue stats                   [0m [[0m[1m[34mlanggraph_runtime_inmem.queue[0m][0m [36mapi_variant[0m=[35mlocal_dev[0m [36mlanggraph_api_version[0m=[35m0.6.39[0m [36mn_pending[0m=[35m0[0m [36mn_running[0m=[35m0[0m [36mpending_runs_wait_time_max_secs[0m=[35mNone[0m [36mpending_runs_wait_time_med_secs[0m=[35mNone[0m [36mpending_unblocked_runs_wait_time_max_secs[0m=[35mNone[0m [36mthread_name[0m=[35masyncio_1[0m
[2m2026-02-18T15:36:10.098863Z[0m [[32m[1minfo     [0m] [1m4 changes detected            [0m [[0m[1m[34mwatchfiles.main[0m][0m [36mapi_variant[0m=[35mlocal_dev[0m [36mlanggraph_api_version[0m=[35m0.6.39[0m [36mthread_name[0m=[35mMainThread[0m
[2m2026-02-18T15:36:10.449666Z[0m [[32m[1minfo     [0m] [1m1 change detected             [0m [[0m[1m[34mwatchfiles.main[0m][0m [36mapi_variant[0m=[35mlocal_dev[0m [36mlanggraph_api_version[0m=[35m0.6.39[0m [36mthread_name[0m=[35mMainThread[0m
[2m2026-02-18T15:36:11.151116Z[0m [[32m[1minfo     [0m] [1m3 changes detected            [0m [[0m[1m[34mwatchfiles.main[0m][0m [36mapi_variant[0m=[35mlocal_dev[0m [36mlanggraph_api_version[0m=[35m0.6.39[0m [36mthread_name[0m=[35mMainThread[0m
[2m2026-02-18T15:36:11.501881Z[0m [[32m[1minfo     [0m] [1m1 change detected             [0m [[0m[1m[34mwatchfiles.main[0m][0m [36mapi_variant[0m=[35mlocal_dev[0m [36mlanggraph_api_version[0m=[35m0.6.39[0m [36mthread_name[0m=[35mMainThread[0m
[2m2026-02-18T15:36:12.003016Z[0m [[32m[1minfo     [0m] [1m2 changes detected            [0m [[0m[1m[34mwatchfiles.main[0m][0m [36mapi_variant[0m=[35mlocal_dev[0m [36mlanggraph_api_version[0m=[35m0.6.39[0m [36mthread_name[0m=[35mMainThread[0m
[2m2026-02-18T15:36:22.074533Z[0m [[32m[1minfo     [0m] [1m4 changes detected            [0m [[0m[1m[34mwatchfiles.main[0m][0m [36mapi_variant[0m=[35mlocal_dev[0m [36mlanggraph_api_version[0m=[35m0.6.39[0m [36mthread_name[0m=[35mMainThread[0m
[2m2026-02-18T15:36:22.425319Z[0m [[32m[1minfo     [0m] [1m1 change detected             [0m [[0m[1m[34mwatchfiles.main[0m][0m [36mapi_variant[0m=[35mlocal_dev[0m [36mlanggraph_api_version[0m=[35m0.6.39[0m [36mthread_name[0m=[35mMainThread[0m
[2m2026-02-18T15:36:22.776059Z[0m [[32m[1minfo     [0m] [1m3 changes detected            [0m [[0m[1m[34mwatchfiles.main[0m][0m [36mapi_variant[0m=[35mlocal_dev[0m [36mlanggraph_api_version[0m=[35m0.6.39[0m [36mthread_name[0m=[35mMainThread[0m
[2m2026-02-18T15:36:23.126918Z[0m [[32m[1minfo     [0m] [1m1 change detected             [0m [[0m[1m[34mwatchfiles.main[0m][0m [36mapi_variant[0m=[35mlocal_dev[0m [36mlanggraph_api_version[0m=[35m0.6.39[0m [36mthread_name[0m=[35mMainThread[0m
[2m2026-02-18T15:36:23.477973Z[0m [[32m[1minfo     [0m] [1m2 changes detected            [0m [[0m[1m[34mwatchfiles.main[0m][0m [36mapi_variant[0m=[35mlocal_dev[0m [36mlanggraph_api_version[0m=[35m0.6.39[0m [36mthread_name[0m=[35mMainThread[0m
[2m2026-02-18T15:36:33.452805Z[0m [[32m[1minfo     [0m] [1m4 changes detected            [0m [[0m[1m[34mwatchfiles.main[0m][0m [36mapi_variant[0m=[35mlocal_dev[0m [36mlanggraph_api_version[0m=[35m0.6.39[0m [36mthread_name[0m=[35mMainThread[0m
[2m2026-02-18T15:36:33.803418Z[0m [[32m[1minfo     [0m] [1m1 change detected             [0m [[0m[1m[34mwatchfiles.main[0m][0m [36mapi_variant[0m=[35mlocal_dev[0m [36mlanggraph_api_version[0m=[35m0.6.39[0m [36mthread_name[0m=[35mMainThread[0m
[2m2026-02-18T15:36:34.154812Z[0m [[32m[1minfo     [0m] [1m3 changes detected            [0m [[0m[1m[34mwatchfiles.main[0m][0m [36mapi_variant[0m=[35mlocal_dev[0m [36mlanggraph_api_version[0m=[35m0.6.39[0m [36mthread_name[0m=[35mMainThread[0m
[2m2026-02-18T15:36:34.506114Z[0m [[32m[1minfo     [0m] [1m1 change detected             [0m [[0m[1m[34mwatchfiles.main[0m][0m [36mapi_variant[0m=[35mlocal_dev[0m [36mlanggraph_api_version[0m=[35m0.6.39[0m [36mthread_name[0m=[35mMainThread[0m
[2m2026-02-18T15:36:34.857964Z[0m [[32m[1minfo     [0m] [1m2 changes detected            [0m [[0m[1m[34mwatchfiles.main[0m][0m [36mapi_variant[0m=[35mlocal_dev[0m [36mlanggraph_api_version[0m=[35m0.6.39[0m [36mthread_name[0m=[35mMainThread[0m
[2m2026-02-18T15:36:44.882468Z[0m [[32m[1minfo     [0m] [1m4 changes detected            [0m [[0m[1m[34mwatchfiles.main[0m][0m [36mapi_variant[0m=[35mlocal_dev[0m [36mlanggraph_api_version[0m=[35m0.6.39[0m [36mthread_name[0m=[35mMainThread[0m
[2m2026-02-18T15:36:45.233037Z[0m [[32m[1minfo     [0m] [1m1 change detected             [0m [[0m[1m[34mwatchfiles.main[0m][0m [36mapi_variant[0m=[35mlocal_dev[0m [36mlanggraph_api_version[0m=[35m0.6.39[0m [36mthread_name[0m=[35mMainThread[0m
[2m2026-02-18T15:36:45.583580Z[0m [[32m[1minfo     [0m] [1m3 changes detected            [0m [[0m[1m[34mwatchfiles.main[0m][0m [36mapi_variant[0m=[35mlocal_dev[0m [36mlanggraph_api_version[0m=[35m0.6.39[0m [36mthread_name[0m=[35mMainThread[0m
[2m2026-02-18T15:36:45.934405Z[0m [[32m[1minfo     [0m] [1m1 change detected             [0m [[0m[1m[34mwatchfiles.main[0m][0m [36mapi_variant[0m=[35mlocal_dev[0m [36mlanggraph_api_version[0m=[35m0.6.39[0m [36mthread_name[0m=[35mMainThread[0m
[2m2026-02-18T15:36:46.543719Z[0m [[32m[1minfo     [0m] [1m2 changes detected            [0m [[0m[1m[34mwatchfiles.main[0m][0m [36mapi_variant[0m=[35mlocal_dev[0m [36mlanggraph_api_version[0m=[35m0.6.39[0m [36mthread_name[0m=[35mMainThread[0m
[2m2026-02-18T15:36:56.578593Z[0m [[32m[1minfo     [0m] [1m4 changes detected            [0m [[0m[1m[34mwatchfiles.main[0m][0m [36mapi_variant[0m=[35mlocal_dev[0m [36mlanggraph_api_version[0m=[35m0.6.39[0m [36mthread_name[0m=[35mMainThread[0m
[2m2026-02-18T15:36:56.929570Z[0m [[32m[1minfo     [0m] [1m1 change detected             [0m [[0m[1m[34mwatchfiles.main[0m][0m [36mapi_variant[0m=[35mlocal_dev[0m [36mlanggraph_api_version[0m=[35m0.6.39[0m [36mthread_name[0m=[35mMainThread[0m
[2m2026-02-18T15:36:57.280489Z[0m [[32m[1minfo     [0m] [1m3 changes detected            [0m [[0m[1m[34mwatchfiles.main[0m][0m [36mapi_variant[0m=[35mlocal_dev[0m [36mlanggraph_api_version[0m=[35m0.6.39[0m [36mthread_name[0m=[35mMainThread[0m
[2m2026-02-18T15:36:57.631493Z[0m [[32m[1minfo     [0m] [1m1 change detected             [0m [[0m[1m[34mwatchfiles.main[0m][0m [36mapi_variant[0m=[35mlocal_dev[0m [36mlanggraph_api_version[0m=[35m0.6.39[0m [36mthread_name[0m=[35mMainThread[0m
[2m2026-02-18T15:36:57.982832Z[0m [[32m[1minfo     [0m] [1m2 changes detected            [0m [[0m[1m[34mwatchfiles.main[0m][0m [36mapi_variant[0m=[35mlocal_dev[0m [36mlanggraph_api_version[0m=[35m0.6.39[0m [36mthread_name[0m=[35mMainThread[0m
[2m2026-02-18T15:37:02.736400Z[0m [[32m[1minfo     [0m] [1mWorker stats                  [0m [[0m[1m[34mlanggraph_runtime_inmem.queue[0m][0m [36mactive[0m=[35m0[0m [36mapi_variant[0m=[35mlocal_dev[0m [36mavailable[0m=[35m1[0m [36mlanggraph_api_version[0m=[35m0.6.39[0m [36mmax[0m=[35m1[0m [36mthread_name[0m=[35masyncio_0[0m
[2m2026-02-18T15:37:03.239499Z[0m [[32m[1minfo     [0m] [1mQueue stats                   [0m [[0m[1m[34mlanggraph_runtime_inmem.queue[0m][0m [36mapi_variant[0m=[35mlocal_dev[0m [36mlanggraph_api_version[0m=[35m0.6.39[0m [36mn_pending[0m=[35m0[0m [36mn_running[0m=[35m0[0m [36mpending_runs_wait_time_max_secs[0m=[35mNone[0m [36mpending_runs_wait_time_med_secs[0m=[35mNone[0m [36mpending_unblocked_runs_wait_time_max_secs[0m=[35mNone[0m [36mthread_name[0m=[35masyncio_1[0m
[2m2026-02-18T15:37:08.021288Z[0m [[32m[1minfo     [0m] [1m1 change detected             [0m [[0m[1m[34mwatchfiles.main[0m][0m [36mapi_variant[0m=[35mlocal_dev[0m [36mlanggraph_api_version[0m=[35m0.6.39[0m [36mthread_name[0m=[35mMainThread[0m
[2m2026-02-18T15:37:08.372233Z[0m [[32m[1minfo     [0m] [1m3 changes detected            [0m [[0m[1m[34mwatchfiles.main[0m][0m [36mapi_variant[0m=[35mlocal_dev[0m [36mlanggraph_api_version[0m=[35m0.6.39[0m [36mthread_name[0m=[35mMainThread[0m
[2m2026-02-18T15:37:08.723426Z[0m [[32m[1minfo     [0m] [1m3 changes detected            [0m [[0m[1m[34mwatchfiles.main[0m][0m [36mapi_variant[0m=[35mlocal_dev[0m [36mlanggraph_api_version[0m=[35m0.6.39[0m [36mthread_name[0m=[35mMainThread[0m
[2m2026-02-18T15:37:09.074192Z[0m [[32m[1minfo     [0m] [1m1 change detected             [0m [[0m[1m[34mwatchfiles.main[0m][0m [36mapi_variant[0m=[35mlocal_dev[0m [36mlanggraph_api_version[0m=[35m0.6.39[0m [36mthread_name[0m=[35mMainThread[0m
[2m2026-02-18T15:37:09.425148Z[0m [[32m[1minfo     [0m] [1m2 changes detected            [0m [[0m[1m[34mwatchfiles.main[0m][0m [36mapi_variant[0m=[35mlocal_dev[0m [36mlanggraph_api_version[0m=[35m0.6.39[0m [36mthread_name[0m=[35mMainThread[0m
[2m2026-02-18T15:37:19.453563Z[0m [[32m[1minfo     [0m] [1m4 changes detected            [0m [[0m[1m[34mwatchfiles.main[0m][0m [36mapi_variant[0m=[35mlocal_dev[0m [36mlanggraph_api_version[0m=[35m0.6.39[0m [36mthread_name[0m=[35mMainThread[0m
[2m2026-02-18T15:37:19.804488Z[0m [[32m[1minfo     [0m] [1m1 change detected             [0m [[0m[1m[34mwatchfiles.main[0m][0m [36mapi_variant[0m=[35mlocal_dev[0m [36mlanggraph_api_version[0m=[35m0.6.39[0m [36mthread_name[0m=[35mMainThread[0m
[2m2026-02-18T15:37:20.155456Z[0m [[32m[1minfo     [0m] [1m3 changes detected            [0m [[0m[1m[34mwatchfiles.main[0m][0m [36mapi_variant[0m=[35mlocal_dev[0m [36mlanggraph_api_version[0m=[35m0.6.39[0m [36mthread_name[0m=[35mMainThread[0m
[2m2026-02-18T15:37:20.506031Z[0m [[32m[1minfo     [0m] [1m1 change detected             [0m [[0m[1m[34mwatchfiles.main[0m][0m [36mapi_variant[0m=[35mlocal_dev[0m [36mlanggraph_api_version[0m=[35m0.6.39[0m [36mthread_name[0m=[35mMainThread[0m
[2m2026-02-18T15:37:20.856673Z[0m [[32m[1minfo     [0m] [1m2 changes detected            [0m [[0m[1m[34mwatchfiles.main[0m][0m [36mapi_variant[0m=[35mlocal_dev[0m [36mlanggraph_api_version[0m=[35m0.6.39[0m [36mthread_name[0m=[35mMainThread[0m
[2m2026-02-18T15:37:30.732956Z[0m [[32m[1minfo     [0m] [1m1 change detected             [0m [[0m[1m[34mwatchfiles.main[0m][0m [36mapi_variant[0m=[35mlocal_dev[0m [36mlanggraph_api_version[0m=[35m0.6.39[0m [36mthread_name[0m=[35mMainThread[0m
[2m2026-02-18T15:37:31.083808Z[0m [[32m[1minfo     [0m] [1m4 changes detected            [0m [[0m[1m[34mwatchfiles.main[0m][0m [36mapi_variant[0m=[35mlocal_dev[0m [36mlanggraph_api_version[0m=[35m0.6.39[0m [36mthread_name[0m=[35mMainThread[0m
[2m2026-02-18T15:37:31.436094Z[0m [[32m[1minfo     [0m] [1m3 changes detected            [0m [[0m[1m[34mwatchfiles.main[0m][0m [36mapi_variant[0m=[35mlocal_dev[0m [36mlanggraph_api_version[0m=[35m0.6.39[0m [36mthread_name[0m=[35mMainThread[0m
[2m2026-02-18T15:37:31.787017Z[0m [[32m[1minfo     [0m] [1m1 change detected             [0m [[0m[1m[34mwatchfiles.main[0m][0m [36mapi_variant[0m=[35mlocal_dev[0m [36mlanggraph_api_version[0m=[35m0.6.39[0m [36mthread_name[0m=[35mMainThread[0m
[2m2026-02-18T15:37:32.188293Z[0m [[32m[1minfo     [0m] [1m2 changes detected            [0m [[0m[1m[34mwatchfiles.main[0m][0m [36mapi_variant[0m=[35mlocal_dev[0m [36mlanggraph_api_version[0m=[35m0.6.39[0m [36mthread_name[0m=[35mMainThread[0m
[2m2026-02-18T15:37:42.217054Z[0m [[32m[1minfo     [0m] [1m1 change detected             [0m [[0m[1m[34mwatchfiles.main[0m][0m [36mapi_variant[0m=[35mlocal_dev[0m [36mlanggraph_api_version[0m=[35m0.6.39[0m [36mthread_name[0m=[35mMainThread[0m
[2m2026-02-18T15:37:42.568936Z[0m [[32m[1minfo     [0m] [1m3 changes detected            [0m [[0m[1m[34mwatchfiles.main[0m][0m [36mapi_variant[0m=[35mlocal_dev[0m [36mlanggraph_api_version[0m=[35m0.6.39[0m [36mthread_name[0m=[35mMainThread[0m
[2m2026-02-18T15:37:42.920106Z[0m [[32m[1minfo     [0m] [1m3 changes detected            [0m [[0m[1m[34mwatchfiles.main[0m][0m [36mapi_variant[0m=[35mlocal_dev[0m [36mlanggraph_api_version[0m=[35m0.6.39[0m [36mthread_name[0m=[35mMainThread[0m
[2m2026-02-18T15:37:43.272709Z[0m [[32m[1minfo     [0m] [1m1 change detected             [0m [[0m[1m[34mwatchfiles.main[0m][0m [36mapi_variant[0m=[35mlocal_dev[0m [36mlanggraph_api_version[0m=[35m0.6.39[0m [36mthread_name[0m=[35mMainThread[0m
[2m2026-02-18T15:37:43.675157Z[0m [[32m[1minfo     [0m] [1m2 changes detected            [0m [[0m[1m[34mwatchfiles.main[0m][0m [36mapi_variant[0m=[35mlocal_dev[0m [36mlanggraph_api_version[0m=[35m0.6.39[0m [36mthread_name[0m=[35mMainThread[0m
[2m2026-02-18T15:37:53.755695Z[0m [[32m[1minfo     [0m] [1m4 changes detected            [0m [[0m[1m[34mwatchfiles.main[0m][0m [36mapi_variant[0m=[35mlocal_dev[0m [36mlanggraph_api_version[0m=[35m0.6.39[0m [36mthread_name[0m=[35mMainThread[0m
[2m2026-02-18T15:37:54.106306Z[0m [[32m[1minfo     [0m] [1m1 change detected             [0m [[0m[1m[34mwatchfiles.main[0m][0m [36mapi_variant[0m=[35mlocal_dev[0m [36mlanggraph_api_version[0m=[35m0.6.39[0m [36mthread_name[0m=[35mMainThread[0m
[2m2026-02-18T15:37:54.456847Z[0m [[32m[1minfo     [0m] [1m3 changes detected            [0m [[0m[1m[34mwatchfiles.main[0m][0m [36mapi_variant[0m=[35mlocal_dev[0m [36mlanggraph_api_version[0m=[35m0.6.39[0m [36mthread_name[0m=[35mMainThread[0m
[2m2026-02-18T15:37:54.807669Z[0m [[32m[1minfo     [0m] [1m1 change detected             [0m [[0m[1m[34mwatchfiles.main[0m][0m [36mapi_variant[0m=[35mlocal_dev[0m [36mlanggraph_api_version[0m=[35m0.6.39[0m [36mthread_name[0m=[35mMainThread[0m
[2m2026-02-18T15:37:55.158717Z[0m [[32m[1minfo     [0m] [1m2 changes detected            [0m [[0m[1m[34mwatchfiles.main[0m][0m [36mapi_variant[0m=[35mlocal_dev[0m [36mlanggraph_api_version[0m=[35m0.6.39[0m [36mthread_name[0m=[35mMainThread[0m
[2m2026-02-18T15:38:02.974365Z[0m [[32m[1minfo     [0m] [1mWorker stats                  [0m [[0m[1m[34mlanggraph_runtime_inmem.queue[0m][0m [36mactive[0m=[35m0[0m [36mapi_variant[0m=[35mlocal_dev[0m [36mavailable[0m=[35m1[0m [36mlanggraph_api_version[0m=[35m0.6.39[0m [36mmax[0m=[35m1[0m [36mthread_name[0m=[35masyncio_0[0m
[2m2026-02-18T15:38:03.477138Z[0m [[32m[1minfo     [0m] [1mQueue stats                   [0m [[0m[1m[34mlanggraph_runtime_inmem.queue[0m][0m [36mapi_variant[0m=[35mlocal_dev[0m [36mlanggraph_api_version[0m=[35m0.6.39[0m [36mn_pending[0m=[35m0[0m [36mn_running[0m=[35m0[0m [36mpending_runs_wait_time_max_secs[0m=[35mNone[0m [36mpending_runs_wait_time_med_secs[0m=[35mNone[0m [36mpending_unblocked_runs_wait_time_max_secs[0m=[35mNone[0m [36mthread_name[0m=[35masyncio_0[0m
[2m2026-02-18T15:38:05.134778Z[0m [[32m[1minfo     [0m] [1m4 changes detected            [0m [[0m[1m[34mwatchfiles.main[0m][0m [36mapi_variant[0m=[35mlocal_dev[0m [36mlanggraph_api_version[0m=[35m0.6.39[0m [36mthread_name[0m=[35mMainThread[0m
[2m2026-02-18T15:38:05.485472Z[0m [[32m[1minfo     [0m] [1m1 change detected             [0m [[0m[1m[34mwatchfiles.main[0m][0m [36mapi_variant[0m=[35mlocal_dev[0m [36mlanggraph_api_version[0m=[35m0.6.39[0m [36mthread_name[0m=[35mMainThread[0m
[2m2026-02-18T15:38:05.836050Z[0m [[32m[1minfo     [0m] [1m3 changes detected            [0m [[0m[1m[34mwatchfiles.main[0m][0m [36mapi_variant[0m=[35mlocal_dev[0m [36mlanggraph_api_version[0m=[35m0.6.39[0m [36mthread_name[0m=[35mMainThread[0m
[2m2026-02-18T15:38:06.187020Z[0m [[32m[1minfo     [0m] [1m1 change detected             [0m [[0m[1m[34mwatchfiles.main[0m][0m [36mapi_variant[0m=[35mlocal_dev[0m [36mlanggraph_api_version[0m=[35m0.6.39[0m [36mthread_name[0m=[35mMainThread[0m
[2m2026-02-18T15:38:06.537982Z[0m [[32m[1minfo     [0m] [1m2 changes detected            [0m [[0m[1m[34mwatchfiles.main[0m][0m [36mapi_variant[0m=[35mlocal_dev[0m [36mlanggraph_api_version[0m=[35m0.6.39[0m [36mthread_name[0m=[35mMainThread[0m
[2m2026-02-18T15:38:16.510877Z[0m [[32m[1minfo     [0m] [1m4 changes detected            [0m [[0m[1m[34mwatchfiles.main[0m][0m [36mapi_variant[0m=[35mlocal_dev[0m [36mlanggraph_api_version[0m=[35m0.6.39[0m [36mthread_name[0m=[35mMainThread[0m
[2m2026-02-18T15:38:16.861895Z[0m [[32m[1minfo     [0m] [1m1 change detected             [0m [[0m[1m[34mwatchfiles.main[0m][0m [36mapi_variant[0m=[35mlocal_dev[0m [36mlanggraph_api_version[0m=[35m0.6.39[0m [36mthread_name[0m=[35mMainThread[0m
[2m2026-02-18T15:38:17.212733Z[0m [[32m[1minfo     [0m] [1m3 changes detected            [0m [[0m[1m[34mwatchfiles.main[0m][0m [36mapi_variant[0m=[35mlocal_dev[0m [36mlanggraph_api_version[0m=[35m0.6.39[0m [36mthread_name[0m=[35mMainThread[0m
[2m2026-02-18T15:38:17.563703Z[0m [[32m[1minfo     [0m] [1m1 change detected             [0m [[0m[1m[34mwatchfiles.main[0m][0m [36mapi_variant[0m=[35mlocal_dev[0m [36mlanggraph_api_version[0m=[35m0.6.39[0m [36mthread_name[0m=[35mMainThread[0m
[2m2026-02-18T15:38:17.915039Z[0m [[32m[1minfo     [0m] [1m2 changes detected            [0m [[0m[1m[34mwatchfiles.main[0m][0m [36mapi_variant[0m=[35mlocal_dev[0m [36mlanggraph_api_version[0m=[35m0.6.39[0m [36mthread_name[0m=[35mMainThread[0m
[2m2026-02-18T15:38:27.941634Z[0m [[32m[1minfo     [0m] [1m4 changes detected            [0m [[0m[1m[34mwatchfiles.main[0m][0m [36mapi_variant[0m=[35mlocal_dev[0m [36mlanggraph_api_version[0m=[35m0.6.39[0m [36mthread_name[0m=[35mMainThread[0m
[2m2026-02-18T15:38:28.292540Z[0m [[32m[1minfo     [0m] [1m1 change detected             [0m [[0m[1m[34mwatchfiles.main[0m][0m [36mapi_variant[0m=[35mlocal_dev[0m [36mlanggraph_api_version[0m=[35m0.6.39[0m [36mthread_name[0m=[35mMainThread[0m
[2m2026-02-18T15:38:28.643356Z[0m [[32m[1minfo     [0m] [1m3 changes detected            [0m [[0m[1m[34mwatchfiles.main[0m][0m [36mapi_variant[0m=[35mlocal_dev[0m [36mlanggraph_api_version[0m=[35m0.6.39[0m [36mthread_name[0m=[35mMainThread[0m
[2m2026-02-18T15:38:28.994388Z[0m [[32m[1minfo     [0m] [1m1 change detected             [0m [[0m[1m[34mwatchfiles.main[0m][0m [36mapi_variant[0m=[35mlocal_dev[0m [36mlanggraph_api_version[0m=[35m0.6.39[0m [36mthread_name[0m=[35mMainThread[0m
[2m2026-02-18T15:38:29.345493Z[0m [[32m[1minfo     [0m] [1m2 changes detected            [0m [[0m[1m[34mwatchfiles.main[0m][0m [36mapi_variant[0m=[35mlocal_dev[0m [36mlanggraph_api_version[0m=[35m0.6.39[0m [36mthread_name[0m=[35mMainThread[0m
[2m2026-02-18T15:38:39.272441Z[0m [[32m[1minfo     [0m] [1m4 changes detected            [0m [[0m[1m[34mwatchfiles.main[0m][0m [36mapi_variant[0m=[35mlocal_dev[0m [36mlanggraph_api_version[0m=[35m0.6.39[0m [36mthread_name[0m=[35mMainThread[0m
[2m2026-02-18T15:38:39.623298Z[0m [[32m[1minfo     [0m] [1m1 change detected             [0m [[0m[1m[34mwatchfiles.main[0m][0m [36mapi_variant[0m=[35mlocal_dev[0m [36mlanggraph_api_version[0m=[35m0.6.39[0m [36mthread_name[0m=[35mMainThread[0m
[2m2026-02-18T15:38:39.974265Z[0m [[32m[1minfo     [0m] [1m3 changes detected            [0m [[0m[1m[34mwatchfiles.main[0m][0m [36mapi_variant[0m=[35mlocal_dev[0m [36mlanggraph_api_version[0m=[35m0.6.39[0m [36mthread_name[0m=[35mMainThread[0m
[2m2026-02-18T15:38:40.325180Z[0m [[32m[1minfo     [0m] [1m1 change detected             [0m [[0m[1m[34mwatchfiles.main[0m][0m [36mapi_variant[0m=[35mlocal_dev[0m [36mlanggraph_api_version[0m=[35m0.6.39[0m [36mthread_name[0m=[35mMainThread[0m
[2m2026-02-18T15:38:40.676410Z[0m [[32m[1minfo     [0m] [1m2 changes detected            [0m [[0m[1m[34mwatchfiles.main[0m][0m [36mapi_variant[0m=[35mlocal_dev[0m [36mlanggraph_api_version[0m=[35m0.6.39[0m [36mthread_name[0m=[35mMainThread[0m
[2m2026-02-18T15:38:50.702801Z[0m [[32m[1minfo     [0m] [1m4 changes detected            [0m [[0m[1m[34mwatchfiles.main[0m][0m [36mapi_variant[0m=[35mlocal_dev[0m [36mlanggraph_api_version[0m=[35m0.6.39[0m [36mthread_name[0m=[35mMainThread[0m
[2m2026-02-18T15:38:51.053401Z[0m [[32m[1minfo     [0m] [1m1 change detected             [0m [[0m[1m[34mwatchfiles.main[0m][0m [36mapi_variant[0m=[35mlocal_dev[0m [36mlanggraph_api_version[0m=[35m0.6.39[0m [36mthread_name[0m=[35mMainThread[0m
[2m2026-02-18T15:38:51.403942Z[0m [[32m[1minfo     [0m] [1m3 changes detected            [0m [[0m[1m[34mwatchfiles.main[0m][0m [36mapi_variant[0m=[35mlocal_dev[0m [36mlanggraph_api_version[0m=[35m0.6.39[0m [36mthread_name[0m=[35mMainThread[0m
[2m2026-02-18T15:38:51.754873Z[0m [[32m[1minfo     [0m] [1m1 change detected             [0m [[0m[1m[34mwatchfiles.main[0m][0m [36mapi_variant[0m=[35mlocal_dev[0m [36mlanggraph_api_version[0m=[35m0.6.39[0m [36mthread_name[0m=[35mMainThread[0m
[2m2026-02-18T15:38:52.106112Z[0m [[32m[1minfo     [0m] [1m2 changes detected            [0m [[0m[1m[34mwatchfiles.main[0m][0m [36mapi_variant[0m=[35mlocal_dev[0m [36mlanggraph_api_version[0m=[35m0.6.39[0m [36mthread_name[0m=[35mMainThread[0m
[2m2026-02-18T15:39:00.040410Z[0m [[32m[1minfo     [0m] [1mHTTP Request: POST https://api.smith.langchain.com/v1/metadata/submit "HTTP/1.1 204 No Content"[0m [[0m[1m[34mhttpx[0m][0m [36mapi_variant[0m=[35mlocal_dev[0m [36mlanggraph_api_version[0m=[35m0.6.39[0m [36mthread_name[0m=[35mMainThread[0m
[2m2026-02-18T15:39:00.041834Z[0m [[32m[1minfo     [0m] [1mSuccessfully submitted metadata to LangSmith instance[0m [[0m[1m[34mlanggraph_api.metadata[0m][0m [36mapi_variant[0m=[35mlocal_dev[0m [36mlanggraph_api_version[0m=[35m0.6.39[0m [36mn_nodes[0m=[35m0[0m [36mn_runs[0m=[35m0[0m [36mthread_name[0m=[35mMainThread[0m
[2m2026-02-18T15:39:02.030439Z[0m [[32m[1minfo     [0m] [1m4 changes detected            [0m [[0m[1m[34mwatchfiles.main[0m][0m [36mapi_variant[0m=[35mlocal_dev[0m [36mlanggraph_api_version[0m=[35m0.6.39[0m [36mthread_name[0m=[35mMainThread[0m
[2m2026-02-18T15:39:02.381425Z[0m [[32m[1minfo     [0m] [1m1 change detected             [0m [[0m[1m[34mwatchfiles.main[0m][0m [36mapi_variant[0m=[35mlocal_dev[0m [36mlanggraph_api_version[0m=[35m0.6.39[0m [36mthread_name[0m=[35mMainThread[0m
[2m2026-02-18T15:39:02.733702Z[0m [[32m[1minfo     [0m] [1m3 changes detected            [0m [[0m[1m[34mwatchfiles.main[0m][0m [36mapi_variant[0m=[35mlocal_dev[0m [36mlanggraph_api_version[0m=[35m0.6.39[0m [36mthread_name[0m=[35mMainThread[0m
[2m2026-02-18T15:39:03.084328Z[0m [[32m[1minfo     [0m] [1m1 change detected             [0m [[0m[1m[34mwatchfiles.main[0m][0m [36mapi_variant[0m=[35mlocal_dev[0m [36mlanggraph_api_version[0m=[35m0.6.39[0m [36mthread_name[0m=[35mMainThread[0m
[2m2026-02-18T15:39:03.261970Z[0m [[32m[1minfo     [0m] [1mWorker stats                  [0m [[0m[1m[34mlanggraph_runtime_inmem.queue[0m][0m [36mactive[0m=[35m0[0m [36mapi_variant[0m=[35mlocal_dev[0m [36mavailable[0m=[35m1[0m [36mlanggraph_api_version[0m=[35m0.6.39[0m [36mmax[0m=[35m1[0m [36mthread_name[0m=[35masyncio_1[0m
[2m2026-02-18T15:39:03.434932Z[0m [[32m[1minfo     [0m] [1m2 changes detected            [0m [[0m[1m[34mwatchfiles.main[0m][0m [36mapi_variant[0m=[35mlocal_dev[0m [36mlanggraph_api_version[0m=[35m0.6.39[0m [36mthread_name[0m=[35mMainThread[0m
[2m2026-02-18T15:39:03.763553Z[0m [[32m[1minfo     [0m] [1mQueue stats                   [0m [[0m[1m[34mlanggraph_runtime_inmem.queue[0m][0m [36mapi_variant[0m=[35mlocal_dev[0m [36mlanggraph_api_version[0m=[35m0.6.39[0m [36mn_pending[0m=[35m0[0m [36mn_running[0m=[35m0[0m [36mpending_runs_wait_time_max_secs[0m=[35mNone[0m [36mpending_runs_wait_time_med_secs[0m=[35mNone[0m [36mpending_unblocked_runs_wait_time_max_secs[0m=[35mNone[0m [36mthread_name[0m=[35masyncio_0[0m
[2m2026-02-18T15:39:13.408420Z[0m [[32m[1minfo     [0m] [1m4 changes detected            [0m [[0m[1m[34mwatchfiles.main[0m][0m [36mapi_variant[0m=[35mlocal_dev[0m [36mlanggraph_api_version[0m=[35m0.6.39[0m [36mthread_name[0m=[35mMainThread[0m
[2m2026-02-18T15:39:13.759176Z[0m [[32m[1minfo     [0m] [1m1 change detected             [0m [[0m[1m[34mwatchfiles.main[0m][0m [36mapi_variant[0m=[35mlocal_dev[0m [36mlanggraph_api_version[0m=[35m0.6.39[0m [36mthread_name[0m=[35mMainThread[0m
[2m2026-02-18T15:39:14.109732Z[0m [[32m[1minfo     [0m] [1m3 changes detected            [0m [[0m[1m[34mwatchfiles.main[0m][0m [36mapi_variant[0m=[35mlocal_dev[0m [36mlanggraph_api_version[0m=[35m0.6.39[0m [36mthread_name[0m=[35mMainThread[0m
[2m2026-02-18T15:39:14.460582Z[0m [[32m[1minfo     [0m] [1m1 change detected             [0m [[0m[1m[34mwatchfiles.main[0m][0m [36mapi_variant[0m=[35mlocal_dev[0m [36mlanggraph_api_version[0m=[35m0.6.39[0m [36mthread_name[0m=[35mMainThread[0m
[2m2026-02-18T15:39:14.811711Z[0m [[32m[1minfo     [0m] [1m2 changes detected            [0m [[0m[1m[34mwatchfiles.main[0m][0m [36mapi_variant[0m=[35mlocal_dev[0m [36mlanggraph_api_version[0m=[35m0.6.39[0m [36mthread_name[0m=[35mMainThread[0m
[2m2026-02-18T15:39:24.837402Z[0m [[32m[1minfo     [0m] [1m4 changes detected            [0m [[0m[1m[34mwatchfiles.main[0m][0m [36mapi_variant[0m=[35mlocal_dev[0m [36mlanggraph_api_version[0m=[35m0.6.39[0m [36mthread_name[0m=[35mMainThread[0m
[2m2026-02-18T15:39:25.188306Z[0m [[32m[1minfo     [0m] [1m1 change detected             [0m [[0m[1m[34mwatchfiles.main[0m][0m [36mapi_variant[0m=[35mlocal_dev[0m [36mlanggraph_api_version[0m=[35m0.6.39[0m [36mthread_name[0m=[35mMainThread[0m
[2m2026-02-18T15:39:25.539285Z[0m [[32m[1minfo     [0m] [1m3 changes detected            [0m [[0m[1m[34mwatchfiles.main[0m][0m [36mapi_variant[0m=[35mlocal_dev[0m [36mlanggraph_api_version[0m=[35m0.6.39[0m [36mthread_name[0m=[35mMainThread[0m
[2m2026-02-18T15:39:25.890163Z[0m [[32m[1minfo     [0m] [1m1 change detected             [0m [[0m[1m[34mwatchfiles.main[0m][0m [36mapi_variant[0m=[35mlocal_dev[0m [36mlanggraph_api_version[0m=[35m0.6.39[0m [36mthread_name[0m=[35mMainThread[0m
[2m2026-02-18T15:39:26.251031Z[0m [[32m[1minfo     [0m] [1m2 changes detected            [0m [[0m[1m[34mwatchfiles.main[0m][0m [36mapi_variant[0m=[35mlocal_dev[0m [36mlanggraph_api_version[0m=[35m0.6.39[0m [36mthread_name[0m=[35mMainThread[0m
[2m2026-02-18T15:39:36.276659Z[0m [[32m[1minfo     [0m] [1m4 changes detected            [0m [[0m[1m[34mwatchfiles.main[0m][0m [36mapi_variant[0m=[35mlocal_dev[0m [36mlanggraph_api_version[0m=[35m0.6.39[0m [36mthread_name[0m=[35mMainThread[0m
[2m2026-02-18T15:39:36.627651Z[0m [[32m[1minfo     [0m] [1m1 change detected             [0m [[0m[1m[34mwatchfiles.main[0m][0m [36mapi_variant[0m=[35mlocal_dev[0m [36mlanggraph_api_version[0m=[35m0.6.39[0m [36mthread_name[0m=[35mMainThread[0m
[2m2026-02-18T15:39:36.978607Z[0m [[32m[1minfo     [0m] [1m3 changes detected            [0m [[0m[1m[34mwatchfiles.main[0m][0m [36mapi_variant[0m=[35mlocal_dev[0m [36mlanggraph_api_version[0m=[35m0.6.39[0m [36mthread_name[0m=[35mMainThread[0m
[2m2026-02-18T15:39:37.329177Z[0m [[32m[1minfo     [0m] [1m1 change detected             [0m [[0m[1m[34mwatchfiles.main[0m][0m [36mapi_variant[0m=[35mlocal_dev[0m [36mlanggraph_api_version[0m=[35m0.6.39[0m [36mthread_name[0m=[35mMainThread[0m
[2m2026-02-18T15:39:37.680123Z[0m [[32m[1minfo     [0m] [1m2 changes detected            [0m [[0m[1m[34mwatchfiles.main[0m][0m [36mapi_variant[0m=[35mlocal_dev[0m [36mlanggraph_api_version[0m=[35m0.6.39[0m [36mthread_name[0m=[35mMainThread[0m
[2m2026-02-18T15:39:47.554561Z[0m [[32m[1minfo     [0m] [1m1 change detected             [0m [[0m[1m[34mwatchfiles.main[0m][0m [36mapi_variant[0m=[35mlocal_dev[0m [36mlanggraph_api_version[0m=[35m0.6.39[0m [36mthread_name[0m=[35mMainThread[0m
[2m2026-02-18T15:39:47.905239Z[0m [[32m[1minfo     [0m] [1m4 changes detected            [0m [[0m[1m[34mwatchfiles.main[0m][0m [36mapi_variant[0m=[35mlocal_dev[0m [36mlanggraph_api_version[0m=[35m0.6.39[0m [36mthread_name[0m=[35mMainThread[0m
[2m2026-02-18T15:39:48.255817Z[0m [[32m[1minfo     [0m] [1m3 changes detected            [0m [[0m[1m[34mwatchfiles.main[0m][0m [36mapi_variant[0m=[35mlocal_dev[0m [36mlanggraph_api_version[0m=[35m0.6.39[0m [36mthread_name[0m=[35mMainThread[0m
[2m2026-02-18T15:39:48.606852Z[0m [[32m[1minfo     [0m] [1m1 change detected             [0m [[0m[1m[34mwatchfiles.main[0m][0m [36mapi_variant[0m=[35mlocal_dev[0m [36mlanggraph_api_version[0m=[35m0.6.39[0m [36mthread_name[0m=[35mMainThread[0m
[2m2026-02-18T15:39:48.958114Z[0m [[32m[1minfo     [0m] [1m2 changes detected            [0m [[0m[1m[34mwatchfiles.main[0m][0m [36mapi_variant[0m=[35mlocal_dev[0m [36mlanggraph_api_version[0m=[35m0.6.39[0m [36mthread_name[0m=[35mMainThread[0m
[2m2026-02-18T15:39:59.033829Z[0m [[32m[1minfo     [0m] [1m4 changes detected            [0m [[0m[1m[34mwatchfiles.main[0m][0m [36mapi_variant[0m=[35mlocal_dev[0m [36mlanggraph_api_version[0m=[35m0.6.39[0m [36mthread_name[0m=[35mMainThread[0m
[2m2026-02-18T15:39:59.384877Z[0m [[32m[1minfo     [0m] [1m1 change detected             [0m [[0m[1m[34mwatchfiles.main[0m][0m [36mapi_variant[0m=[35mlocal_dev[0m [36mlanggraph_api_version[0m=[35m0.6.39[0m [36mthread_name[0m=[35mMainThread[0m
[2m2026-02-18T15:39:59.735792Z[0m [[32m[1minfo     [0m] [1m3 changes detected            [0m [[0m[1m[34mwatchfiles.main[0m][0m [36mapi_variant[0m=[35mlocal_dev[0m [36mlanggraph_api_version[0m=[35m0.6.39[0m [36mthread_name[0m=[35mMainThread[0m
[2m2026-02-18T15:40:00.086786Z[0m [[32m[1minfo     [0m] [1m1 change detected             [0m [[0m[1m[34mwatchfiles.main[0m][0m [36mapi_variant[0m=[35mlocal_dev[0m [36mlanggraph_api_version[0m=[35m0.6.39[0m [36mthread_name[0m=[35mMainThread[0m
[2m2026-02-18T15:40:00.438093Z[0m [[32m[1minfo     [0m] [1m2 changes detected            [0m [[0m[1m[34mwatchfiles.main[0m][0m [36mapi_variant[0m=[35mlocal_dev[0m [36mlanggraph_api_version[0m=[35m0.6.39[0m [36mthread_name[0m=[35mMainThread[0m
[2m2026-02-18T15:40:03.467963Z[0m [[32m[1minfo     [0m] [1mWorker stats                  [0m [[0m[1m[34mlanggraph_runtime_inmem.queue[0m][0m [36mactive[0m=[35m0[0m [36mapi_variant[0m=[35mlocal_dev[0m [36mavailable[0m=[35m1[0m [36mlanggraph_api_version[0m=[35m0.6.39[0m [36mmax[0m=[35m1[0m [36mthread_name[0m=[35masyncio_0[0m
[2m2026-02-18T15:40:03.970701Z[0m [[32m[1minfo     [0m] [1mQueue stats                   [0m [[0m[1m[34mlanggraph_runtime_inmem.queue[0m][0m [36mapi_variant[0m=[35mlocal_dev[0m [36mlanggraph_api_version[0m=[35m0.6.39[0m [36mn_pending[0m=[35m0[0m [36mn_running[0m=[35m0[0m [36mpending_runs_wait_time_max_secs[0m=[35mNone[0m [36mpending_runs_wait_time_med_secs[0m=[35mNone[0m [36mpending_unblocked_runs_wait_time_max_secs[0m=[35mNone[0m [36mthread_name[0m=[35masyncio_1[0m
[2m2026-02-18T15:40:10.363706Z[0m [[32m[1minfo     [0m] [1m4 changes detected            [0m [[0m[1m[34mwatchfiles.main[0m][0m [36mapi_variant[0m=[35mlocal_dev[0m [36mlanggraph_api_version[0m=[35m0.6.39[0m [36mthread_name[0m=[35mMainThread[0m
[2m2026-02-18T15:40:10.714651Z[0m [[32m[1minfo     [0m] [1m1 change detected             [0m [[0m[1m[34mwatchfiles.main[0m][0m [36mapi_variant[0m=[35mlocal_dev[0m [36mlanggraph_api_version[0m=[35m0.6.39[0m [36mthread_name[0m=[35mMainThread[0m
[2m2026-02-18T15:40:11.065534Z[0m [[32m[1minfo     [0m] [1m3 changes detected            [0m [[0m[1m[34mwatchfiles.main[0m][0m [36mapi_variant[0m=[35mlocal_dev[0m [36mlanggraph_api_version[0m=[35m0.6.39[0m [36mthread_name[0m=[35mMainThread[0m
[2m2026-02-18T15:40:11.416449Z[0m [[32m[1minfo     [0m] [1m1 change detected             [0m [[0m[1m[34mwatchfiles.main[0m][0m [36mapi_variant[0m=[35mlocal_dev[0m [36mlanggraph_api_version[0m=[35m0.6.39[0m [36mthread_name[0m=[35mMainThread[0m
[2m2026-02-18T15:40:11.767402Z[0m [[32m[1minfo     [0m] [1m2 changes detected            [0m [[0m[1m[34mwatchfiles.main[0m][0m [36mapi_variant[0m=[35mlocal_dev[0m [36mlanggraph_api_version[0m=[35m0.6.39[0m [36mthread_name[0m=[35mMainThread[0m
[2m2026-02-18T15:40:21.743188Z[0m [[32m[1minfo     [0m] [1m4 changes detected            [0m [[0m[1m[34mwatchfiles.main[0m][0m [36mapi_variant[0m=[35mlocal_dev[0m [36mlanggraph_api_version[0m=[35m0.6.39[0m [36mthread_name[0m=[35mMainThread[0m
[2m2026-02-18T15:40:22.094143Z[0m [[32m[1minfo     [0m] [1m1 change detected             [0m [[0m[1m[34mwatchfiles.main[0m][0m [36mapi_variant[0m=[35mlocal_dev[0m [36mlanggraph_api_version[0m=[35m0.6.39[0m [36mthread_name[0m=[35mMainThread[0m
[2m2026-02-18T15:40:22.445158Z[0m [[32m[1minfo     [0m] [1m3 changes detected            [0m [[0m[1m[34mwatchfiles.main[0m][0m [36mapi_variant[0m=[35mlocal_dev[0m [36mlanggraph_api_version[0m=[35m0.6.39[0m [36mthread_name[0m=[35mMainThread[0m
[2m2026-02-18T15:40:22.796069Z[0m [[32m[1minfo     [0m] [1m1 change detected             [0m [[0m[1m[34mwatchfiles.main[0m][0m [36mapi_variant[0m=[35mlocal_dev[0m [36mlanggraph_api_version[0m=[35m0.6.39[0m [36mthread_name[0m=[35mMainThread[0m
[2m2026-02-18T15:40:23.147181Z[0m [[32m[1minfo     [0m] [1m2 changes detected            [0m [[0m[1m[34mwatchfiles.main[0m][0m [36mapi_variant[0m=[35mlocal_dev[0m [36mlanggraph_api_version[0m=[35m0.6.39[0m [36mthread_name[0m=[35mMainThread[0m
[2m2026-02-18T15:40:33.175248Z[0m [[32m[1minfo     [0m] [1m4 changes detected            [0m [[0m[1m[34mwatchfiles.main[0m][0m [36mapi_variant[0m=[35mlocal_dev[0m [36mlanggraph_api_version[0m=[35m0.6.39[0m [36mthread_name[0m=[35mMainThread[0m
[2m2026-02-18T15:40:33.526095Z[0m [[32m[1minfo     [0m] [1m1 change detected             [0m [[0m[1m[34mwatchfiles.main[0m][0m [36mapi_variant[0m=[35mlocal_dev[0m [36mlanggraph_api_version[0m=[35m0.6.39[0m [36mthread_name[0m=[35mMainThread[0m
[2m2026-02-18T15:40:33.876834Z[0m [[32m[1minfo     [0m] [1m3 changes detected            [0m [[0m[1m[34mwatchfiles.main[0m][0m [36mapi_variant[0m=[35mlocal_dev[0m [36mlanggraph_api_version[0m=[35m0.6.39[0m [36mthread_name[0m=[35mMainThread[0m
[2m2026-02-18T15:40:34.227855Z[0m [[32m[1minfo     [0m] [1m1 change detected             [0m [[0m[1m[34mwatchfiles.main[0m][0m [36mapi_variant[0m=[35mlocal_dev[0m [36mlanggraph_api_version[0m=[35m0.6.39[0m [36mthread_name[0m=[35mMainThread[0m
[2m2026-02-18T15:40:34.579137Z[0m [[32m[1minfo     [0m] [1m2 changes detected            [0m [[0m[1m[34mwatchfiles.main[0m][0m [36mapi_variant[0m=[35mlocal_dev[0m [36mlanggraph_api_version[0m=[35m0.6.39[0m [36mthread_name[0m=[35mMainThread[0m
[2m2026-02-18T15:40:44.554111Z[0m [[32m[1minfo     [0m] [1m4 changes detected            [0m [[0m[1m[34mwatchfiles.main[0m][0m [36mapi_variant[0m=[35mlocal_dev[0m [36mlanggraph_api_version[0m=[35m0.6.39[0m [36mthread_name[0m=[35mMainThread[0m
[2m2026-02-18T15:40:44.904831Z[0m [[32m[1minfo     [0m] [1m1 change detected             [0m [[0m[1m[34mwatchfiles.main[0m][0m [36mapi_variant[0m=[35mlocal_dev[0m [36mlanggraph_api_version[0m=[35m0.6.39[0m [36mthread_name[0m=[35mMainThread[0m
[2m2026-02-18T15:40:45.255574Z[0m [[32m[1minfo     [0m] [1m3 changes detected            [0m [[0m[1m[34mwatchfiles.main[0m][0m [36mapi_variant[0m=[35mlocal_dev[0m [36mlanggraph_api_version[0m=[35m0.6.39[0m [36mthread_name[0m=[35mMainThread[0m
[2m2026-02-18T15:40:45.606410Z[0m [[32m[1minfo     [0m] [1m1 change detected             [0m [[0m[1m[34mwatchfiles.main[0m][0m [36mapi_variant[0m=[35mlocal_dev[0m [36mlanggraph_api_version[0m=[35m0.6.39[0m [36mthread_name[0m=[35mMainThread[0m
[2m2026-02-18T15:40:45.957364Z[0m [[32m[1minfo     [0m] [1m2 changes detected            [0m [[0m[1m[34mwatchfiles.main[0m][0m [36mapi_variant[0m=[35mlocal_dev[0m [36mlanggraph_api_version[0m=[35m0.6.39[0m [36mthread_name[0m=[35mMainThread[0m
[2m2026-02-18T15:40:55.980816Z[0m [[32m[1minfo     [0m] [1m4 changes detected            [0m [[0m[1m[34mwatchfiles.main[0m][0m [36mapi_variant[0m=[35mlocal_dev[0m [36mlanggraph_api_version[0m=[35m0.6.39[0m [36mthread_name[0m=[35mMainThread[0m
[2m2026-02-18T15:40:56.331634Z[0m [[32m[1minfo     [0m] [1m1 change detected             [0m [[0m[1m[34mwatchfiles.main[0m][0m [36mapi_variant[0m=[35mlocal_dev[0m [36mlanggraph_api_version[0m=[35m0.6.39[0m [36mthread_name[0m=[35mMainThread[0m
[2m2026-02-18T15:40:56.682216Z[0m [[32m[1minfo     [0m] [1m3 changes detected            [0m [[0m[1m[34mwatchfiles.main[0m][0m [36mapi_variant[0m=[35mlocal_dev[0m [36mlanggraph_api_version[0m=[35m0.6.39[0m [36mthread_name[0m=[35mMainThread[0m
[2m2026-02-18T15:40:57.033090Z[0m [[32m[1minfo     [0m] [1m1 change detected             [0m [[0m[1m[34mwatchfiles.main[0m][0m [36mapi_variant[0m=[35mlocal_dev[0m [36mlanggraph_api_version[0m=[35m0.6.39[0m [36mthread_name[0m=[35mMainThread[0m
[2m2026-02-18T15:40:57.384118Z[0m [[32m[1minfo     [0m] [1m2 changes detected            [0m [[0m[1m[34mwatchfiles.main[0m][0m [36mapi_variant[0m=[35mlocal_dev[0m [36mlanggraph_api_version[0m=[35m0.6.39[0m [36mthread_name[0m=[35mMainThread[0m
[2m2026-02-18T15:41:03.834878Z[0m [[32m[1minfo     [0m] [1mWorker stats                  [0m [[0m[1m[34mlanggraph_runtime_inmem.queue[0m][0m [36mactive[0m=[35m0[0m [36mapi_variant[0m=[35mlocal_dev[0m [36mavailable[0m=[35m1[0m [36mlanggraph_api_version[0m=[35m0.6.39[0m [36mmax[0m=[35m1[0m [36mthread_name[0m=[35masyncio_1[0m
[2m2026-02-18T15:41:04.337000Z[0m [[32m[1minfo     [0m] [1mQueue stats                   [0m [[0m[1m[34mlanggraph_runtime_inmem.queue[0m][0m [36mapi_variant[0m=[35mlocal_dev[0m [36mlanggraph_api_version[0m=[35m0.6.39[0m [36mn_pending[0m=[35m0[0m [36mn_running[0m=[35m0[0m [36mpending_runs_wait_time_max_secs[0m=[35mNone[0m [36mpending_runs_wait_time_med_secs[0m=[35mNone[0m [36mpending_unblocked_runs_wait_time_max_secs[0m=[35mNone[0m [36mthread_name[0m=[35masyncio_1[0m
[2m2026-02-18T15:41:07.410671Z[0m [[32m[1minfo     [0m] [1m4 changes detected            [0m [[0m[1m[34mwatchfiles.main[0m][0m [36mapi_variant[0m=[35mlocal_dev[0m [36mlanggraph_api_version[0m=[35m0.6.39[0m [36mthread_name[0m=[35mMainThread[0m
[2m2026-02-18T15:41:07.762153Z[0m [[32m[1minfo     [0m] [1m1 change detected             [0m [[0m[1m[34mwatchfiles.main[0m][0m [36mapi_variant[0m=[35mlocal_dev[0m [36mlanggraph_api_version[0m=[35m0.6.39[0m [36mthread_name[0m=[35mMainThread[0m
[2m2026-02-18T15:41:08.113211Z[0m [[32m[1minfo     [0m] [1m3 changes detected            [0m [[0m[1m[34mwatchfiles.main[0m][0m [36mapi_variant[0m=[35mlocal_dev[0m [36mlanggraph_api_version[0m=[35m0.6.39[0m [36mthread_name[0m=[35mMainThread[0m
[2m2026-02-18T15:41:08.464118Z[0m [[32m[1minfo     [0m] [1m1 change detected             [0m [[0m[1m[34mwatchfiles.main[0m][0m [36mapi_variant[0m=[35mlocal_dev[0m [36mlanggraph_api_version[0m=[35m0.6.39[0m [36mthread_name[0m=[35mMainThread[0m
[2m2026-02-18T15:41:08.815360Z[0m [[32m[1minfo     [0m] [1m2 changes detected            [0m [[0m[1m[34mwatchfiles.main[0m][0m [36mapi_variant[0m=[35mlocal_dev[0m [36mlanggraph_api_version[0m=[35m0.6.39[0m [36mthread_name[0m=[35mMainThread[0m
[2m2026-02-18T15:41:18.742640Z[0m [[32m[1minfo     [0m] [1m4 changes detected            [0m [[0m[1m[34mwatchfiles.main[0m][0m [36mapi_variant[0m=[35mlocal_dev[0m [36mlanggraph_api_version[0m=[35m0.6.39[0m [36mthread_name[0m=[35mMainThread[0m
[2m2026-02-18T15:41:19.093396Z[0m [[32m[1minfo     [0m] [1m1 change detected             [0m [[0m[1m[34mwatchfiles.main[0m][0m [36mapi_variant[0m=[35mlocal_dev[0m [36mlanggraph_api_version[0m=[35m0.6.39[0m [36mthread_name[0m=[35mMainThread[0m
[2m2026-02-18T15:41:19.444099Z[0m [[32m[1minfo     [0m] [1m3 changes detected            [0m [[0m[1m[34mwatchfiles.main[0m][0m [36mapi_variant[0m=[35mlocal_dev[0m [36mlanggraph_api_version[0m=[35m0.6.39[0m [36mthread_name[0m=[35mMainThread[0m
[2m2026-02-18T15:41:19.795048Z[0m [[32m[1minfo     [0m] [1m1 change detected             [0m [[0m[1m[34mwatchfiles.main[0m][0m [36mapi_variant[0m=[35mlocal_dev[0m [36mlanggraph_api_version[0m=[35m0.6.39[0m [36mthread_name[0m=[35mMainThread[0m
[2m2026-02-18T15:41:20.145980Z[0m [[32m[1minfo     [0m] [1m2 changes detected            [0m [[0m[1m[34mwatchfiles.main[0m][0m [36mapi_variant[0m=[35mlocal_dev[0m [36mlanggraph_api_version[0m=[35m0.6.39[0m [36mthread_name[0m=[35mMainThread[0m
[2m2026-02-18T15:41:30.127737Z[0m [[32m[1minfo     [0m] [1m4 changes detected            [0m [[0m[1m[34mwatchfiles.main[0m][0m [36mapi_variant[0m=[35mlocal_dev[0m [36mlanggraph_api_version[0m=[35m0.6.39[0m [36mthread_name[0m=[35mMainThread[0m
[2m2026-02-18T15:41:30.478709Z[0m [[32m[1minfo     [0m] [1m1 change detected             [0m [[0m[1m[34mwatchfiles.main[0m][0m [36mapi_variant[0m=[35mlocal_dev[0m [36mlanggraph_api_version[0m=[35m0.6.39[0m [36mthread_name[0m=[35mMainThread[0m
[2m2026-02-18T15:41:30.829691Z[0m [[32m[1minfo     [0m] [1m3 changes detected            [0m [[0m[1m[34mwatchfiles.main[0m][0m [36mapi_variant[0m=[35mlocal_dev[0m [36mlanggraph_api_version[0m=[35m0.6.39[0m [36mthread_name[0m=[35mMainThread[0m
[2m2026-02-18T15:41:31.180650Z[0m [[32m[1minfo     [0m] [1m1 change detected             [0m [[0m[1m[34mwatchfiles.main[0m][0m [36mapi_variant[0m=[35mlocal_dev[0m [36mlanggraph_api_version[0m=[35m0.6.39[0m [36mthread_name[0m=[35mMainThread[0m
[2m2026-02-18T15:41:31.531942Z[0m [[32m[1minfo     [0m] [1m2 changes detected            [0m [[0m[1m[34mwatchfiles.main[0m][0m [36mapi_variant[0m=[35mlocal_dev[0m [36mlanggraph_api_version[0m=[35m0.6.39[0m [36mthread_name[0m=[35mMainThread[0m
[2m2026-02-18T15:41:41.509492Z[0m [[32m[1minfo     [0m] [1m4 changes detected            [0m [[0m[1m[34mwatchfiles.main[0m][0m [36mapi_variant[0m=[35mlocal_dev[0m [36mlanggraph_api_version[0m=[35m0.6.39[0m [36mthread_name[0m=[35mMainThread[0m
[2m2026-02-18T15:41:41.860434Z[0m [[32m[1minfo     [0m] [1m1 change detected             [0m [[0m[1m[34mwatchfiles.main[0m][0m [36mapi_variant[0m=[35mlocal_dev[0m [36mlanggraph_api_version[0m=[35m0.6.39[0m [36mthread_name[0m=[35mMainThread[0m
[2m2026-02-18T15:41:42.211438Z[0m [[32m[1minfo     [0m] [1m3 changes detected            [0m [[0m[1m[34mwatchfiles.main[0m][0m [36mapi_variant[0m=[35mlocal_dev[0m [36mlanggraph_api_version[0m=[35m0.6.39[0m [36mthread_name[0m=[35mMainThread[0m
[2m2026-02-18T15:41:42.562014Z[0m [[32m[1minfo     [0m] [1m1 change detected             [0m [[0m[1m[34mwatchfiles.main[0m][0m [36mapi_variant[0m=[35mlocal_dev[0m [36mlanggraph_api_version[0m=[35m0.6.39[0m [36mthread_name[0m=[35mMainThread[0m
[2m2026-02-18T15:41:42.912923Z[0m [[32m[1minfo     [0m] [1m2 changes detected            [0m [[0m[1m[34mwatchfiles.main[0m][0m [36mapi_variant[0m=[35mlocal_dev[0m [36mlanggraph_api_version[0m=[35m0.6.39[0m [36mthread_name[0m=[35mMainThread[0m
[2m2026-02-18T15:41:52.887428Z[0m [[32m[1minfo     [0m] [1m4 changes detected            [0m [[0m[1m[34mwatchfiles.main[0m][0m [36mapi_variant[0m=[35mlocal_dev[0m [36mlanggraph_api_version[0m=[35m0.6.39[0m [36mthread_name[0m=[35mMainThread[0m
[2m2026-02-18T15:41:53.238406Z[0m [[32m[1minfo     [0m] [1m1 change detected             [0m [[0m[1m[34mwatchfiles.main[0m][0m [36mapi_variant[0m=[35mlocal_dev[0m [36mlanggraph_api_version[0m=[35m0.6.39[0m [36mthread_name[0m=[35mMainThread[0m
[2m2026-02-18T15:41:53.589358Z[0m [[32m[1minfo     [0m] [1m3 changes detected            [0m [[0m[1m[34mwatchfiles.main[0m][0m [36mapi_variant[0m=[35mlocal_dev[0m [36mlanggraph_api_version[0m=[35m0.6.39[0m [36mthread_name[0m=[35mMainThread[0m
[2m2026-02-18T15:41:53.940184Z[0m [[32m[1minfo     [0m] [1m1 change detected             [0m [[0m[1m[34mwatchfiles.main[0m][0m [36mapi_variant[0m=[35mlocal_dev[0m [36mlanggraph_api_version[0m=[35m0.6.39[0m [36mthread_name[0m=[35mMainThread[0m
[2m2026-02-18T15:41:54.291416Z[0m [[32m[1minfo     [0m] [1m2 changes detected            [0m [[0m[1m[34mwatchfiles.main[0m][0m [36mapi_variant[0m=[35mlocal_dev[0m [36mlanggraph_api_version[0m=[35m0.6.39[0m [36mthread_name[0m=[35mMainThread[0m
[2m2026-02-18T15:42:04.058435Z[0m [[32m[1minfo     [0m] [1mWorker stats                  [0m [[0m[1m[34mlanggraph_runtime_inmem.queue[0m][0m [36mactive[0m=[35m0[0m [36mapi_variant[0m=[35mlocal_dev[0m [36mavailable[0m=[35m1[0m [36mlanggraph_api_version[0m=[35m0.6.39[0m [36mmax[0m=[35m1[0m [36mthread_name[0m=[35masyncio_0[0m
[2m2026-02-18T15:42:04.315731Z[0m [[32m[1minfo     [0m] [1m4 changes detected            [0m [[0m[1m[34mwatchfiles.main[0m][0m [36mapi_variant[0m=[35mlocal_dev[0m [36mlanggraph_api_version[0m=[35m0.6.39[0m [36mthread_name[0m=[35mMainThread[0m
[2m2026-02-18T15:42:04.560674Z[0m [[32m[1minfo     [0m] [1mQueue stats                   [0m [[0m[1m[34mlanggraph_runtime_inmem.queue[0m][0m [36mapi_variant[0m=[35mlocal_dev[0m [36mlanggraph_api_version[0m=[35m0.6.39[0m [36mn_pending[0m=[35m0[0m [36mn_running[0m=[35m0[0m [36mpending_runs_wait_time_max_secs[0m=[35mNone[0m [36mpending_runs_wait_time_med_secs[0m=[35mNone[0m [36mpending_unblocked_runs_wait_time_max_secs[0m=[35mNone[0m [36mthread_name[0m=[35masyncio_0[0m
[2m2026-02-18T15:42:04.666721Z[0m [[32m[1minfo     [0m] [1m1 change detected             [0m [[0m[1m[34mwatchfiles.main[0m][0m [36mapi_variant[0m=[35mlocal_dev[0m [36mlanggraph_api_version[0m=[35m0.6.39[0m [36mthread_name[0m=[35mMainThread[0m
[2m2026-02-18T15:42:05.017656Z[0m [[32m[1minfo     [0m] [1m3 changes detected            [0m [[0m[1m[34mwatchfiles.main[0m][0m [36mapi_variant[0m=[35mlocal_dev[0m [36mlanggraph_api_version[0m=[35m0.6.39[0m [36mthread_name[0m=[35mMainThread[0m
[2m2026-02-18T15:42:05.368620Z[0m [[32m[1minfo     [0m] [1m1 change detected             [0m [[0m[1m[34mwatchfiles.main[0m][0m [36mapi_variant[0m=[35mlocal_dev[0m [36mlanggraph_api_version[0m=[35m0.6.39[0m [36mthread_name[0m=[35mMainThread[0m
[2m2026-02-18T15:42:05.719686Z[0m [[32m[1minfo     [0m] [1m2 changes detected            [0m [[0m[1m[34mwatchfiles.main[0m][0m [36mapi_variant[0m=[35mlocal_dev[0m [36mlanggraph_api_version[0m=[35m0.6.39[0m [36mthread_name[0m=[35mMainThread[0m
[2m2026-02-18T15:42:15.697392Z[0m [[32m[1minfo     [0m] [1m4 changes detected            [0m [[0m[1m[34mwatchfiles.main[0m][0m [36mapi_variant[0m=[35mlocal_dev[0m [36mlanggraph_api_version[0m=[35m0.6.39[0m [36mthread_name[0m=[35mMainThread[0m
[2m2026-02-18T15:42:16.048339Z[0m [[32m[1minfo     [0m] [1m1 change detected             [0m [[0m[1m[34mwatchfiles.main[0m][0m [36mapi_variant[0m=[35mlocal_dev[0m [36mlanggraph_api_version[0m=[35m0.6.39[0m [36mthread_name[0m=[35mMainThread[0m
[2m2026-02-18T15:42:16.399369Z[0m [[32m[1minfo     [0m] [1m3 changes detected            [0m [[0m[1m[34mwatchfiles.main[0m][0m [36mapi_variant[0m=[35mlocal_dev[0m [36mlanggraph_api_version[0m=[35m0.6.39[0m [36mthread_name[0m=[35mMainThread[0m
[2m2026-02-18T15:42:16.749923Z[0m [[32m[1minfo     [0m] [1m1 change detected             [0m [[0m[1m[34mwatchfiles.main[0m][0m [36mapi_variant[0m=[35mlocal_dev[0m [36mlanggraph_api_version[0m=[35m0.6.39[0m [36mthread_name[0m=[35mMainThread[0m
[2m2026-02-18T15:42:17.100721Z[0m [[32m[1minfo     [0m] [1m2 changes detected            [0m [[0m[1m[34mwatchfiles.main[0m][0m [36mapi_variant[0m=[35mlocal_dev[0m [36mlanggraph_api_version[0m=[35m0.6.39[0m [36mthread_name[0m=[35mMainThread[0m
[2m2026-02-18T15:42:27.025707Z[0m [[32m[1minfo     [0m] [1m4 changes detected            [0m [[0m[1m[34mwatchfiles.main[0m][0m [36mapi_variant[0m=[35mlocal_dev[0m [36mlanggraph_api_version[0m=[35m0.6.39[0m [36mthread_name[0m=[35mMainThread[0m
[2m2026-02-18T15:42:27.376778Z[0m [[32m[1minfo     [0m] [1m1 change detected             [0m [[0m[1m[34mwatchfiles.main[0m][0m [36mapi_variant[0m=[35mlocal_dev[0m [36mlanggraph_api_version[0m=[35m0.6.39[0m [36mthread_name[0m=[35mMainThread[0m
[2m2026-02-18T15:42:28.379296Z[0m [[32m[1minfo     [0m] [1m3 changes detected            [0m [[0m[1m[34mwatchfiles.main[0m][0m [36mapi_variant[0m=[35mlocal_dev[0m [36mlanggraph_api_version[0m=[35m0.6.39[0m [36mthread_name[0m=[35mMainThread[0m
[2m2026-02-18T15:42:28.729824Z[0m [[32m[1minfo     [0m] [1m1 change detected             [0m [[0m[1m[34mwatchfiles.main[0m][0m [36mapi_variant[0m=[35mlocal_dev[0m [36mlanggraph_api_version[0m=[35m0.6.39[0m [36mthread_name[0m=[35mMainThread[0m
[2m2026-02-18T15:42:29.180651Z[0m [[32m[1minfo     [0m] [1m2 changes detected            [0m [[0m[1m[34mwatchfiles.main[0m][0m [36mapi_variant[0m=[35mlocal_dev[0m [36mlanggraph_api_version[0m=[35m0.6.39[0m [36mthread_name[0m=[35mMainThread[0m
[2m2026-02-18T15:42:39.154292Z[0m [[32m[1minfo     [0m] [1m1 change detected             [0m [[0m[1m[34mwatchfiles.main[0m][0m [36mapi_variant[0m=[35mlocal_dev[0m [36mlanggraph_api_version[0m=[35m0.6.39[0m [36mthread_name[0m=[35mMainThread[0m
[2m2026-02-18T15:42:39.505061Z[0m [[32m[1minfo     [0m] [1m3 changes detected            [0m [[0m[1m[34mwatchfiles.main[0m][0m [36mapi_variant[0m=[35mlocal_dev[0m [36mlanggraph_api_version[0m=[35m0.6.39[0m [36mthread_name[0m=[35mMainThread[0m
[2m2026-02-18T15:42:39.905877Z[0m [[32m[1minfo     [0m] [1m3 changes detected            [0m [[0m[1m[34mwatchfiles.main[0m][0m [36mapi_variant[0m=[35mlocal_dev[0m [36mlanggraph_api_version[0m=[35m0.6.39[0m [36mthread_name[0m=[35mMainThread[0m
[2m2026-02-18T15:42:40.256860Z[0m [[32m[1minfo     [0m] [1m1 change detected             [0m [[0m[1m[34mwatchfiles.main[0m][0m [36mapi_variant[0m=[35mlocal_dev[0m [36mlanggraph_api_version[0m=[35m0.6.39[0m [36mthread_name[0m=[35mMainThread[0m
[2m2026-02-18T15:42:40.808297Z[0m [[32m[1minfo     [0m] [1m2 changes detected            [0m [[0m[1m[34mwatchfiles.main[0m][0m [36mapi_variant[0m=[35mlocal_dev[0m [36mlanggraph_api_version[0m=[35m0.6.39[0m [36mthread_name[0m=[35mMainThread[0m
[2m2026-02-18T15:42:50.880670Z[0m [[32m[1minfo     [0m] [1m4 changes detected            [0m [[0m[1m[34mwatchfiles.main[0m][0m [36mapi_variant[0m=[35mlocal_dev[0m [36mlanggraph_api_version[0m=[35m0.6.39[0m [36mthread_name[0m=[35mMainThread[0m
[2m2026-02-18T15:42:51.231301Z[0m [[32m[1minfo     [0m] [1m1 change detected             [0m [[0m[1m[34mwatchfiles.main[0m][0m [36mapi_variant[0m=[35mlocal_dev[0m [36mlanggraph_api_version[0m=[35m0.6.39[0m [36mthread_name[0m=[35mMainThread[0m
[2m2026-02-18T15:42:51.581790Z[0m [[32m[1minfo     [0m] [1m3 changes detected            [0m [[0m[1m[34mwatchfiles.main[0m][0m [36mapi_variant[0m=[35mlocal_dev[0m [36mlanggraph_api_version[0m=[35m0.6.39[0m [36mthread_name[0m=[35mMainThread[0m
[2m2026-02-18T15:42:51.932328Z[0m [[32m[1minfo     [0m] [1m1 change detected             [0m [[0m[1m[34mwatchfiles.main[0m][0m [36mapi_variant[0m=[35mlocal_dev[0m [36mlanggraph_api_version[0m=[35m0.6.39[0m [36mthread_name[0m=[35mMainThread[0m
[2m2026-02-18T15:42:52.383468Z[0m [[32m[1minfo     [0m] [1m2 changes detected            [0m [[0m[1m[34mwatchfiles.main[0m][0m [36mapi_variant[0m=[35mlocal_dev[0m [36mlanggraph_api_version[0m=[35m0.6.39[0m [36mthread_name[0m=[35mMainThread[0m
[2m2026-02-18T15:43:02.460001Z[0m [[32m[1minfo     [0m] [1m4 changes detected            [0m [[0m[1m[34mwatchfiles.main[0m][0m [36mapi_variant[0m=[35mlocal_dev[0m [36mlanggraph_api_version[0m=[35m0.6.39[0m [36mthread_name[0m=[35mMainThread[0m
[2m2026-02-18T15:43:02.810926Z[0m [[32m[1minfo     [0m] [1m1 change detected             [0m [[0m[1m[34mwatchfiles.main[0m][0m [36mapi_variant[0m=[35mlocal_dev[0m [36mlanggraph_api_version[0m=[35m0.6.39[0m [36mthread_name[0m=[35mMainThread[0m
[2m2026-02-18T15:43:03.161845Z[0m [[32m[1minfo     [0m] [1m3 changes detected            [0m [[0m[1m[34mwatchfiles.main[0m][0m [36mapi_variant[0m=[35mlocal_dev[0m [36mlanggraph_api_version[0m=[35m0.6.39[0m [36mthread_name[0m=[35mMainThread[0m
[2m2026-02-18T15:43:03.512572Z[0m [[32m[1minfo     [0m] [1m1 change detected             [0m [[0m[1m[34mwatchfiles.main[0m][0m [36mapi_variant[0m=[35mlocal_dev[0m [36mlanggraph_api_version[0m=[35m0.6.39[0m [36mthread_name[0m=[35mMainThread[0m
[2m2026-02-18T15:43:03.863533Z[0m [[32m[1minfo     [0m] [1m2 changes detected            [0m [[0m[1m[34mwatchfiles.main[0m][0m [36mapi_variant[0m=[35mlocal_dev[0m [36mlanggraph_api_version[0m=[35m0.6.39[0m [36mthread_name[0m=[35mMainThread[0m
[2m2026-02-18T15:43:04.276755Z[0m [[32m[1minfo     [0m] [1mWorker stats                  [0m [[0m[1m[34mlanggraph_runtime_inmem.queue[0m][0m [36mactive[0m=[35m0[0m [36mapi_variant[0m=[35mlocal_dev[0m [36mavailable[0m=[35m1[0m [36mlanggraph_api_version[0m=[35m0.6.39[0m [36mmax[0m=[35m1[0m [36mthread_name[0m=[35masyncio_0[0m
[2m2026-02-18T15:43:04.780273Z[0m [[32m[1minfo     [0m] [1mQueue stats                   [0m [[0m[1m[34mlanggraph_runtime_inmem.queue[0m][0m [36mapi_variant[0m=[35mlocal_dev[0m [36mlanggraph_api_version[0m=[35m0.6.39[0m [36mn_pending[0m=[35m0[0m [36mn_running[0m=[35m0[0m [36mpending_runs_wait_time_max_secs[0m=[35mNone[0m [36mpending_runs_wait_time_med_secs[0m=[35mNone[0m [36mpending_unblocked_runs_wait_time_max_secs[0m=[35mNone[0m [36mthread_name[0m=[35masyncio_0[0m
[2m2026-02-18T15:43:13.886752Z[0m [[32m[1minfo     [0m] [1m4 changes detected            [0m [[0m[1m[34mwatchfiles.main[0m][0m [36mapi_variant[0m=[35mlocal_dev[0m [36mlanggraph_api_version[0m=[35m0.6.39[0m [36mthread_name[0m=[35mMainThread[0m
[2m2026-02-18T15:43:14.237550Z[0m [[32m[1minfo     [0m] [1m1 change detected             [0m [[0m[1m[34mwatchfiles.main[0m][0m [36mapi_variant[0m=[35mlocal_dev[0m [36mlanggraph_api_version[0m=[35m0.6.39[0m [36mthread_name[0m=[35mMainThread[0m
[2m2026-02-18T15:43:14.588257Z[0m [[32m[1minfo     [0m] [1m3 changes detected            [0m [[0m[1m[34mwatchfiles.main[0m][0m [36mapi_variant[0m=[35mlocal_dev[0m [36mlanggraph_api_version[0m=[35m0.6.39[0m [36mthread_name[0m=[35mMainThread[0m
[2m2026-02-18T15:43:14.939349Z[0m [[32m[1minfo     [0m] [1m1 change detected             [0m [[0m[1m[34mwatchfiles.main[0m][0m [36mapi_variant[0m=[35mlocal_dev[0m [36mlanggraph_api_version[0m=[35m0.6.39[0m [36mthread_name[0m=[35mMainThread[0m
[2m2026-02-18T15:43:15.290394Z[0m [[32m[1minfo     [0m] [1m2 changes detected            [0m [[0m[1m[34mwatchfiles.main[0m][0m [36mapi_variant[0m=[35mlocal_dev[0m [36mlanggraph_api_version[0m=[35m0.6.39[0m [36mthread_name[0m=[35mMainThread[0m
[2m2026-02-18T15:43:25.217787Z[0m [[32m[1minfo     [0m] [1m4 changes detected            [0m [[0m[1m[34mwatchfiles.main[0m][0m [36mapi_variant[0m=[35mlocal_dev[0m [36mlanggraph_api_version[0m=[35m0.6.39[0m [36mthread_name[0m=[35mMainThread[0m
[2m2026-02-18T15:43:25.568573Z[0m [[32m[1minfo     [0m] [1m1 change detected             [0m [[0m[1m[34mwatchfiles.main[0m][0m [36mapi_variant[0m=[35mlocal_dev[0m [36mlanggraph_api_version[0m=[35m0.6.39[0m [36mthread_name[0m=[35mMainThread[0m
[2m2026-02-18T15:43:25.919131Z[0m [[32m[1minfo     [0m] [1m3 changes detected            [0m [[0m[1m[34mwatchfiles.main[0m][0m [36mapi_variant[0m=[35mlocal_dev[0m [36mlanggraph_api_version[0m=[35m0.6.39[0m [36mthread_name[0m=[35mMainThread[0m
[2m2026-02-18T15:43:26.270021Z[0m [[32m[1minfo     [0m] [1m1 change detected             [0m [[0m[1m[34mwatchfiles.main[0m][0m [36mapi_variant[0m=[35mlocal_dev[0m [36mlanggraph_api_version[0m=[35m0.6.39[0m [36mthread_name[0m=[35mMainThread[0m
[2m2026-02-18T15:43:26.621283Z[0m [[32m[1minfo     [0m] [1m2 changes detected            [0m [[0m[1m[34mwatchfiles.main[0m][0m [36mapi_variant[0m=[35mlocal_dev[0m [36mlanggraph_api_version[0m=[35m0.6.39[0m [36mthread_name[0m=[35mMainThread[0m
[2m2026-02-18T15:43:36.596840Z[0m [[32m[1minfo     [0m] [1m4 changes detected            [0m [[0m[1m[34mwatchfiles.main[0m][0m [36mapi_variant[0m=[35mlocal_dev[0m [36mlanggraph_api_version[0m=[35m0.6.39[0m [36mthread_name[0m=[35mMainThread[0m
[2m2026-02-18T15:43:36.947580Z[0m [[32m[1minfo     [0m] [1m1 change detected             [0m [[0m[1m[34mwatchfiles.main[0m][0m [36mapi_variant[0m=[35mlocal_dev[0m [36mlanggraph_api_version[0m=[35m0.6.39[0m [36mthread_name[0m=[35mMainThread[0m
[2m2026-02-18T15:43:37.298118Z[0m [[32m[1minfo     [0m] [1m3 changes detected            [0m [[0m[1m[34mwatchfiles.main[0m][0m [36mapi_variant[0m=[35mlocal_dev[0m [36mlanggraph_api_version[0m=[35m0.6.39[0m [36mthread_name[0m=[35mMainThread[0m
[2m2026-02-18T15:43:37.649158Z[0m [[32m[1minfo     [0m] [1m1 change detected             [0m [[0m[1m[34mwatchfiles.main[0m][0m [36mapi_variant[0m=[35mlocal_dev[0m [36mlanggraph_api_version[0m=[35m0.6.39[0m [36mthread_name[0m=[35mMainThread[0m
[2m2026-02-18T15:43:38.000297Z[0m [[32m[1minfo     [0m] [1m2 changes detected            [0m [[0m[1m[34mwatchfiles.main[0m][0m [36mapi_variant[0m=[35mlocal_dev[0m [36mlanggraph_api_version[0m=[35m0.6.39[0m [36mthread_name[0m=[35mMainThread[0m
[2m2026-02-18T15:43:47.981995Z[0m [[32m[1minfo     [0m] [1m4 changes detected            [0m [[0m[1m[34mwatchfiles.main[0m][0m [36mapi_variant[0m=[35mlocal_dev[0m [36mlanggraph_api_version[0m=[35m0.6.39[0m [36mthread_name[0m=[35mMainThread[0m
[2m2026-02-18T15:43:48.332663Z[0m [[32m[1minfo     [0m] [1m1 change detected             [0m [[0m[1m[34mwatchfiles.main[0m][0m [36mapi_variant[0m=[35mlocal_dev[0m [36mlanggraph_api_version[0m=[35m0.6.39[0m [36mthread_name[0m=[35mMainThread[0m
[2m2026-02-18T15:43:48.683247Z[0m [[32m[1minfo     [0m] [1m3 changes detected            [0m [[0m[1m[34mwatchfiles.main[0m][0m [36mapi_variant[0m=[35mlocal_dev[0m [36mlanggraph_api_version[0m=[35m0.6.39[0m [36mthread_name[0m=[35mMainThread[0m
[2m2026-02-18T15:43:49.033786Z[0m [[32m[1minfo     [0m] [1m1 change detected             [0m [[0m[1m[34mwatchfiles.main[0m][0m [36mapi_variant[0m=[35mlocal_dev[0m [36mlanggraph_api_version[0m=[35m0.6.39[0m [36mthread_name[0m=[35mMainThread[0m
[2m2026-02-18T15:43:49.384474Z[0m [[32m[1minfo     [0m] [1m2 changes detected            [0m [[0m[1m[34mwatchfiles.main[0m][0m [36mapi_variant[0m=[35mlocal_dev[0m [36mlanggraph_api_version[0m=[35m0.6.39[0m [36mthread_name[0m=[35mMainThread[0m
[2m2026-02-18T15:43:59.418804Z[0m [[32m[1minfo     [0m] [1m4 changes detected            [0m [[0m[1m[34mwatchfiles.main[0m][0m [36mapi_variant[0m=[35mlocal_dev[0m [36mlanggraph_api_version[0m=[35m0.6.39[0m [36mthread_name[0m=[35mMainThread[0m
[2m2026-02-18T15:43:59.769450Z[0m [[32m[1minfo     [0m] [1m1 change detected             [0m [[0m[1m[34mwatchfiles.main[0m][0m [36mapi_variant[0m=[35mlocal_dev[0m [36mlanggraph_api_version[0m=[35m0.6.39[0m [36mthread_name[0m=[35mMainThread[0m
[2m2026-02-18T15:44:00.119977Z[0m [[32m[1minfo     [0m] [1m3 changes detected            [0m [[0m[1m[34mwatchfiles.main[0m][0m [36mapi_variant[0m=[35mlocal_dev[0m [36mlanggraph_api_version[0m=[35m0.6.39[0m [36mthread_name[0m=[35mMainThread[0m
[2m2026-02-18T15:44:00.375396Z[0m [[32m[1minfo     [0m] [1mHTTP Request: POST https://api.smith.langchain.com/v1/metadata/submit "HTTP/1.1 204 No Content"[0m [[0m[1m[34mhttpx[0m][0m [36mapi_variant[0m=[35mlocal_dev[0m [36mlanggraph_api_version[0m=[35m0.6.39[0m [36mthread_name[0m=[35mMainThread[0m
[2m2026-02-18T15:44:00.376858Z[0m [[32m[1minfo     [0m] [1mSuccessfully submitted metadata to LangSmith instance[0m [[0m[1m[34mlanggraph_api.metadata[0m][0m [36mapi_variant[0m=[35mlocal_dev[0m [36mlanggraph_api_version[0m=[35m0.6.39[0m [36mn_nodes[0m=[35m0[0m [36mn_runs[0m=[35m0[0m [36mthread_name[0m=[35mMainThread[0m
[2m2026-02-18T15:44:00.470723Z[0m [[32m[1minfo     [0m] [1m1 change detected             [0m [[0m[1m[34mwatchfiles.main[0m][0m [36mapi_variant[0m=[35mlocal_dev[0m [36mlanggraph_api_version[0m=[35m0.6.39[0m [36mthread_name[0m=[35mMainThread[0m
[2m2026-02-18T15:44:00.821572Z[0m [[32m[1minfo     [0m] [1m2 changes detected            [0m [[0m[1m[34mwatchfiles.main[0m][0m [36mapi_variant[0m=[35mlocal_dev[0m [36mlanggraph_api_version[0m=[35m0.6.39[0m [36mthread_name[0m=[35mMainThread[0m
[2m2026-02-18T15:44:04.494211Z[0m [[32m[1minfo     [0m] [1mWorker stats                  [0m [[0m[1m[34mlanggraph_runtime_inmem.queue[0m][0m [36mactive[0m=[35m0[0m [36mapi_variant[0m=[35mlocal_dev[0m [36mavailable[0m=[35m1[0m [36mlanggraph_api_version[0m=[35m0.6.39[0m [36mmax[0m=[35m1[0m [36mthread_name[0m=[35masyncio_0[0m
[2m2026-02-18T15:44:04.997199Z[0m [[32m[1minfo     [0m] [1mQueue stats                   [0m [[0m[1m[34mlanggraph_runtime_inmem.queue[0m][0m [36mapi_variant[0m=[35mlocal_dev[0m [36mlanggraph_api_version[0m=[35m0.6.39[0m [36mn_pending[0m=[35m0[0m [36mn_running[0m=[35m0[0m [36mpending_runs_wait_time_max_secs[0m=[35mNone[0m [36mpending_runs_wait_time_med_secs[0m=[35mNone[0m [36mpending_unblocked_runs_wait_time_max_secs[0m=[35mNone[0m [36mthread_name[0m=[35masyncio_0[0m
[2m2026-02-18T15:44:10.798196Z[0m [[32m[1minfo     [0m] [1m4 changes detected            [0m [[0m[1m[34mwatchfiles.main[0m][0m [36mapi_variant[0m=[35mlocal_dev[0m [36mlanggraph_api_version[0m=[35m0.6.39[0m [36mthread_name[0m=[35mMainThread[0m
[2m2026-02-18T15:44:11.148946Z[0m [[32m[1minfo     [0m] [1m1 change detected             [0m [[0m[1m[34mwatchfiles.main[0m][0m [36mapi_variant[0m=[35mlocal_dev[0m [36mlanggraph_api_version[0m=[35m0.6.39[0m [36mthread_name[0m=[35mMainThread[0m
[2m2026-02-18T15:44:11.499626Z[0m [[32m[1minfo     [0m] [1m3 changes detected            [0m [[0m[1m[34mwatchfiles.main[0m][0m [36mapi_variant[0m=[35mlocal_dev[0m [36mlanggraph_api_version[0m=[35m0.6.39[0m [36mthread_name[0m=[35mMainThread[0m
[2m2026-02-18T15:44:11.850175Z[0m [[32m[1minfo     [0m] [1m1 change detected             [0m [[0m[1m[34mwatchfiles.main[0m][0m [36mapi_variant[0m=[35mlocal_dev[0m [36mlanggraph_api_version[0m=[35m0.6.39[0m [36mthread_name[0m=[35mMainThread[0m
[2m2026-02-18T15:44:12.200710Z[0m [[32m[1minfo     [0m] [1m2 changes detected            [0m [[0m[1m[34mwatchfiles.main[0m][0m [36mapi_variant[0m=[35mlocal_dev[0m [36mlanggraph_api_version[0m=[35m0.6.39[0m [36mthread_name[0m=[35mMainThread[0m
[2m2026-02-18T15:44:22.226500Z[0m [[32m[1minfo     [0m] [1m4 changes detected            [0m [[0m[1m[34mwatchfiles.main[0m][0m [36mapi_variant[0m=[35mlocal_dev[0m [36mlanggraph_api_version[0m=[35m0.6.39[0m [36mthread_name[0m=[35mMainThread[0m
[2m2026-02-18T15:44:22.577450Z[0m [[32m[1minfo     [0m] [1m1 change detected             [0m [[0m[1m[34mwatchfiles.main[0m][0m [36mapi_variant[0m=[35mlocal_dev[0m [36mlanggraph_api_version[0m=[35m0.6.39[0m [36mthread_name[0m=[35mMainThread[0m
[2m2026-02-18T15:44:22.928418Z[0m [[32m[1minfo     [0m] [1m3 changes detected            [0m [[0m[1m[34mwatchfiles.main[0m][0m [36mapi_variant[0m=[35mlocal_dev[0m [36mlanggraph_api_version[0m=[35m0.6.39[0m [36mthread_name[0m=[35mMainThread[0m
[2m2026-02-18T15:44:23.279401Z[0m [[32m[1minfo     [0m] [1m1 change detected             [0m [[0m[1m[34mwatchfiles.main[0m][0m [36mapi_variant[0m=[35mlocal_dev[0m [36mlanggraph_api_version[0m=[35m0.6.39[0m [36mthread_name[0m=[35mMainThread[0m
[2m2026-02-18T15:44:23.630550Z[0m [[32m[1minfo     [0m] [1m2 changes detected            [0m [[0m[1m[34mwatchfiles.main[0m][0m [36mapi_variant[0m=[35mlocal_dev[0m [36mlanggraph_api_version[0m=[35m0.6.39[0m [36mthread_name[0m=[35mMainThread[0m
[2m2026-02-18T15:44:33.605599Z[0m [[32m[1minfo     [0m] [1m4 changes detected            [0m [[0m[1m[34mwatchfiles.main[0m][0m [36mapi_variant[0m=[35mlocal_dev[0m [36mlanggraph_api_version[0m=[35m0.6.39[0m [36mthread_name[0m=[35mMainThread[0m
[2m2026-02-18T15:44:33.956585Z[0m [[32m[1minfo     [0m] [1m1 change detected             [0m [[0m[1m[34mwatchfiles.main[0m][0m [36mapi_variant[0m=[35mlocal_dev[0m [36mlanggraph_api_version[0m=[35m0.6.39[0m [36mthread_name[0m=[35mMainThread[0m
[2m2026-02-18T15:44:34.307551Z[0m [[32m[1minfo     [0m] [1m3 changes detected            [0m [[0m[1m[34mwatchfiles.main[0m][0m [36mapi_variant[0m=[35mlocal_dev[0m [36mlanggraph_api_version[0m=[35m0.6.39[0m [36mthread_name[0m=[35mMainThread[0m
[2m2026-02-18T15:44:34.658486Z[0m [[32m[1minfo     [0m] [1m1 change detected             [0m [[0m[1m[34mwatchfiles.main[0m][0m [36mapi_variant[0m=[35mlocal_dev[0m [36mlanggraph_api_version[0m=[35m0.6.39[0m [36mthread_name[0m=[35mMainThread[0m
[2m2026-02-18T15:44:35.009731Z[0m [[32m[1minfo     [0m] [1m2 changes detected            [0m [[0m[1m[34mwatchfiles.main[0m][0m [36mapi_variant[0m=[35mlocal_dev[0m [36mlanggraph_api_version[0m=[35m0.6.39[0m [36mthread_name[0m=[35mMainThread[0m
[2m2026-02-18T15:44:44.985195Z[0m [[32m[1minfo     [0m] [1m4 changes detected            [0m [[0m[1m[34mwatchfiles.main[0m][0m [36mapi_variant[0m=[35mlocal_dev[0m [36mlanggraph_api_version[0m=[35m0.6.39[0m [36mthread_name[0m=[35mMainThread[0m
[2m2026-02-18T15:44:45.336156Z[0m [[32m[1minfo     [0m] [1m1 change detected             [0m [[0m[1m[34mwatchfiles.main[0m][0m [36mapi_variant[0m=[35mlocal_dev[0m [36mlanggraph_api_version[0m=[35m0.6.39[0m [36mthread_name[0m=[35mMainThread[0m
[2m2026-02-18T15:44:45.687066Z[0m [[32m[1minfo     [0m] [1m3 changes detected            [0m [[0m[1m[34mwatchfiles.main[0m][0m [36mapi_variant[0m=[35mlocal_dev[0m [36mlanggraph_api_version[0m=[35m0.6.39[0m [36mthread_name[0m=[35mMainThread[0m
[2m2026-02-18T15:44:46.037955Z[0m [[32m[1minfo     [0m] [1m1 change detected             [0m [[0m[1m[34mwatchfiles.main[0m][0m [36mapi_variant[0m=[35mlocal_dev[0m [36mlanggraph_api_version[0m=[35m0.6.39[0m [36mthread_name[0m=[35mMainThread[0m
[2m2026-02-18T15:44:46.389028Z[0m [[32m[1minfo     [0m] [1m2 changes detected            [0m [[0m[1m[34mwatchfiles.main[0m][0m [36mapi_variant[0m=[35mlocal_dev[0m [36mlanggraph_api_version[0m=[35m0.6.39[0m [36mthread_name[0m=[35mMainThread[0m
[2m2026-02-18T15:44:56.415606Z[0m [[32m[1minfo     [0m] [1m4 changes detected            [0m [[0m[1m[34mwatchfiles.main[0m][0m [36mapi_variant[0m=[35mlocal_dev[0m [36mlanggraph_api_version[0m=[35m0.6.39[0m [36mthread_name[0m=[35mMainThread[0m
[2m2026-02-18T15:44:56.766554Z[0m [[32m[1minfo     [0m] [1m1 change detected             [0m [[0m[1m[34mwatchfiles.main[0m][0m [36mapi_variant[0m=[35mlocal_dev[0m [36mlanggraph_api_version[0m=[35m0.6.39[0m [36mthread_name[0m=[35mMainThread[0m
[2m2026-02-18T15:44:57.117527Z[0m [[32m[1minfo     [0m] [1m3 changes detected            [0m [[0m[1m[34mwatchfiles.main[0m][0m [36mapi_variant[0m=[35mlocal_dev[0m [36mlanggraph_api_version[0m=[35m0.6.39[0m [36mthread_name[0m=[35mMainThread[0m
[2m2026-02-18T15:44:57.468141Z[0m [[32m[1minfo     [0m] [1m1 change detected             [0m [[0m[1m[34mwatchfiles.main[0m][0m [36mapi_variant[0m=[35mlocal_dev[0m [36mlanggraph_api_version[0m=[35m0.6.39[0m [36mthread_name[0m=[35mMainThread[0m
[2m2026-02-18T15:44:57.819037Z[0m [[32m[1minfo     [0m] [1m2 changes detected            [0m [[0m[1m[34mwatchfiles.main[0m][0m [36mapi_variant[0m=[35mlocal_dev[0m [36mlanggraph_api_version[0m=[35m0.6.39[0m [36mthread_name[0m=[35mMainThread[0m
[2m2026-02-18T15:45:04.703631Z[0m [[32m[1minfo     [0m] [1mWorker stats                  [0m [[0m[1m[34mlanggraph_runtime_inmem.queue[0m][0m [36mactive[0m=[35m0[0m [36mapi_variant[0m=[35mlocal_dev[0m [36mavailable[0m=[35m1[0m [36mlanggraph_api_version[0m=[35m0.6.39[0m [36mmax[0m=[35m1[0m [36mthread_name[0m=[35masyncio_1[0m
[2m2026-02-18T15:45:05.206472Z[0m [[32m[1minfo     [0m] [1mQueue stats                   [0m [[0m[1m[34mlanggraph_runtime_inmem.queue[0m][0m [36mapi_variant[0m=[35mlocal_dev[0m [36mlanggraph_api_version[0m=[35m0.6.39[0m [36mn_pending[0m=[35m0[0m [36mn_running[0m=[35m0[0m [36mpending_runs_wait_time_max_secs[0m=[35mNone[0m [36mpending_runs_wait_time_med_secs[0m=[35mNone[0m [36mpending_unblocked_runs_wait_time_max_secs[0m=[35mNone[0m [36mthread_name[0m=[35masyncio_1[0m
[2m2026-02-18T15:45:07.845605Z[0m [[32m[1minfo     [0m] [1m4 changes detected            [0m [[0m[1m[34mwatchfiles.main[0m][0m [36mapi_variant[0m=[35mlocal_dev[0m [36mlanggraph_api_version[0m=[35m0.6.39[0m [36mthread_name[0m=[35mMainThread[0m
[2m2026-02-18T15:45:08.196605Z[0m [[32m[1minfo     [0m] [1m1 change detected             [0m [[0m[1m[34mwatchfiles.main[0m][0m [36mapi_variant[0m=[35mlocal_dev[0m [36mlanggraph_api_version[0m=[35m0.6.39[0m [36mthread_name[0m=[35mMainThread[0m
[2m2026-02-18T15:45:08.547559Z[0m [[32m[1minfo     [0m] [1m3 changes detected            [0m [[0m[1m[34mwatchfiles.main[0m][0m [36mapi_variant[0m=[35mlocal_dev[0m [36mlanggraph_api_version[0m=[35m0.6.39[0m [36mthread_name[0m=[35mMainThread[0m
[2m2026-02-18T15:45:08.898193Z[0m [[32m[1minfo     [0m] [1m1 change detected             [0m [[0m[1m[34mwatchfiles.main[0m][0m [36mapi_variant[0m=[35mlocal_dev[0m [36mlanggraph_api_version[0m=[35m0.6.39[0m [36mthread_name[0m=[35mMainThread[0m
[2m2026-02-18T15:45:09.248830Z[0m [[32m[1minfo     [0m] [1m2 changes detected            [0m [[0m[1m[34mwatchfiles.main[0m][0m [36mapi_variant[0m=[35mlocal_dev[0m [36mlanggraph_api_version[0m=[35m0.6.39[0m [36mthread_name[0m=[35mMainThread[0m
[2m2026-02-18T15:45:19.273009Z[0m [[32m[1minfo     [0m] [1m4 changes detected            [0m [[0m[1m[34mwatchfiles.main[0m][0m [36mapi_variant[0m=[35mlocal_dev[0m [36mlanggraph_api_version[0m=[35m0.6.39[0m [36mthread_name[0m=[35mMainThread[0m
[2m2026-02-18T15:45:19.623915Z[0m [[32m[1minfo     [0m] [1m1 change detected             [0m [[0m[1m[34mwatchfiles.main[0m][0m [36mapi_variant[0m=[35mlocal_dev[0m [36mlanggraph_api_version[0m=[35m0.6.39[0m [36mthread_name[0m=[35mMainThread[0m
[2m2026-02-18T15:45:19.974796Z[0m [[32m[1minfo     [0m] [1m3 changes detected            [0m [[0m[1m[34mwatchfiles.main[0m][0m [36mapi_variant[0m=[35mlocal_dev[0m [36mlanggraph_api_version[0m=[35m0.6.39[0m [36mthread_name[0m=[35mMainThread[0m
[2m2026-02-18T15:45:20.325456Z[0m [[32m[1minfo     [0m] [1m1 change detected             [0m [[0m[1m[34mwatchfiles.main[0m][0m [36mapi_variant[0m=[35mlocal_dev[0m [36mlanggraph_api_version[0m=[35m0.6.39[0m [36mthread_name[0m=[35mMainThread[0m
[2m2026-02-18T15:45:20.676345Z[0m [[32m[1minfo     [0m] [1m2 changes detected            [0m [[0m[1m[34mwatchfiles.main[0m][0m [36mapi_variant[0m=[35mlocal_dev[0m [36mlanggraph_api_version[0m=[35m0.6.39[0m [36mthread_name[0m=[35mMainThread[0m
[2m2026-02-18T15:45:30.702194Z[0m [[32m[1minfo     [0m] [1m4 changes detected            [0m [[0m[1m[34mwatchfiles.main[0m][0m [36mapi_variant[0m=[35mlocal_dev[0m [36mlanggraph_api_version[0m=[35m0.6.39[0m [36mthread_name[0m=[35mMainThread[0m
[2m2026-02-18T15:45:31.053175Z[0m [[32m[1minfo     [0m] [1m1 change detected             [0m [[0m[1m[34mwatchfiles.main[0m][0m [36mapi_variant[0m=[35mlocal_dev[0m [36mlanggraph_api_version[0m=[35m0.6.39[0m [36mthread_name[0m=[35mMainThread[0m
[2m2026-02-18T15:45:31.404109Z[0m [[32m[1minfo     [0m] [1m3 changes detected            [0m [[0m[1m[34mwatchfiles.main[0m][0m [36mapi_variant[0m=[35mlocal_dev[0m [36mlanggraph_api_version[0m=[35m0.6.39[0m [36mthread_name[0m=[35mMainThread[0m
[2m2026-02-18T15:45:31.755005Z[0m [[32m[1minfo     [0m] [1m1 change detected             [0m [[0m[1m[34mwatchfiles.main[0m][0m [36mapi_variant[0m=[35mlocal_dev[0m [36mlanggraph_api_version[0m=[35m0.6.39[0m [36mthread_name[0m=[35mMainThread[0m
[2m2026-02-18T15:45:32.106018Z[0m [[32m[1minfo     [0m] [1m2 changes detected            [0m [[0m[1m[34mwatchfiles.main[0m][0m [36mapi_variant[0m=[35mlocal_dev[0m [36mlanggraph_api_version[0m=[35m0.6.39[0m [36mthread_name[0m=[35mMainThread[0m
[2m2026-02-18T15:45:42.082029Z[0m [[32m[1minfo     [0m] [1m4 changes detected            [0m [[0m[1m[34mwatchfiles.main[0m][0m [36mapi_variant[0m=[35mlocal_dev[0m [36mlanggraph_api_version[0m=[35m0.6.39[0m [36mthread_name[0m=[35mMainThread[0m
[2m2026-02-18T15:45:42.432963Z[0m [[32m[1minfo     [0m] [1m1 change detected             [0m [[0m[1m[34mwatchfiles.main[0m][0m [36mapi_variant[0m=[35mlocal_dev[0m [36mlanggraph_api_version[0m=[35m0.6.39[0m [36mthread_name[0m=[35mMainThread[0m
[2m2026-02-18T15:45:42.783865Z[0m [[32m[1minfo     [0m] [1m3 changes detected            [0m [[0m[1m[34mwatchfiles.main[0m][0m [36mapi_variant[0m=[35mlocal_dev[0m [36mlanggraph_api_version[0m=[35m0.6.39[0m [36mthread_name[0m=[35mMainThread[0m
[2m2026-02-18T15:45:43.134557Z[0m [[32m[1minfo     [0m] [1m1 change detected             [0m [[0m[1m[34mwatchfiles.main[0m][0m [36mapi_variant[0m=[35mlocal_dev[0m [36mlanggraph_api_version[0m=[35m0.6.39[0m [36mthread_name[0m=[35mMainThread[0m
[2m2026-02-18T15:45:43.485356Z[0m [[32m[1minfo     [0m] [1m2 changes detected            [0m [[0m[1m[34mwatchfiles.main[0m][0m [36mapi_variant[0m=[35mlocal_dev[0m [36mlanggraph_api_version[0m=[35m0.6.39[0m [36mthread_name[0m=[35mMainThread[0m
[2m2026-02-18T15:45:53.512669Z[0m [[32m[1minfo     [0m] [1m4 changes detected            [0m [[0m[1m[34mwatchfiles.main[0m][0m [36mapi_variant[0m=[35mlocal_dev[0m [36mlanggraph_api_version[0m=[35m0.6.39[0m [36mthread_name[0m=[35mMainThread[0m
[2m2026-02-18T15:45:53.863399Z[0m [[32m[1minfo     [0m] [1m1 change detected             [0m [[0m[1m[34mwatchfiles.main[0m][0m [36mapi_variant[0m=[35mlocal_dev[0m [36mlanggraph_api_version[0m=[35m0.6.39[0m [36mthread_name[0m=[35mMainThread[0m
[2m2026-02-18T15:45:54.213974Z[0m [[32m[1minfo     [0m] [1m3 changes detected            [0m [[0m[1m[34mwatchfiles.main[0m][0m [36mapi_variant[0m=[35mlocal_dev[0m [36mlanggraph_api_version[0m=[35m0.6.39[0m [36mthread_name[0m=[35mMainThread[0m
[2m2026-02-18T15:45:54.564649Z[0m [[32m[1minfo     [0m] [1m1 change detected             [0m [[0m[1m[34mwatchfiles.main[0m][0m [36mapi_variant[0m=[35mlocal_dev[0m [36mlanggraph_api_version[0m=[35m0.6.39[0m [36mthread_name[0m=[35mMainThread[0m
[2m2026-02-18T15:45:54.915538Z[0m [[32m[1minfo     [0m] [1m2 changes detected            [0m [[0m[1m[34mwatchfiles.main[0m][0m [36mapi_variant[0m=[35mlocal_dev[0m [36mlanggraph_api_version[0m=[35m0.6.39[0m [36mthread_name[0m=[35mMainThread[0m
[2m2026-02-18T15:46:04.941296Z[0m [[32m[1minfo     [0m] [1m4 changes detected            [0m [[0m[1m[34mwatchfiles.main[0m][0m [36mapi_variant[0m=[35mlocal_dev[0m [36mlanggraph_api_version[0m=[35m0.6.39[0m [36mthread_name[0m=[35mMainThread[0m
[2m2026-02-18T15:46:04.992771Z[0m [[32m[1minfo     [0m] [1mWorker stats                  [0m [[0m[1m[34mlanggraph_runtime_inmem.queue[0m][0m [36mactive[0m=[35m0[0m [36mapi_variant[0m=[35mlocal_dev[0m [36mavailable[0m=[35m1[0m [36mlanggraph_api_version[0m=[35m0.6.39[0m [36mmax[0m=[35m1[0m [36mthread_name[0m=[35masyncio_1[0m
[2m2026-02-18T15:46:05.292147Z[0m [[32m[1minfo     [0m] [1m1 change detected             [0m [[0m[1m[34mwatchfiles.main[0m][0m [36mapi_variant[0m=[35mlocal_dev[0m [36mlanggraph_api_version[0m=[35m0.6.39[0m [36mthread_name[0m=[35mMainThread[0m
[2m2026-02-18T15:46:05.499357Z[0m [[32m[1minfo     [0m] [1mQueue stats                   [0m [[0m[1m[34mlanggraph_runtime_inmem.queue[0m][0m [36mapi_variant[0m=[35mlocal_dev[0m [36mlanggraph_api_version[0m=[35m0.6.39[0m [36mn_pending[0m=[35m0[0m [36mn_running[0m=[35m0[0m [36mpending_runs_wait_time_max_secs[0m=[35mNone[0m [36mpending_runs_wait_time_med_secs[0m=[35mNone[0m [36mpending_unblocked_runs_wait_time_max_secs[0m=[35mNone[0m [36mthread_name[0m=[35masyncio_1[0m
[2m2026-02-18T15:46:05.643199Z[0m [[32m[1minfo     [0m] [1m3 changes detected            [0m [[0m[1m[34mwatchfiles.main[0m][0m [36mapi_variant[0m=[35mlocal_dev[0m [36mlanggraph_api_version[0m=[35m0.6.39[0m [36mthread_name[0m=[35mMainThread[0m
[2m2026-02-18T15:46:05.994225Z[0m [[32m[1minfo     [0m] [1m1 change detected             [0m [[0m[1m[34mwatchfiles.main[0m][0m [36mapi_variant[0m=[35mlocal_dev[0m [36mlanggraph_api_version[0m=[35m0.6.39[0m [36mthread_name[0m=[35mMainThread[0m
[2m2026-02-18T15:46:06.345448Z[0m [[32m[1minfo     [0m] [1m2 changes detected            [0m [[0m[1m[34mwatchfiles.main[0m][0m [36mapi_variant[0m=[35mlocal_dev[0m [36mlanggraph_api_version[0m=[35m0.6.39[0m [36mthread_name[0m=[35mMainThread[0m
[2m2026-02-18T15:46:16.322059Z[0m [[32m[1minfo     [0m] [1m4 changes detected            [0m [[0m[1m[34mwatchfiles.main[0m][0m [36mapi_variant[0m=[35mlocal_dev[0m [36mlanggraph_api_version[0m=[35m0.6.39[0m [36mthread_name[0m=[35mMainThread[0m
[2m2026-02-18T15:46:16.672726Z[0m [[32m[1minfo     [0m] [1m1 change detected             [0m [[0m[1m[34mwatchfiles.main[0m][0m [36mapi_variant[0m=[35mlocal_dev[0m [36mlanggraph_api_version[0m=[35m0.6.39[0m [36mthread_name[0m=[35mMainThread[0m
[2m2026-02-18T15:46:17.023318Z[0m [[32m[1minfo     [0m] [1m3 changes detected            [0m [[0m[1m[34mwatchfiles.main[0m][0m [36mapi_variant[0m=[35mlocal_dev[0m [36mlanggraph_api_version[0m=[35m0.6.39[0m [36mthread_name[0m=[35mMainThread[0m
[2m2026-02-18T15:46:17.374104Z[0m [[32m[1minfo     [0m] [1m1 change detected             [0m [[0m[1m[34mwatchfiles.main[0m][0m [36mapi_variant[0m=[35mlocal_dev[0m [36mlanggraph_api_version[0m=[35m0.6.39[0m [36mthread_name[0m=[35mMainThread[0m
[2m2026-02-18T15:46:17.725092Z[0m [[32m[1minfo     [0m] [1m2 changes detected            [0m [[0m[1m[34mwatchfiles.main[0m][0m [36mapi_variant[0m=[35mlocal_dev[0m [36mlanggraph_api_version[0m=[35m0.6.39[0m [36mthread_name[0m=[35mMainThread[0m
[2m2026-02-18T15:46:27.652132Z[0m [[32m[1minfo     [0m] [1m4 changes detected            [0m [[0m[1m[34mwatchfiles.main[0m][0m [36mapi_variant[0m=[35mlocal_dev[0m [36mlanggraph_api_version[0m=[35m0.6.39[0m [36mthread_name[0m=[35mMainThread[0m
[2m2026-02-18T15:46:28.003043Z[0m [[32m[1minfo     [0m] [1m1 change detected             [0m [[0m[1m[34mwatchfiles.main[0m][0m [36mapi_variant[0m=[35mlocal_dev[0m [36mlanggraph_api_version[0m=[35m0.6.39[0m [36mthread_name[0m=[35mMainThread[0m
[2m2026-02-18T15:46:28.353964Z[0m [[32m[1minfo     [0m] [1m3 changes detected            [0m [[0m[1m[34mwatchfiles.main[0m][0m [36mapi_variant[0m=[35mlocal_dev[0m [36mlanggraph_api_version[0m=[35m0.6.39[0m [36mthread_name[0m=[35mMainThread[0m
[2m2026-02-18T15:46:28.704923Z[0m [[32m[1minfo     [0m] [1m1 change detected             [0m [[0m[1m[34mwatchfiles.main[0m][0m [36mapi_variant[0m=[35mlocal_dev[0m [36mlanggraph_api_version[0m=[35m0.6.39[0m [36mthread_name[0m=[35mMainThread[0m
[2m2026-02-18T15:46:29.056346Z[0m [[32m[1minfo     [0m] [1m2 changes detected            [0m [[0m[1m[34mwatchfiles.main[0m][0m [36mapi_variant[0m=[35mlocal_dev[0m [36mlanggraph_api_version[0m=[35m0.6.39[0m [36mthread_name[0m=[35mMainThread[0m
[2m2026-02-18T15:46:39.083100Z[0m [[32m[1minfo     [0m] [1m4 changes detected            [0m [[0m[1m[34mwatchfiles.main[0m][0m [36mapi_variant[0m=[35mlocal_dev[0m [36mlanggraph_api_version[0m=[35m0.6.39[0m [36mthread_name[0m=[35mMainThread[0m
[2m2026-02-18T15:46:39.433885Z[0m [[32m[1minfo     [0m] [1m1 change detected             [0m [[0m[1m[34mwatchfiles.main[0m][0m [36mapi_variant[0m=[35mlocal_dev[0m [36mlanggraph_api_version[0m=[35m0.6.39[0m [36mthread_name[0m=[35mMainThread[0m
[2m2026-02-18T15:46:39.784468Z[0m [[32m[1minfo     [0m] [1m3 changes detected            [0m [[0m[1m[34mwatchfiles.main[0m][0m [36mapi_variant[0m=[35mlocal_dev[0m [36mlanggraph_api_version[0m=[35m0.6.39[0m [36mthread_name[0m=[35mMainThread[0m
[2m2026-02-18T15:46:40.135434Z[0m [[32m[1minfo     [0m] [1m1 change detected             [0m [[0m[1m[34mwatchfiles.main[0m][0m [36mapi_variant[0m=[35mlocal_dev[0m [36mlanggraph_api_version[0m=[35m0.6.39[0m [36mthread_name[0m=[35mMainThread[0m
[2m2026-02-18T15:46:40.486502Z[0m [[32m[1minfo     [0m] [1m2 changes detected            [0m [[0m[1m[34mwatchfiles.main[0m][0m [36mapi_variant[0m=[35mlocal_dev[0m [36mlanggraph_api_version[0m=[35m0.6.39[0m [36mthread_name[0m=[35mMainThread[0m
[2m2026-02-18T15:46:50.462970Z[0m [[32m[1minfo     [0m] [1m4 changes detected            [0m [[0m[1m[34mwatchfiles.main[0m][0m [36mapi_variant[0m=[35mlocal_dev[0m [36mlanggraph_api_version[0m=[35m0.6.39[0m [36mthread_name[0m=[35mMainThread[0m
[2m2026-02-18T15:46:50.813933Z[0m [[32m[1minfo     [0m] [1m1 change detected             [0m [[0m[1m[34mwatchfiles.main[0m][0m [36mapi_variant[0m=[35mlocal_dev[0m [36mlanggraph_api_version[0m=[35m0.6.39[0m [36mthread_name[0m=[35mMainThread[0m
[2m2026-02-18T15:46:51.164808Z[0m [[32m[1minfo     [0m] [1m3 changes detected            [0m [[0m[1m[34mwatchfiles.main[0m][0m [36mapi_variant[0m=[35mlocal_dev[0m [36mlanggraph_api_version[0m=[35m0.6.39[0m [36mthread_name[0m=[35mMainThread[0m
[2m2026-02-18T15:46:51.515806Z[0m [[32m[1minfo     [0m] [1m1 change detected             [0m [[0m[1m[34mwatchfiles.main[0m][0m [36mapi_variant[0m=[35mlocal_dev[0m [36mlanggraph_api_version[0m=[35m0.6.39[0m [36mthread_name[0m=[35mMainThread[0m
[2m2026-02-18T15:46:51.866820Z[0m [[32m[1minfo     [0m] [1m2 changes detected            [0m [[0m[1m[34mwatchfiles.main[0m][0m [36mapi_variant[0m=[35mlocal_dev[0m [36mlanggraph_api_version[0m=[35m0.6.39[0m [36mthread_name[0m=[35mMainThread[0m
[2m2026-02-18T15:47:01.892952Z[0m [[32m[1minfo     [0m] [1m4 changes detected            [0m [[0m[1m[34mwatchfiles.main[0m][0m [36mapi_variant[0m=[35mlocal_dev[0m [36mlanggraph_api_version[0m=[35m0.6.39[0m [36mthread_name[0m=[35mMainThread[0m
[2m2026-02-18T15:47:02.243914Z[0m [[32m[1minfo     [0m] [1m1 change detected             [0m [[0m[1m[34mwatchfiles.main[0m][0m [36mapi_variant[0m=[35mlocal_dev[0m [36mlanggraph_api_version[0m=[35m0.6.39[0m [36mthread_name[0m=[35mMainThread[0m
[2m2026-02-18T15:47:02.594741Z[0m [[32m[1minfo     [0m] [1m3 changes detected            [0m [[0m[1m[34mwatchfiles.main[0m][0m [36mapi_variant[0m=[35mlocal_dev[0m [36mlanggraph_api_version[0m=[35m0.6.39[0m [36mthread_name[0m=[35mMainThread[0m
[2m2026-02-18T15:47:02.945542Z[0m [[32m[1minfo     [0m] [1m1 change detected             [0m [[0m[1m[34mwatchfiles.main[0m][0m [36mapi_variant[0m=[35mlocal_dev[0m [36mlanggraph_api_version[0m=[35m0.6.39[0m [36mthread_name[0m=[35mMainThread[0m
[2m2026-02-18T15:47:03.296551Z[0m [[32m[1minfo     [0m] [1m2 changes detected            [0m [[0m[1m[34mwatchfiles.main[0m][0m [36mapi_variant[0m=[35mlocal_dev[0m [36mlanggraph_api_version[0m=[35m0.6.39[0m [36mthread_name[0m=[35mMainThread[0m
[2m2026-02-18T15:47:05.260776Z[0m [[32m[1minfo     [0m] [1mWorker stats                  [0m [[0m[1m[34mlanggraph_runtime_inmem.queue[0m][0m [36mactive[0m=[35m0[0m [36mapi_variant[0m=[35mlocal_dev[0m [36mavailable[0m=[35m1[0m [36mlanggraph_api_version[0m=[35m0.6.39[0m [36mmax[0m=[35m1[0m [36mthread_name[0m=[35masyncio_0[0m
[2m2026-02-18T15:47:05.763739Z[0m [[32m[1minfo     [0m] [1mQueue stats                   [0m [[0m[1m[34mlanggraph_runtime_inmem.queue[0m][0m [36mapi_variant[0m=[35mlocal_dev[0m [36mlanggraph_api_version[0m=[35m0.6.39[0m [36mn_pending[0m=[35m0[0m [36mn_running[0m=[35m0[0m [36mpending_runs_wait_time_max_secs[0m=[35mNone[0m [36mpending_runs_wait_time_med_secs[0m=[35mNone[0m [36mpending_unblocked_runs_wait_time_max_secs[0m=[35mNone[0m [36mthread_name[0m=[35masyncio_1[0m
[2m2026-02-18T15:47:13.272237Z[0m [[32m[1minfo     [0m] [1m4 changes detected            [0m [[0m[1m[34mwatchfiles.main[0m][0m [36mapi_variant[0m=[35mlocal_dev[0m [36mlanggraph_api_version[0m=[35m0.6.39[0m [36mthread_name[0m=[35mMainThread[0m
[2m2026-02-18T15:47:13.623152Z[0m [[32m[1minfo     [0m] [1m1 change detected             [0m [[0m[1m[34mwatchfiles.main[0m][0m [36mapi_variant[0m=[35mlocal_dev[0m [36mlanggraph_api_version[0m=[35m0.6.39[0m [36mthread_name[0m=[35mMainThread[0m
[2m2026-02-18T15:47:13.974179Z[0m [[32m[1minfo     [0m] [1m3 changes detected            [0m [[0m[1m[34mwatchfiles.main[0m][0m [36mapi_variant[0m=[35mlocal_dev[0m [36mlanggraph_api_version[0m=[35m0.6.39[0m [36mthread_name[0m=[35mMainThread[0m
[2m2026-02-18T15:47:14.325739Z[0m [[32m[1minfo     [0m] [1m1 change detected             [0m [[0m[1m[34mwatchfiles.main[0m][0m [36mapi_variant[0m=[35mlocal_dev[0m [36mlanggraph_api_version[0m=[35m0.6.39[0m [36mthread_name[0m=[35mMainThread[0m
[2m2026-02-18T15:47:14.676475Z[0m [[32m[1minfo     [0m] [1m2 changes detected            [0m [[0m[1m[34mwatchfiles.main[0m][0m [36mapi_variant[0m=[35mlocal_dev[0m [36mlanggraph_api_version[0m=[35m0.6.39[0m [36mthread_name[0m=[35mMainThread[0m
[2m2026-02-18T15:47:24.600850Z[0m [[32m[1minfo     [0m] [1m4 changes detected            [0m [[0m[1m[34mwatchfiles.main[0m][0m [36mapi_variant[0m=[35mlocal_dev[0m [36mlanggraph_api_version[0m=[35m0.6.39[0m [36mthread_name[0m=[35mMainThread[0m
[2m2026-02-18T15:47:24.951448Z[0m [[32m[1minfo     [0m] [1m1 change detected             [0m [[0m[1m[34mwatchfiles.main[0m][0m [36mapi_variant[0m=[35mlocal_dev[0m [36mlanggraph_api_version[0m=[35m0.6.39[0m [36mthread_name[0m=[35mMainThread[0m
[2m2026-02-18T15:47:25.301968Z[0m [[32m[1minfo     [0m] [1m3 changes detected            [0m [[0m[1m[34mwatchfiles.main[0m][0m [36mapi_variant[0m=[35mlocal_dev[0m [36mlanggraph_api_version[0m=[35m0.6.39[0m [36mthread_name[0m=[35mMainThread[0m
[2m2026-02-18T15:47:25.652561Z[0m [[32m[1minfo     [0m] [1m1 change detected             [0m [[0m[1m[34mwatchfiles.main[0m][0m [36mapi_variant[0m=[35mlocal_dev[0m [36mlanggraph_api_version[0m=[35m0.6.39[0m [36mthread_name[0m=[35mMainThread[0m
[2m2026-02-18T15:47:26.003166Z[0m [[32m[1minfo     [0m] [1m2 changes detected            [0m [[0m[1m[34mwatchfiles.main[0m][0m [36mapi_variant[0m=[35mlocal_dev[0m [36mlanggraph_api_version[0m=[35m0.6.39[0m [36mthread_name[0m=[35mMainThread[0m
[2m2026-02-18T15:47:36.028621Z[0m [[32m[1minfo     [0m] [1m4 changes detected            [0m [[0m[1m[34mwatchfiles.main[0m][0m [36mapi_variant[0m=[35mlocal_dev[0m [36mlanggraph_api_version[0m=[35m0.6.39[0m [36mthread_name[0m=[35mMainThread[0m
[2m2026-02-18T15:47:36.379618Z[0m [[32m[1minfo     [0m] [1m1 change detected             [0m [[0m[1m[34mwatchfiles.main[0m][0m [36mapi_variant[0m=[35mlocal_dev[0m [36mlanggraph_api_version[0m=[35m0.6.39[0m [36mthread_name[0m=[35mMainThread[0m
[2m2026-02-18T15:47:36.730573Z[0m [[32m[1minfo     [0m] [1m3 changes detected            [0m [[0m[1m[34mwatchfiles.main[0m][0m [36mapi_variant[0m=[35mlocal_dev[0m [36mlanggraph_api_version[0m=[35m0.6.39[0m [36mthread_name[0m=[35mMainThread[0m
[2m2026-02-18T15:47:37.081249Z[0m [[32m[1minfo     [0m] [1m1 change detected             [0m [[0m[1m[34mwatchfiles.main[0m][0m [36mapi_variant[0m=[35mlocal_dev[0m [36mlanggraph_api_version[0m=[35m0.6.39[0m [36mthread_name[0m=[35mMainThread[0m
[2m2026-02-18T15:47:37.432148Z[0m [[32m[1minfo     [0m] [1m2 changes detected            [0m [[0m[1m[34mwatchfiles.main[0m][0m [36mapi_variant[0m=[35mlocal_dev[0m [36mlanggraph_api_version[0m=[35m0.6.39[0m [36mthread_name[0m=[35mMainThread[0m
[2m2026-02-18T15:47:47.408366Z[0m [[32m[1minfo     [0m] [1m4 changes detected            [0m [[0m[1m[34mwatchfiles.main[0m][0m [36mapi_variant[0m=[35mlocal_dev[0m [36mlanggraph_api_version[0m=[35m0.6.39[0m [36mthread_name[0m=[35mMainThread[0m
[2m2026-02-18T15:47:47.759295Z[0m [[32m[1minfo     [0m] [1m1 change detected             [0m [[0m[1m[34mwatchfiles.main[0m][0m [36mapi_variant[0m=[35mlocal_dev[0m [36mlanggraph_api_version[0m=[35m0.6.39[0m [36mthread_name[0m=[35mMainThread[0m
[2m2026-02-18T15:47:48.110237Z[0m [[32m[1minfo     [0m] [1m3 changes detected            [0m [[0m[1m[34mwatchfiles.main[0m][0m [36mapi_variant[0m=[35mlocal_dev[0m [36mlanggraph_api_version[0m=[35m0.6.39[0m [36mthread_name[0m=[35mMainThread[0m
[2m2026-02-18T15:47:48.461124Z[0m [[32m[1minfo     [0m] [1m1 change detected             [0m [[0m[1m[34mwatchfiles.main[0m][0m [36mapi_variant[0m=[35mlocal_dev[0m [36mlanggraph_api_version[0m=[35m0.6.39[0m [36mthread_name[0m=[35mMainThread[0m
[2m2026-02-18T15:47:48.812395Z[0m [[32m[1minfo     [0m] [1m2 changes detected            [0m [[0m[1m[34mwatchfiles.main[0m][0m [36mapi_variant[0m=[35mlocal_dev[0m [36mlanggraph_api_version[0m=[35m0.6.39[0m [36mthread_name[0m=[35mMainThread[0m
[2m2026-02-18T15:47:58.788217Z[0m [[32m[1minfo     [0m] [1m4 changes detected            [0m [[0m[1m[34mwatchfiles.main[0m][0m [36mapi_variant[0m=[35mlocal_dev[0m [36mlanggraph_api_version[0m=[35m0.6.39[0m [36mthread_name[0m=[35mMainThread[0m
[2m2026-02-18T15:47:59.139106Z[0m [[32m[1minfo     [0m] [1m1 change detected             [0m [[0m[1m[34mwatchfiles.main[0m][0m [36mapi_variant[0m=[35mlocal_dev[0m [36mlanggraph_api_version[0m=[35m0.6.39[0m [36mthread_name[0m=[35mMainThread[0m
[2m2026-02-18T15:47:59.490804Z[0m [[32m[1minfo     [0m] [1m3 changes detected            [0m [[0m[1m[34mwatchfiles.main[0m][0m [36mapi_variant[0m=[35mlocal_dev[0m [36mlanggraph_api_version[0m=[35m0.6.39[0m [36mthread_name[0m=[35mMainThread[0m
[2m2026-02-18T15:47:59.841451Z[0m [[32m[1minfo     [0m] [1m1 change detected             [0m [[0m[1m[34mwatchfiles.main[0m][0m [36mapi_variant[0m=[35mlocal_dev[0m [36mlanggraph_api_version[0m=[35m0.6.39[0m [36mthread_name[0m=[35mMainThread[0m
[2m2026-02-18T15:48:00.191956Z[0m [[32m[1minfo     [0m] [1m2 changes detected            [0m [[0m[1m[34mwatchfiles.main[0m][0m [36mapi_variant[0m=[35mlocal_dev[0m [36mlanggraph_api_version[0m=[35m0.6.39[0m [36mthread_name[0m=[35mMainThread[0m
[2m2026-02-18T15:48:05.535120Z[0m [[32m[1minfo     [0m] [1mWorker stats                  [0m [[0m[1m[34mlanggraph_runtime_inmem.queue[0m][0m [36mactive[0m=[35m0[0m [36mapi_variant[0m=[35mlocal_dev[0m [36mavailable[0m=[35m1[0m [36mlanggraph_api_version[0m=[35m0.6.39[0m [36mmax[0m=[35m1[0m [36mthread_name[0m=[35masyncio_0[0m
[2m2026-02-18T15:48:06.036770Z[0m [[32m[1minfo     [0m] [1mQueue stats                   [0m [[0m[1m[34mlanggraph_runtime_inmem.queue[0m][0m [36mapi_variant[0m=[35mlocal_dev[0m [36mlanggraph_api_version[0m=[35m0.6.39[0m [36mn_pending[0m=[35m0[0m [36mn_running[0m=[35m0[0m [36mpending_runs_wait_time_max_secs[0m=[35mNone[0m [36mpending_runs_wait_time_med_secs[0m=[35mNone[0m [36mpending_unblocked_runs_wait_time_max_secs[0m=[35mNone[0m [36mthread_name[0m=[35masyncio_1[0m
[2m2026-02-18T15:48:10.169398Z[0m [[32m[1minfo     [0m] [1m4 changes detected            [0m [[0m[1m[34mwatchfiles.main[0m][0m [36mapi_variant[0m=[35mlocal_dev[0m [36mlanggraph_api_version[0m=[35m0.6.39[0m [36mthread_name[0m=[35mMainThread[0m
[2m2026-02-18T15:48:10.520377Z[0m [[32m[1minfo     [0m] [1m1 change detected             [0m [[0m[1m[34mwatchfiles.main[0m][0m [36mapi_variant[0m=[35mlocal_dev[0m [36mlanggraph_api_version[0m=[35m0.6.39[0m [36mthread_name[0m=[35mMainThread[0m
[2m2026-02-18T15:48:10.871379Z[0m [[32m[1minfo     [0m] [1m3 changes detected            [0m [[0m[1m[34mwatchfiles.main[0m][0m [36mapi_variant[0m=[35mlocal_dev[0m [36mlanggraph_api_version[0m=[35m0.6.39[0m [36mthread_name[0m=[35mMainThread[0m
[2m2026-02-18T15:48:11.222273Z[0m [[32m[1minfo     [0m] [1m1 change detected             [0m [[0m[1m[34mwatchfiles.main[0m][0m [36mapi_variant[0m=[35mlocal_dev[0m [36mlanggraph_api_version[0m=[35m0.6.39[0m [36mthread_name[0m=[35mMainThread[0m
[2m2026-02-18T15:48:11.573608Z[0m [[32m[1minfo     [0m] [1m2 changes detected            [0m [[0m[1m[34mwatchfiles.main[0m][0m [36mapi_variant[0m=[35mlocal_dev[0m [36mlanggraph_api_version[0m=[35m0.6.39[0m [36mthread_name[0m=[35mMainThread[0m
[2m2026-02-18T15:48:16.787034Z[0m [[32m[1minfo     [0m] [1m1 change detected             [0m [[0m[1m[34mwatchfiles.main[0m][0m [36mapi_variant[0m=[35mlocal_dev[0m [36mlanggraph_api_version[0m=[35m0.6.39[0m [36mthread_name[0m=[35mMainThread[0m
[2m2026-02-18T15:48:16.787949Z[0m [[33m[1mwarning  [0m] [1mWatchFiles detected changes in 'src/agent/graph.py'. Reloading...[0m [[0m[1m[34muvicorn.error[0m][0m [36mapi_variant[0m=[35mlocal_dev[0m [36mlanggraph_api_version[0m=[35m0.6.39[0m [36mthread_name[0m=[35mMainThread[0m
[2m2026-02-18T15:48:16.895556Z[0m [[32m[1minfo     [0m] [1mShutting down background workers[0m [[0m[1m[34mlanggraph_runtime_inmem.queue[0m][0m [36mapi_variant[0m=[35mlocal_dev[0m [36mlanggraph_api_version[0m=[35m0.6.39[0m [36mthread_name[0m=[35mMainThread[0m
[2m2026-02-18T15:48:16.896631Z[0m [[32m[1minfo     [0m] [1mShutting down remote graphs   [0m [[0m[1m[34mlanggraph_api.graph[0m][0m [36mapi_variant[0m=[35mlocal_dev[0m [36mlanggraph_api_version[0m=[35m0.6.39[0m [36mthread_name[0m=[35mMainThread[0m
[2m2026-02-18T15:48:17.327494Z[0m [[32m[1minfo     [0m] [1mStopping dev checkpoint ingestion loop[0m [[0m[1m[34mlanggraph_runtime_inmem.checkpoint[0m][0m [36mapi_variant[0m=[35mlocal_dev[0m [36mlanggraph_api_version[0m=[35m0.6.39[0m [36mthread_name[0m=[35mMainThread[0m
[2m2026-02-18T15:48:17.327688Z[0m [[32m[1minfo     [0m] [1mdev checkpoint ingestion loop exiting[0m [[0m[1m[34mlanggraph_runtime_inmem.checkpoint[0m][0m [36mapi_variant[0m=[35mlocal_dev[0m [36mlanggraph_api_version[0m=[35m0.6.39[0m [36mthread_name[0m=[35mThread-1[0m
[2m2026-02-18T15:48:19.121060Z[0m [[32m[1minfo     [0m] [1m21 changes detected           [0m [[0m[1m[34mwatchfiles.main[0m][0m [36mapi_variant[0m=[35mlocal_dev[0m [36mlanggraph_api_version[0m=[35m0.6.39[0m [36mthread_name[0m=[35mMainThread[0m
[2m2026-02-18T15:48:19.386969Z[0m [[32m[1minfo     [0m] [1mUsing langgraph_runtime_inmem [0m [[0m[1m[34mlanggraph_runtime[0m][0m [36mapi_variant[0m=[35mlocal_dev[0m [36mlanggraph_api_version[0m=[35m0.6.39[0m [36mthread_name[0m=[35mMainThread[0m
[2m2026-02-18T15:48:19.434475Z[0m [[32m[1minfo     [0m] [1mUsing auth of type=noop       [0m [[0m[1m[34mlanggraph_api.auth.middleware[0m][0m [36mapi_variant[0m=[35mlocal_dev[0m [36mlanggraph_api_version[0m=[35m0.6.39[0m [36mthread_name[0m=[35mMainThread[0m
[2m2026-02-18T15:48:19.436830Z[0m [[32m[1minfo     [0m] [1mStarting In-Memory runtime with langgraph-api=0.6.39 and in-memory runtime=0.22.1[0m [[0m[1m[34mlanggraph_runtime_inmem.lifespan[0m][0m [36mapi_variant[0m=[35mlocal_dev[0m [36mlanggraph_api_version[0m=[35m0.6.39[0m [36mlanggraph_runtime_inmem_version[0m=[35m0.22.1[0m [36mthread_name[0m=[35masyncio_0[0m [36mversion[0m=[35m0.6.39[0m
[2m2026-02-18T15:48:19.753057Z[0m [[32m[1minfo     [0m] [1mStarting metadata loop        [0m [[0m[1m[34mlanggraph_api.metadata[0m][0m [36mapi_variant[0m=[35mlocal_dev[0m [36mendpoint[0m=[35mhttps://api.smith.langchain.com/v1/metadata/submit[0m [36mlanggraph_api_version[0m=[35m0.6.39[0m [36mthread_name[0m=[35mMainThread[0m
[2m2026-02-18T15:48:19.753247Z[0m [[32m[1minfo     [0m] [1mGetting auth instance: None   [0m [[0m[1m[34mlanggraph_api.auth.custom[0m][0m [36mapi_variant[0m=[35mlocal_dev[0m [36mlanggraph_api_version[0m=[35m0.6.39[0m [36mlanggraph_auth[0m=[35mNone[0m [36mthread_name[0m=[35mMainThread[0m
[2m2026-02-18T15:48:19.766688Z[0m [[32m[1minfo     [0m] [1mStarting thread TTL sweeper   [0m [[0m[1m[34mlanggraph_api.thread_ttl[0m][0m [36mapi_variant[0m=[35mlocal_dev[0m [36mcore_api_enabled[0m=[35mFalse[0m [36mdefault_strategy[0m=[35mdelete[0m [36minterval_minutes[0m=[35m5[0m [36mlanggraph_api_version[0m=[35m0.6.39[0m [36msweep_limit[0m=[35m1000[0m [36mthread_name[0m=[35masyncio_1[0m
[2m2026-02-18T15:48:19.822418Z[0m [[32m[1minfo     [0m] [1m3 changes detected            [0m [[0m[1m[34mwatchfiles.main[0m][0m [36mapi_variant[0m=[35mlocal_dev[0m [36mlanggraph_api_version[0m=[35m0.6.39[0m [36mthread_name[0m=[35mMainThread[0m
[2m2026-02-18T15:48:20.092363Z[0m [[32m[1minfo     [0m] [1mHTTP Request: POST https://api.smith.langchain.com/v1/metadata/submit "HTTP/1.1 204 No Content"[0m [[0m[1m[34mhttpx[0m][0m [36mapi_variant[0m=[35mlocal_dev[0m [36mlanggraph_api_version[0m=[35m0.6.39[0m [36mthread_name[0m=[35mMainThread[0m
[2m2026-02-18T15:48:20.092943Z[0m [[32m[1minfo     [0m] [1mSuccessfully submitted metadata to LangSmith instance[0m [[0m[1m[34mlanggraph_api.metadata[0m][0m [36mapi_variant[0m=[35mlocal_dev[0m [36mlanggraph_api_version[0m=[35m0.6.39[0m [36mn_nodes[0m=[35m0[0m [36mn_runs[0m=[35m0[0m [36mthread_name[0m=[35mMainThread[0m
[2m2026-02-18T15:48:20.727917Z[0m [[32m[1minfo     [0m] [1mImporting graph with id agent [0m [[0m[1m[34mlanggraph_api.timing.timer[0m][0m [36mapi_variant[0m=[35mlocal_dev[0m [36melapsed_seconds[0m=[35m0.974009217999992[0m [36mgraph_id[0m=[35magent[0m [36mlanggraph_api_version[0m=[35m0.6.39[0m [36mmodule[0m=[35mNone[0m [36mname[0m=[35m_graph_from_spec[0m [36mpath[0m=[35m./src/agent/graph.py[0m [36mthread_name[0m=[35masyncio_0[0m
[2m2026-02-18T15:48:20.728476Z[0m [[32m[1minfo     [0m] [1mApplication started up in 1.468s[0m [[0m[1m[34mlanggraph_api.timing.timer[0m][0m [36mapi_variant[0m=[35mlocal_dev[0m [36melapsed[0m=[35m1.4680890670001645[0m [36mlanggraph_api_version[0m=[35m0.6.39[0m [36mthread_name[0m=[35mMainThread[0m
[2m2026-02-18T15:48:20.735323Z[0m [[32m[1minfo     [0m] [1mStarting 1 background workers [0m [[0m[1m[34mlanggraph_runtime_inmem.queue[0m][0m [36mapi_variant[0m=[35mlocal_dev[0m [36mlanggraph_api_version[0m=[35m0.6.39[0m [36mthread_name[0m=[35masyncio_1[0m
[2m2026-02-18T15:48:20.735623Z[0m [[32m[1minfo     [0m] [1mWorker stats                  [0m [[0m[1m[34mlanggraph_runtime_inmem.queue[0m][0m [36mactive[0m=[35m0[0m [36mapi_variant[0m=[35mlocal_dev[0m [36mavailable[0m=[35m1[0m [36mlanggraph_api_version[0m=[35m0.6.39[0m [36mmax[0m=[35m1[0m [36mthread_name[0m=[35masyncio_0[0m
[2m2026-02-18T15:48:21.237390Z[0m [[32m[1minfo     [0m] [1mQueue stats                   [0m [[0m[1m[34mlanggraph_runtime_inmem.queue[0m][0m [36mapi_variant[0m=[35mlocal_dev[0m [36mlanggraph_api_version[0m=[35m0.6.39[0m [36mn_pending[0m=[35m0[0m [36mn_running[0m=[35m0[0m [36mpending_runs_wait_time_max_secs[0m=[35mNone[0m [36mpending_runs_wait_time_med_secs[0m=[35mNone[0m [36mpending_unblocked_runs_wait_time_max_secs[0m=[35mNone[0m [36mthread_name[0m=[35masyncio_1[0m
[2m2026-02-18T15:49:11.904372Z[0m [[32m[1minfo     [0m] [1m1 change detected             [0m [[0m[1m[34mwatchfiles.main[0m][0m [36mapi_variant[0m=[35mlocal_dev[0m [36mlanggraph_api_version[0m=[35m0.6.39[0m [36mthread_name[0m=[35mMainThread[0m
[2m2026-02-18T15:49:11.904956Z[0m [[33m[1mwarning  [0m] [1mWatchFiles detected changes in 'src/agent/planner_agent_system_prompt.py'. Reloading...[0m [[0m[1m[34muvicorn.error[0m][0m [36mapi_variant[0m=[35mlocal_dev[0m [36mlanggraph_api_version[0m=[35m0.6.39[0m [36mthread_name[0m=[35mMainThread[0m
[2m2026-02-18T15:49:12.063407Z[0m [[32m[1minfo     [0m] [1mShutting down background workers[0m [[0m[1m[34mlanggraph_runtime_inmem.queue[0m][0m [36mapi_variant[0m=[35mlocal_dev[0m [36mlanggraph_api_version[0m=[35m0.6.39[0m [36mthread_name[0m=[35mMainThread[0m
[2m2026-02-18T15:49:12.064461Z[0m [[32m[1minfo     [0m] [1mShutting down remote graphs   [0m [[0m[1m[34mlanggraph_api.graph[0m][0m [36mapi_variant[0m=[35mlocal_dev[0m [36mlanggraph_api_version[0m=[35m0.6.39[0m [36mthread_name[0m=[35mMainThread[0m
[2m2026-02-18T15:49:12.626120Z[0m [[32m[1minfo     [0m] [1mStarting dev checkpoint ingestion loop[0m [[0m[1m[34mlanggraph_runtime_inmem.checkpoint[0m][0m [36mapi_variant[0m=[35mlocal_dev[0m [36mlanggraph_api_version[0m=[35m0.6.39[0m [36mthread_name[0m=[35mMainThread[0m
[2m2026-02-18T15:49:13.101255Z[0m [[32m[1minfo     [0m] [1mStopping dev checkpoint ingestion loop[0m [[0m[1m[34mlanggraph_runtime_inmem.checkpoint[0m][0m [36mapi_variant[0m=[35mlocal_dev[0m [36mlanggraph_api_version[0m=[35m0.6.39[0m [36mthread_name[0m=[35mMainThread[0m
[2m2026-02-18T15:49:13.101462Z[0m [[32m[1minfo     [0m] [1mdev checkpoint ingestion loop exiting[0m [[0m[1m[34mlanggraph_runtime_inmem.checkpoint[0m][0m [36mapi_variant[0m=[35mlocal_dev[0m [36mlanggraph_api_version[0m=[35m0.6.39[0m [36mthread_name[0m=[35mThread-1[0m
[2m2026-02-18T15:49:14.922724Z[0m [[32m[1minfo     [0m] [1m21 changes detected           [0m [[0m[1m[34mwatchfiles.main[0m][0m [36mapi_variant[0m=[35mlocal_dev[0m [36mlanggraph_api_version[0m=[35m0.6.39[0m [36mthread_name[0m=[35mMainThread[0m
[2m2026-02-18T15:49:15.162444Z[0m [[32m[1minfo     [0m] [1mUsing langgraph_runtime_inmem [0m [[0m[1m[34mlanggraph_runtime[0m][0m [36mapi_variant[0m=[35mlocal_dev[0m [36mlanggraph_api_version[0m=[35m0.6.39[0m [36mthread_name[0m=[35mMainThread[0m
[2m2026-02-18T15:49:15.211271Z[0m [[32m[1minfo     [0m] [1mUsing auth of type=noop       [0m [[0m[1m[34mlanggraph_api.auth.middleware[0m][0m [36mapi_variant[0m=[35mlocal_dev[0m [36mlanggraph_api_version[0m=[35m0.6.39[0m [36mthread_name[0m=[35mMainThread[0m
[2m2026-02-18T15:49:15.213579Z[0m [[32m[1minfo     [0m] [1mStarting In-Memory runtime with langgraph-api=0.6.39 and in-memory runtime=0.22.1[0m [[0m[1m[34mlanggraph_runtime_inmem.lifespan[0m][0m [36mapi_variant[0m=[35mlocal_dev[0m [36mlanggraph_api_version[0m=[35m0.6.39[0m [36mlanggraph_runtime_inmem_version[0m=[35m0.22.1[0m [36mthread_name[0m=[35masyncio_0[0m [36mversion[0m=[35m0.6.39[0m
[2m2026-02-18T15:49:15.527429Z[0m [[32m[1minfo     [0m] [1mStarting metadata loop        [0m [[0m[1m[34mlanggraph_api.metadata[0m][0m [36mapi_variant[0m=[35mlocal_dev[0m [36mendpoint[0m=[35mhttps://api.smith.langchain.com/v1/metadata/submit[0m [36mlanggraph_api_version[0m=[35m0.6.39[0m [36mthread_name[0m=[35mMainThread[0m
[2m2026-02-18T15:49:15.527630Z[0m [[32m[1minfo     [0m] [1mGetting auth instance: None   [0m [[0m[1m[34mlanggraph_api.auth.custom[0m][0m [36mapi_variant[0m=[35mlocal_dev[0m [36mlanggraph_api_version[0m=[35m0.6.39[0m [36mlanggraph_auth[0m=[35mNone[0m [36mthread_name[0m=[35mMainThread[0m
[2m2026-02-18T15:49:15.531698Z[0m [[32m[1minfo     [0m] [1mStarting thread TTL sweeper   [0m [[0m[1m[34mlanggraph_api.thread_ttl[0m][0m [36mapi_variant[0m=[35mlocal_dev[0m [36mcore_api_enabled[0m=[35mFalse[0m [36mdefault_strategy[0m=[35mdelete[0m [36minterval_minutes[0m=[35m5[0m [36mlanggraph_api_version[0m=[35m0.6.39[0m [36msweep_limit[0m=[35m1000[0m [36mthread_name[0m=[35masyncio_1[0m
[2m2026-02-18T15:49:15.905896Z[0m [[32m[1minfo     [0m] [1mHTTP Request: POST https://api.smith.langchain.com/v1/metadata/submit "HTTP/1.1 204 No Content"[0m [[0m[1m[34mhttpx[0m][0m [36mapi_variant[0m=[35mlocal_dev[0m [36mlanggraph_api_version[0m=[35m0.6.39[0m [36mthread_name[0m=[35mMainThread[0m
[2m2026-02-18T15:49:15.906294Z[0m [[32m[1minfo     [0m] [1mSuccessfully submitted metadata to LangSmith instance[0m [[0m[1m[34mlanggraph_api.metadata[0m][0m [36mapi_variant[0m=[35mlocal_dev[0m [36mlanggraph_api_version[0m=[35m0.6.39[0m [36mn_nodes[0m=[35m0[0m [36mn_runs[0m=[35m0[0m [36mthread_name[0m=[35mMainThread[0m
[2m2026-02-18T15:49:16.025679Z[0m [[32m[1minfo     [0m] [1m3 changes detected            [0m [[0m[1m[34mwatchfiles.main[0m][0m [36mapi_variant[0m=[35mlocal_dev[0m [36mlanggraph_api_version[0m=[35m0.6.39[0m [36mthread_name[0m=[35mMainThread[0m
[2m2026-02-18T15:49:16.433489Z[0m [[32m[1minfo     [0m] [1mImporting graph with id agent [0m [[0m[1m[34mlanggraph_api.timing.timer[0m][0m [36mapi_variant[0m=[35mlocal_dev[0m [36melapsed_seconds[0m=[35m0.905234346999805[0m [36mgraph_id[0m=[35magent[0m [36mlanggraph_api_version[0m=[35m0.6.39[0m [36mmodule[0m=[35mNone[0m [36mname[0m=[35m_graph_from_spec[0m [36mpath[0m=[35m./src/agent/graph.py[0m [36mthread_name[0m=[35masyncio_0[0m
[2m2026-02-18T15:49:16.433877Z[0m [[32m[1minfo     [0m] [1mApplication started up in 1.390s[0m [[0m[1m[34mlanggraph_api.timing.timer[0m][0m [36mapi_variant[0m=[35mlocal_dev[0m [36melapsed[0m=[35m1.3903117949998887[0m [36mlanggraph_api_version[0m=[35m0.6.39[0m [36mthread_name[0m=[35mMainThread[0m
[2m2026-02-18T15:49:16.438942Z[0m [[32m[1minfo     [0m] [1mStarting 1 background workers [0m [[0m[1m[34mlanggraph_runtime_inmem.queue[0m][0m [36mapi_variant[0m=[35mlocal_dev[0m [36mlanggraph_api_version[0m=[35m0.6.39[0m [36mthread_name[0m=[35masyncio_1[0m
[2m2026-02-18T15:49:16.439233Z[0m [[32m[1minfo     [0m] [1mWorker stats                  [0m [[0m[1m[34mlanggraph_runtime_inmem.queue[0m][0m [36mactive[0m=[35m0[0m [36mapi_variant[0m=[35mlocal_dev[0m [36mavailable[0m=[35m1[0m [36mlanggraph_api_version[0m=[35m0.6.39[0m [36mmax[0m=[35m1[0m [36mthread_name[0m=[35masyncio_0[0m
[2m2026-02-18T15:49:16.941079Z[0m [[32m[1minfo     [0m] [1mQueue stats                   [0m [[0m[1m[34mlanggraph_runtime_inmem.queue[0m][0m [36mapi_variant[0m=[35mlocal_dev[0m [36mlanggraph_api_version[0m=[35m0.6.39[0m [36mn_pending[0m=[35m0[0m [36mn_running[0m=[35m0[0m [36mpending_runs_wait_time_max_secs[0m=[35mNone[0m [36mpending_runs_wait_time_med_secs[0m=[35mNone[0m [36mpending_unblocked_runs_wait_time_max_secs[0m=[35mNone[0m [36mthread_name[0m=[35masyncio_0[0m
[2m2026-02-18T15:50:16.682428Z[0m [[32m[1minfo     [0m] [1mWorker stats                  [0m [[0m[1m[34mlanggraph_runtime_inmem.queue[0m][0m [36mactive[0m=[35m0[0m [36mapi_variant[0m=[35mlocal_dev[0m [36mavailable[0m=[35m1[0m [36mlanggraph_api_version[0m=[35m0.6.39[0m [36mmax[0m=[35m1[0m [36mthread_name[0m=[35masyncio_0[0m
[2m2026-02-18T15:50:17.185238Z[0m [[32m[1minfo     [0m] [1mQueue stats                   [0m [[0m[1m[34mlanggraph_runtime_inmem.queue[0m][0m [36mapi_variant[0m=[35mlocal_dev[0m [36mlanggraph_api_version[0m=[35m0.6.39[0m [36mn_pending[0m=[35m0[0m [36mn_running[0m=[35m0[0m [36mpending_runs_wait_time_max_secs[0m=[35mNone[0m [36mpending_runs_wait_time_med_secs[0m=[35mNone[0m [36mpending_unblocked_runs_wait_time_max_secs[0m=[35mNone[0m [36mthread_name[0m=[35masyncio_1[0m
[2m2026-02-18T15:50:18.336806Z[0m [[32m[1minfo     [0m] [1m1 change detected             [0m [[0m[1m[34mwatchfiles.main[0m][0m [36mapi_variant[0m=[35mlocal_dev[0m [36mlanggraph_api_version[0m=[35m0.6.39[0m [36mthread_name[0m=[35mMainThread[0m
[2m2026-02-18T15:50:18.337149Z[0m [[33m[1mwarning  [0m] [1mWatchFiles detected changes in 'src/agent/planner_agent_system_prompt.py'. Reloading...[0m [[0m[1m[34muvicorn.error[0m][0m [36mapi_variant[0m=[35mlocal_dev[0m [36mlanggraph_api_version[0m=[35m0.6.39[0m [36mthread_name[0m=[35mMainThread[0m
[2m2026-02-18T15:50:18.519091Z[0m [[32m[1minfo     [0m] [1mShutting down background workers[0m [[0m[1m[34mlanggraph_runtime_inmem.queue[0m][0m [36mapi_variant[0m=[35mlocal_dev[0m [36mlanggraph_api_version[0m=[35m0.6.39[0m [36mthread_name[0m=[35mMainThread[0m
[2m2026-02-18T15:50:18.520207Z[0m [[32m[1minfo     [0m] [1mShutting down remote graphs   [0m [[0m[1m[34mlanggraph_api.graph[0m][0m [36mapi_variant[0m=[35mlocal_dev[0m [36mlanggraph_api_version[0m=[35m0.6.39[0m [36mthread_name[0m=[35mMainThread[0m
[2m2026-02-18T15:50:19.062048Z[0m [[32m[1minfo     [0m] [1mStarting dev checkpoint ingestion loop[0m [[0m[1m[34mlanggraph_runtime_inmem.checkpoint[0m][0m [36mapi_variant[0m=[35mlocal_dev[0m [36mlanggraph_api_version[0m=[35m0.6.39[0m [36mthread_name[0m=[35mMainThread[0m
[2m2026-02-18T15:50:19.532919Z[0m [[32m[1minfo     [0m] [1mStopping dev checkpoint ingestion loop[0m [[0m[1m[34mlanggraph_runtime_inmem.checkpoint[0m][0m [36mapi_variant[0m=[35mlocal_dev[0m [36mlanggraph_api_version[0m=[35m0.6.39[0m [36mthread_name[0m=[35mMainThread[0m
[2m2026-02-18T15:50:19.533138Z[0m [[32m[1minfo     [0m] [1mdev checkpoint ingestion loop exiting[0m [[0m[1m[34mlanggraph_runtime_inmem.checkpoint[0m][0m [36mapi_variant[0m=[35mlocal_dev[0m [36mlanggraph_api_version[0m=[35m0.6.39[0m [36mthread_name[0m=[35mThread-1[0m
[2m2026-02-18T15:50:21.357996Z[0m [[32m[1minfo     [0m] [1m21 changes detected           [0m [[0m[1m[34mwatchfiles.main[0m][0m [36mapi_variant[0m=[35mlocal_dev[0m [36mlanggraph_api_version[0m=[35m0.6.39[0m [36mthread_name[0m=[35mMainThread[0m
[2m2026-02-18T15:50:21.584558Z[0m [[32m[1minfo     [0m] [1mUsing langgraph_runtime_inmem [0m [[0m[1m[34mlanggraph_runtime[0m][0m [36mapi_variant[0m=[35mlocal_dev[0m [36mlanggraph_api_version[0m=[35m0.6.39[0m [36mthread_name[0m=[35mMainThread[0m
[2m2026-02-18T15:50:21.628515Z[0m [[32m[1minfo     [0m] [1mUsing auth of type=noop       [0m [[0m[1m[34mlanggraph_api.auth.middleware[0m][0m [36mapi_variant[0m=[35mlocal_dev[0m [36mlanggraph_api_version[0m=[35m0.6.39[0m [36mthread_name[0m=[35mMainThread[0m
[2m2026-02-18T15:50:21.630677Z[0m [[32m[1minfo     [0m] [1mStarting In-Memory runtime with langgraph-api=0.6.39 and in-memory runtime=0.22.1[0m [[0m[1m[34mlanggraph_runtime_inmem.lifespan[0m][0m [36mapi_variant[0m=[35mlocal_dev[0m [36mlanggraph_api_version[0m=[35m0.6.39[0m [36mlanggraph_runtime_inmem_version[0m=[35m0.22.1[0m [36mthread_name[0m=[35masyncio_0[0m [36mversion[0m=[35m0.6.39[0m
[2m2026-02-18T15:50:21.934609Z[0m [[32m[1minfo     [0m] [1mStarting metadata loop        [0m [[0m[1m[34mlanggraph_api.metadata[0m][0m [36mapi_variant[0m=[35mlocal_dev[0m [36mendpoint[0m=[35mhttps://api.smith.langchain.com/v1/metadata/submit[0m [36mlanggraph_api_version[0m=[35m0.6.39[0m [36mthread_name[0m=[35mMainThread[0m
[2m2026-02-18T15:50:21.934801Z[0m [[32m[1minfo     [0m] [1mGetting auth instance: None   [0m [[0m[1m[34mlanggraph_api.auth.custom[0m][0m [36mapi_variant[0m=[35mlocal_dev[0m [36mlanggraph_api_version[0m=[35m0.6.39[0m [36mlanggraph_auth[0m=[35mNone[0m [36mthread_name[0m=[35mMainThread[0m
[2m2026-02-18T15:50:21.938850Z[0m [[32m[1minfo     [0m] [1mStarting thread TTL sweeper   [0m [[0m[1m[34mlanggraph_api.thread_ttl[0m][0m [36mapi_variant[0m=[35mlocal_dev[0m [36mcore_api_enabled[0m=[35mFalse[0m [36mdefault_strategy[0m=[35mdelete[0m [36minterval_minutes[0m=[35m5[0m [36mlanggraph_api_version[0m=[35m0.6.39[0m [36msweep_limit[0m=[35m1000[0m [36mthread_name[0m=[35masyncio_1[0m
[2m2026-02-18T15:50:22.363585Z[0m [[32m[1minfo     [0m] [1mHTTP Request: POST https://api.smith.langchain.com/v1/metadata/submit "HTTP/1.1 204 No Content"[0m [[0m[1m[34mhttpx[0m][0m [36mapi_variant[0m=[35mlocal_dev[0m [36mlanggraph_api_version[0m=[35m0.6.39[0m [36mthread_name[0m=[35mMainThread[0m
[2m2026-02-18T15:50:22.364005Z[0m [[32m[1minfo     [0m] [1mSuccessfully submitted metadata to LangSmith instance[0m [[0m[1m[34mlanggraph_api.metadata[0m][0m [36mapi_variant[0m=[35mlocal_dev[0m [36mlanggraph_api_version[0m=[35m0.6.39[0m [36mn_nodes[0m=[35m0[0m [36mn_runs[0m=[35m0[0m [36mthread_name[0m=[35mMainThread[0m
[2m2026-02-18T15:50:22.412677Z[0m [[32m[1minfo     [0m] [1m3 changes detected            [0m [[0m[1m[34mwatchfiles.main[0m][0m [36mapi_variant[0m=[35mlocal_dev[0m [36mlanggraph_api_version[0m=[35m0.6.39[0m [36mthread_name[0m=[35mMainThread[0m
[2m2026-02-18T15:50:22.872126Z[0m [[32m[1minfo     [0m] [1mImporting graph with id agent [0m [[0m[1m[34mlanggraph_api.timing.timer[0m][0m [36mapi_variant[0m=[35mlocal_dev[0m [36melapsed_seconds[0m=[35m0.9367075099999056[0m [36mgraph_id[0m=[35magent[0m [36mlanggraph_api_version[0m=[35m0.6.39[0m [36mmodule[0m=[35mNone[0m [36mname[0m=[35m_graph_from_spec[0m [36mpath[0m=[35m./src/agent/graph.py[0m [36mthread_name[0m=[35masyncio_0[0m
[2m2026-02-18T15:50:22.872538Z[0m [[32m[1minfo     [0m] [1mApplication started up in 1.405s[0m [[0m[1m[34mlanggraph_api.timing.timer[0m][0m [36mapi_variant[0m=[35mlocal_dev[0m [36melapsed[0m=[35m1.4051773779997347[0m [36mlanggraph_api_version[0m=[35m0.6.39[0m [36mthread_name[0m=[35mMainThread[0m
[2m2026-02-18T15:50:22.877639Z[0m [[32m[1minfo     [0m] [1mStarting 1 background workers [0m [[0m[1m[34mlanggraph_runtime_inmem.queue[0m][0m [36mapi_variant[0m=[35mlocal_dev[0m [36mlanggraph_api_version[0m=[35m0.6.39[0m [36mthread_name[0m=[35masyncio_1[0m
[2m2026-02-18T15:50:22.878006Z[0m [[32m[1minfo     [0m] [1mWorker stats                  [0m [[0m[1m[34mlanggraph_runtime_inmem.queue[0m][0m [36mactive[0m=[35m0[0m [36mapi_variant[0m=[35mlocal_dev[0m [36mavailable[0m=[35m1[0m [36mlanggraph_api_version[0m=[35m0.6.39[0m [36mmax[0m=[35m1[0m [36mthread_name[0m=[35masyncio_1[0m
[2m2026-02-18T15:50:23.379718Z[0m [[32m[1minfo     [0m] [1mQueue stats                   [0m [[0m[1m[34mlanggraph_runtime_inmem.queue[0m][0m [36mapi_variant[0m=[35mlocal_dev[0m [36mlanggraph_api_version[0m=[35m0.6.39[0m [36mn_pending[0m=[35m0[0m [36mn_running[0m=[35m0[0m [36mpending_runs_wait_time_max_secs[0m=[35mNone[0m [36mpending_runs_wait_time_med_secs[0m=[35mNone[0m [36mpending_unblocked_runs_wait_time_max_secs[0m=[35mNone[0m [36mthread_name[0m=[35masyncio_1[0m
[2m2026-02-18T15:50:53.994142Z[0m [[32m[1minfo     [0m] [1m1 change detected             [0m [[0m[1m[34mwatchfiles.main[0m][0m [36mapi_variant[0m=[35mlocal_dev[0m [36mlanggraph_api_version[0m=[35m0.6.39[0m [36mthread_name[0m=[35mMainThread[0m
[2m2026-02-18T15:50:53.995358Z[0m [[33m[1mwarning  [0m] [1mWatchFiles detected changes in 'src/agent/planner_agent_system_prompt.py'. Reloading...[0m [[0m[1m[34muvicorn.error[0m][0m [36mapi_variant[0m=[35mlocal_dev[0m [36mlanggraph_api_version[0m=[35m0.6.39[0m [36mthread_name[0m=[35mMainThread[0m
[2m2026-02-18T15:50:54.116472Z[0m [[32m[1minfo     [0m] [1mShutting down background workers[0m [[0m[1m[34mlanggraph_runtime_inmem.queue[0m][0m [36mapi_variant[0m=[35mlocal_dev[0m [36mlanggraph_api_version[0m=[35m0.6.39[0m [36mthread_name[0m=[35mMainThread[0m
[2m2026-02-18T15:50:54.117558Z[0m [[32m[1minfo     [0m] [1mShutting down remote graphs   [0m [[0m[1m[34mlanggraph_api.graph[0m][0m [36mapi_variant[0m=[35mlocal_dev[0m [36mlanggraph_api_version[0m=[35m0.6.39[0m [36mthread_name[0m=[35mMainThread[0m
[2m2026-02-18T15:50:55.026486Z[0m [[32m[1minfo     [0m] [1mStarting dev checkpoint ingestion loop[0m [[0m[1m[34mlanggraph_runtime_inmem.checkpoint[0m][0m [36mapi_variant[0m=[35mlocal_dev[0m [36mlanggraph_api_version[0m=[35m0.6.39[0m [36mthread_name[0m=[35mMainThread[0m
[2m2026-02-18T15:50:55.492059Z[0m [[32m[1minfo     [0m] [1mStopping dev checkpoint ingestion loop[0m [[0m[1m[34mlanggraph_runtime_inmem.checkpoint[0m][0m [36mapi_variant[0m=[35mlocal_dev[0m [36mlanggraph_api_version[0m=[35m0.6.39[0m [36mthread_name[0m=[35mMainThread[0m
[2m2026-02-18T15:50:55.492247Z[0m [[32m[1minfo     [0m] [1mdev checkpoint ingestion loop exiting[0m [[0m[1m[34mlanggraph_runtime_inmem.checkpoint[0m][0m [36mapi_variant[0m=[35mlocal_dev[0m [36mlanggraph_api_version[0m=[35m0.6.39[0m [36mthread_name[0m=[35mThread-1[0m
[2m2026-02-18T15:50:57.326688Z[0m [[32m[1minfo     [0m] [1m21 changes detected           [0m [[0m[1m[34mwatchfiles.main[0m][0m [36mapi_variant[0m=[35mlocal_dev[0m [36mlanggraph_api_version[0m=[35m0.6.39[0m [36mthread_name[0m=[35mMainThread[0m
[2m2026-02-18T15:50:57.565366Z[0m [[32m[1minfo     [0m] [1mUsing langgraph_runtime_inmem [0m [[0m[1m[34mlanggraph_runtime[0m][0m [36mapi_variant[0m=[35mlocal_dev[0m [36mlanggraph_api_version[0m=[35m0.6.39[0m [36mthread_name[0m=[35mMainThread[0m
[2m2026-02-18T15:50:57.610398Z[0m [[32m[1minfo     [0m] [1mUsing auth of type=noop       [0m [[0m[1m[34mlanggraph_api.auth.middleware[0m][0m [36mapi_variant[0m=[35mlocal_dev[0m [36mlanggraph_api_version[0m=[35m0.6.39[0m [36mthread_name[0m=[35mMainThread[0m
[2m2026-02-18T15:50:57.612627Z[0m [[32m[1minfo     [0m] [1mStarting In-Memory runtime with langgraph-api=0.6.39 and in-memory runtime=0.22.1[0m [[0m[1m[34mlanggraph_runtime_inmem.lifespan[0m][0m [36mapi_variant[0m=[35mlocal_dev[0m [36mlanggraph_api_version[0m=[35m0.6.39[0m [36mlanggraph_runtime_inmem_version[0m=[35m0.22.1[0m [36mthread_name[0m=[35masyncio_0[0m [36mversion[0m=[35m0.6.39[0m
[2m2026-02-18T15:50:57.911869Z[0m [[32m[1minfo     [0m] [1mStarting metadata loop        [0m [[0m[1m[34mlanggraph_api.metadata[0m][0m [36mapi_variant[0m=[35mlocal_dev[0m [36mendpoint[0m=[35mhttps://api.smith.langchain.com/v1/metadata/submit[0m [36mlanggraph_api_version[0m=[35m0.6.39[0m [36mthread_name[0m=[35mMainThread[0m
[2m2026-02-18T15:50:57.912162Z[0m [[32m[1minfo     [0m] [1mGetting auth instance: None   [0m [[0m[1m[34mlanggraph_api.auth.custom[0m][0m [36mapi_variant[0m=[35mlocal_dev[0m [36mlanggraph_api_version[0m=[35m0.6.39[0m [36mlanggraph_auth[0m=[35mNone[0m [36mthread_name[0m=[35mMainThread[0m
[2m2026-02-18T15:50:57.916460Z[0m [[32m[1minfo     [0m] [1mStarting thread TTL sweeper   [0m [[0m[1m[34mlanggraph_api.thread_ttl[0m][0m [36mapi_variant[0m=[35mlocal_dev[0m [36mcore_api_enabled[0m=[35mFalse[0m [36mdefault_strategy[0m=[35mdelete[0m [36minterval_minutes[0m=[35m5[0m [36mlanggraph_api_version[0m=[35m0.6.39[0m [36msweep_limit[0m=[35m1000[0m [36mthread_name[0m=[35masyncio_1[0m
[2m2026-02-18T15:50:58.307997Z[0m [[32m[1minfo     [0m] [1mHTTP Request: POST https://api.smith.langchain.com/v1/metadata/submit "HTTP/1.1 204 No Content"[0m [[0m[1m[34mhttpx[0m][0m [36mapi_variant[0m=[35mlocal_dev[0m [36mlanggraph_api_version[0m=[35m0.6.39[0m [36mthread_name[0m=[35mMainThread[0m
[2m2026-02-18T15:50:58.308495Z[0m [[32m[1minfo     [0m] [1mSuccessfully submitted metadata to LangSmith instance[0m [[0m[1m[34mlanggraph_api.metadata[0m][0m [36mapi_variant[0m=[35mlocal_dev[0m [36mlanggraph_api_version[0m=[35m0.6.39[0m [36mn_nodes[0m=[35m0[0m [36mn_runs[0m=[35m0[0m [36mthread_name[0m=[35mMainThread[0m
[2m2026-02-18T15:50:58.428787Z[0m [[32m[1minfo     [0m] [1m3 changes detected            [0m [[0m[1m[34mwatchfiles.main[0m][0m [36mapi_variant[0m=[35mlocal_dev[0m [36mlanggraph_api_version[0m=[35m0.6.39[0m [36mthread_name[0m=[35mMainThread[0m
[2m2026-02-18T15:50:58.875539Z[0m [[32m[1minfo     [0m] [1mImporting graph with id agent [0m [[0m[1m[34mlanggraph_api.timing.timer[0m][0m [36mapi_variant[0m=[35mlocal_dev[0m [36melapsed_seconds[0m=[35m0.9634270639999158[0m [36mgraph_id[0m=[35magent[0m [36mlanggraph_api_version[0m=[35m0.6.39[0m [36mmodule[0m=[35mNone[0m [36mname[0m=[35m_graph_from_spec[0m [36mpath[0m=[35m./src/agent/graph.py[0m [36mthread_name[0m=[35masyncio_0[0m
[2m2026-02-18T15:50:58.875951Z[0m [[32m[1minfo     [0m] [1mApplication started up in 1.431s[0m [[0m[1m[34mlanggraph_api.timing.timer[0m][0m [36mapi_variant[0m=[35mlocal_dev[0m [36melapsed[0m=[35m1.4306027699999504[0m [36mlanggraph_api_version[0m=[35m0.6.39[0m [36mthread_name[0m=[35mMainThread[0m
[2m2026-02-18T15:50:58.881498Z[0m [[32m[1minfo     [0m] [1mStarting 1 background workers [0m [[0m[1m[34mlanggraph_runtime_inmem.queue[0m][0m [36mapi_variant[0m=[35mlocal_dev[0m [36mlanggraph_api_version[0m=[35m0.6.39[0m [36mthread_name[0m=[35masyncio_1[0m
[2m2026-02-18T15:50:58.881955Z[0m [[32m[1minfo     [0m] [1mWorker stats                  [0m [[0m[1m[34mlanggraph_runtime_inmem.queue[0m][0m [36mactive[0m=[35m0[0m [36mapi_variant[0m=[35mlocal_dev[0m [36mavailable[0m=[35m1[0m [36mlanggraph_api_version[0m=[35m0.6.39[0m [36mmax[0m=[35m1[0m [36mthread_name[0m=[35masyncio_1[0m
[2m2026-02-18T15:50:59.383125Z[0m [[32m[1minfo     [0m] [1mQueue stats                   [0m [[0m[1m[34mlanggraph_runtime_inmem.queue[0m][0m [36mapi_variant[0m=[35mlocal_dev[0m [36mlanggraph_api_version[0m=[35m0.6.39[0m [36mn_pending[0m=[35m0[0m [36mn_running[0m=[35m0[0m [36mpending_runs_wait_time_max_secs[0m=[35mNone[0m [36mpending_runs_wait_time_med_secs[0m=[35mNone[0m [36mpending_unblocked_runs_wait_time_max_secs[0m=[35mNone[0m [36mthread_name[0m=[35masyncio_0[0m
[2m2026-02-18T15:51:06.747496Z[0m [[32m[1minfo     [0m] [1m1 change detected             [0m [[0m[1m[34mwatchfiles.main[0m][0m [36mapi_variant[0m=[35mlocal_dev[0m [36mlanggraph_api_version[0m=[35m0.6.39[0m [36mthread_name[0m=[35mMainThread[0m
[2m2026-02-18T15:51:06.748824Z[0m [[33m[1mwarning  [0m] [1mWatchFiles detected changes in 'src/agent/planner_agent_system_prompt.py'. Reloading...[0m [[0m[1m[34muvicorn.error[0m][0m [36mapi_variant[0m=[35mlocal_dev[0m [36mlanggraph_api_version[0m=[35m0.6.39[0m [36mthread_name[0m=[35mMainThread[0m
[2m2026-02-18T15:51:06.917390Z[0m [[32m[1minfo     [0m] [1mShutting down background workers[0m [[0m[1m[34mlanggraph_runtime_inmem.queue[0m][0m [36mapi_variant[0m=[35mlocal_dev[0m [36mlanggraph_api_version[0m=[35m0.6.39[0m [36mthread_name[0m=[35mMainThread[0m
[2m2026-02-18T15:51:06.917674Z[0m [[32m[1minfo     [0m] [1mShutting down remote graphs   [0m [[0m[1m[34mlanggraph_api.graph[0m][0m [36mapi_variant[0m=[35mlocal_dev[0m [36mlanggraph_api_version[0m=[35m0.6.39[0m [36mthread_name[0m=[35mMainThread[0m
[2m2026-02-18T15:51:07.413341Z[0m [[32m[1minfo     [0m] [1mStarting dev checkpoint ingestion loop[0m [[0m[1m[34mlanggraph_runtime_inmem.checkpoint[0m][0m [36mapi_variant[0m=[35mlocal_dev[0m [36mlanggraph_api_version[0m=[35m0.6.39[0m [36mthread_name[0m=[35mMainThread[0m
[2m2026-02-18T15:51:07.895067Z[0m [[32m[1minfo     [0m] [1mStopping dev checkpoint ingestion loop[0m [[0m[1m[34mlanggraph_runtime_inmem.checkpoint[0m][0m [36mapi_variant[0m=[35mlocal_dev[0m [36mlanggraph_api_version[0m=[35m0.6.39[0m [36mthread_name[0m=[35mMainThread[0m
[2m2026-02-18T15:51:07.895256Z[0m [[32m[1minfo     [0m] [1mdev checkpoint ingestion loop exiting[0m [[0m[1m[34mlanggraph_runtime_inmem.checkpoint[0m][0m [36mapi_variant[0m=[35mlocal_dev[0m [36mlanggraph_api_version[0m=[35m0.6.39[0m [36mthread_name[0m=[35mThread-1[0m
[2m2026-02-18T15:51:09.703824Z[0m [[32m[1minfo     [0m] [1m21 changes detected           [0m [[0m[1m[34mwatchfiles.main[0m][0m [36mapi_variant[0m=[35mlocal_dev[0m [36mlanggraph_api_version[0m=[35m0.6.39[0m [36mthread_name[0m=[35mMainThread[0m
[2m2026-02-18T15:51:09.951318Z[0m [[32m[1minfo     [0m] [1mUsing langgraph_runtime_inmem [0m [[0m[1m[34mlanggraph_runtime[0m][0m [36mapi_variant[0m=[35mlocal_dev[0m [36mlanggraph_api_version[0m=[35m0.6.39[0m [36mthread_name[0m=[35mMainThread[0m
[2m2026-02-18T15:51:10.001433Z[0m [[32m[1minfo     [0m] [1mUsing auth of type=noop       [0m [[0m[1m[34mlanggraph_api.auth.middleware[0m][0m [36mapi_variant[0m=[35mlocal_dev[0m [36mlanggraph_api_version[0m=[35m0.6.39[0m [36mthread_name[0m=[35mMainThread[0m
[2m2026-02-18T15:51:10.003756Z[0m [[32m[1minfo     [0m] [1mStarting In-Memory runtime with langgraph-api=0.6.39 and in-memory runtime=0.22.1[0m [[0m[1m[34mlanggraph_runtime_inmem.lifespan[0m][0m [36mapi_variant[0m=[35mlocal_dev[0m [36mlanggraph_api_version[0m=[35m0.6.39[0m [36mlanggraph_runtime_inmem_version[0m=[35m0.22.1[0m [36mthread_name[0m=[35masyncio_0[0m [36mversion[0m=[35m0.6.39[0m
[2m2026-02-18T15:51:10.315877Z[0m [[32m[1minfo     [0m] [1mStarting metadata loop        [0m [[0m[1m[34mlanggraph_api.metadata[0m][0m [36mapi_variant[0m=[35mlocal_dev[0m [36mendpoint[0m=[35mhttps://api.smith.langchain.com/v1/metadata/submit[0m [36mlanggraph_api_version[0m=[35m0.6.39[0m [36mthread_name[0m=[35mMainThread[0m
[2m2026-02-18T15:51:10.316075Z[0m [[32m[1minfo     [0m] [1mGetting auth instance: None   [0m [[0m[1m[34mlanggraph_api.auth.custom[0m][0m [36mapi_variant[0m=[35mlocal_dev[0m [36mlanggraph_api_version[0m=[35m0.6.39[0m [36mlanggraph_auth[0m=[35mNone[0m [36mthread_name[0m=[35mMainThread[0m
[2m2026-02-18T15:51:10.320320Z[0m [[32m[1minfo     [0m] [1mStarting thread TTL sweeper   [0m [[0m[1m[34mlanggraph_api.thread_ttl[0m][0m [36mapi_variant[0m=[35mlocal_dev[0m [36mcore_api_enabled[0m=[35mFalse[0m [36mdefault_strategy[0m=[35mdelete[0m [36minterval_minutes[0m=[35m5[0m [36mlanggraph_api_version[0m=[35m0.6.39[0m [36msweep_limit[0m=[35m1000[0m [36mthread_name[0m=[35masyncio_1[0m
[2m2026-02-18T15:51:10.688411Z[0m [[32m[1minfo     [0m] [1mHTTP Request: POST https://api.smith.langchain.com/v1/metadata/submit "HTTP/1.1 204 No Content"[0m [[0m[1m[34mhttpx[0m][0m [36mapi_variant[0m=[35mlocal_dev[0m [36mlanggraph_api_version[0m=[35m0.6.39[0m [36mthread_name[0m=[35mMainThread[0m
[2m2026-02-18T15:51:10.688853Z[0m [[32m[1minfo     [0m] [1mSuccessfully submitted metadata to LangSmith instance[0m [[0m[1m[34mlanggraph_api.metadata[0m][0m [36mapi_variant[0m=[35mlocal_dev[0m [36mlanggraph_api_version[0m=[35m0.6.39[0m [36mn_nodes[0m=[35m0[0m [36mn_runs[0m=[35m0[0m [36mthread_name[0m=[35mMainThread[0m
[2m2026-02-18T15:51:10.806077Z[0m [[32m[1minfo     [0m] [1m3 changes detected            [0m [[0m[1m[34mwatchfiles.main[0m][0m [36mapi_variant[0m=[35mlocal_dev[0m [36mlanggraph_api_version[0m=[35m0.6.39[0m [36mthread_name[0m=[35mMainThread[0m
[2m2026-02-18T15:51:11.255732Z[0m [[32m[1minfo     [0m] [1mImporting graph with id agent [0m [[0m[1m[34mlanggraph_api.timing.timer[0m][0m [36mapi_variant[0m=[35mlocal_dev[0m [36melapsed_seconds[0m=[35m0.9390155819996835[0m [36mgraph_id[0m=[35magent[0m [36mlanggraph_api_version[0m=[35m0.6.39[0m [36mmodule[0m=[35mNone[0m [36mname[0m=[35m_graph_from_spec[0m [36mpath[0m=[35m./src/agent/graph.py[0m [36mthread_name[0m=[35masyncio_0[0m
[2m2026-02-18T15:51:11.256123Z[0m [[32m[1minfo     [0m] [1mApplication started up in 1.431s[0m [[0m[1m[34mlanggraph_api.timing.timer[0m][0m [36mapi_variant[0m=[35mlocal_dev[0m [36melapsed[0m=[35m1.4310018989999662[0m [36mlanggraph_api_version[0m=[35m0.6.39[0m [36mthread_name[0m=[35mMainThread[0m
[2m2026-02-18T15:51:11.262165Z[0m [[32m[1minfo     [0m] [1mStarting 1 background workers [0m [[0m[1m[34mlanggraph_runtime_inmem.queue[0m][0m [36mapi_variant[0m=[35mlocal_dev[0m [36mlanggraph_api_version[0m=[35m0.6.39[0m [36mthread_name[0m=[35masyncio_1[0m
[2m2026-02-18T15:51:11.262471Z[0m [[32m[1minfo     [0m] [1mWorker stats                  [0m [[0m[1m[34mlanggraph_runtime_inmem.queue[0m][0m [36mactive[0m=[35m0[0m [36mapi_variant[0m=[35mlocal_dev[0m [36mavailable[0m=[35m1[0m [36mlanggraph_api_version[0m=[35m0.6.39[0m [36mmax[0m=[35m1[0m [36mthread_name[0m=[35masyncio_0[0m
[2m2026-02-18T15:51:11.764185Z[0m [[32m[1minfo     [0m] [1mQueue stats                   [0m [[0m[1m[34mlanggraph_runtime_inmem.queue[0m][0m [36mapi_variant[0m=[35mlocal_dev[0m [36mlanggraph_api_version[0m=[35m0.6.39[0m [36mn_pending[0m=[35m0[0m [36mn_running[0m=[35m0[0m [36mpending_runs_wait_time_max_secs[0m=[35mNone[0m [36mpending_runs_wait_time_med_secs[0m=[35mNone[0m [36mpending_unblocked_runs_wait_time_max_secs[0m=[35mNone[0m [36mthread_name[0m=[35masyncio_1[0m
[2m2026-02-18T15:51:52.209721Z[0m [[32m[1minfo     [0m] [1m1 change detected             [0m [[0m[1m[34mwatchfiles.main[0m][0m [36mapi_variant[0m=[35mlocal_dev[0m [36mlanggraph_api_version[0m=[35m0.6.39[0m [36mthread_name[0m=[35mMainThread[0m
[2m2026-02-18T15:51:52.210061Z[0m [[33m[1mwarning  [0m] [1mWatchFiles detected changes in 'src/agent/graph.py'. Reloading...[0m [[0m[1m[34muvicorn.error[0m][0m [36mapi_variant[0m=[35mlocal_dev[0m [36mlanggraph_api_version[0m=[35m0.6.39[0m [36mthread_name[0m=[35mMainThread[0m
[2m2026-02-18T15:51:52.347800Z[0m [[32m[1minfo     [0m] [1mShutting down background workers[0m [[0m[1m[34mlanggraph_runtime_inmem.queue[0m][0m [36mapi_variant[0m=[35mlocal_dev[0m [36mlanggraph_api_version[0m=[35m0.6.39[0m [36mthread_name[0m=[35mMainThread[0m
[2m2026-02-18T15:51:52.348893Z[0m [[32m[1minfo     [0m] [1mShutting down remote graphs   [0m [[0m[1m[34mlanggraph_api.graph[0m][0m [36mapi_variant[0m=[35mlocal_dev[0m [36mlanggraph_api_version[0m=[35m0.6.39[0m [36mthread_name[0m=[35mMainThread[0m
[2m2026-02-18T15:51:52.896995Z[0m [[32m[1minfo     [0m] [1mStarting dev checkpoint ingestion loop[0m [[0m[1m[34mlanggraph_runtime_inmem.checkpoint[0m][0m [36mapi_variant[0m=[35mlocal_dev[0m [36mlanggraph_api_version[0m=[35m0.6.39[0m [36mthread_name[0m=[35mMainThread[0m
[2m2026-02-18T15:51:53.365854Z[0m [[32m[1minfo     [0m] [1mStopping dev checkpoint ingestion loop[0m [[0m[1m[34mlanggraph_runtime_inmem.checkpoint[0m][0m [36mapi_variant[0m=[35mlocal_dev[0m [36mlanggraph_api_version[0m=[35m0.6.39[0m [36mthread_name[0m=[35mMainThread[0m
[2m2026-02-18T15:51:53.366025Z[0m [[32m[1minfo     [0m] [1mdev checkpoint ingestion loop exiting[0m [[0m[1m[34mlanggraph_runtime_inmem.checkpoint[0m][0m [36mapi_variant[0m=[35mlocal_dev[0m [36mlanggraph_api_version[0m=[35m0.6.39[0m [36mthread_name[0m=[35mThread-1[0m
[2m2026-02-18T15:51:55.155570Z[0m [[32m[1minfo     [0m] [1m21 changes detected           [0m [[0m[1m[34mwatchfiles.main[0m][0m [36mapi_variant[0m=[35mlocal_dev[0m [36mlanggraph_api_version[0m=[35m0.6.39[0m [36mthread_name[0m=[35mMainThread[0m
[2m2026-02-18T15:51:55.389026Z[0m [[32m[1minfo     [0m] [1mUsing langgraph_runtime_inmem [0m [[0m[1m[34mlanggraph_runtime[0m][0m [36mapi_variant[0m=[35mlocal_dev[0m [36mlanggraph_api_version[0m=[35m0.6.39[0m [36mthread_name[0m=[35mMainThread[0m
[2m2026-02-18T15:51:55.432501Z[0m [[32m[1minfo     [0m] [1mUsing auth of type=noop       [0m [[0m[1m[34mlanggraph_api.auth.middleware[0m][0m [36mapi_variant[0m=[35mlocal_dev[0m [36mlanggraph_api_version[0m=[35m0.6.39[0m [36mthread_name[0m=[35mMainThread[0m
[2m2026-02-18T15:51:55.434696Z[0m [[32m[1minfo     [0m] [1mStarting In-Memory runtime with langgraph-api=0.6.39 and in-memory runtime=0.22.1[0m [[0m[1m[34mlanggraph_runtime_inmem.lifespan[0m][0m [36mapi_variant[0m=[35mlocal_dev[0m [36mlanggraph_api_version[0m=[35m0.6.39[0m [36mlanggraph_runtime_inmem_version[0m=[35m0.22.1[0m [36mthread_name[0m=[35masyncio_0[0m [36mversion[0m=[35m0.6.39[0m
[2m2026-02-18T15:51:55.736529Z[0m [[32m[1minfo     [0m] [1mStarting metadata loop        [0m [[0m[1m[34mlanggraph_api.metadata[0m][0m [36mapi_variant[0m=[35mlocal_dev[0m [36mendpoint[0m=[35mhttps://api.smith.langchain.com/v1/metadata/submit[0m [36mlanggraph_api_version[0m=[35m0.6.39[0m [36mthread_name[0m=[35mMainThread[0m
[2m2026-02-18T15:51:55.736719Z[0m [[32m[1minfo     [0m] [1mGetting auth instance: None   [0m [[0m[1m[34mlanggraph_api.auth.custom[0m][0m [36mapi_variant[0m=[35mlocal_dev[0m [36mlanggraph_api_version[0m=[35m0.6.39[0m [36mlanggraph_auth[0m=[35mNone[0m [36mthread_name[0m=[35mMainThread[0m
[2m2026-02-18T15:51:55.748926Z[0m [[32m[1minfo     [0m] [1mStarting thread TTL sweeper   [0m [[0m[1m[34mlanggraph_api.thread_ttl[0m][0m [36mapi_variant[0m=[35mlocal_dev[0m [36mcore_api_enabled[0m=[35mFalse[0m [36mdefault_strategy[0m=[35mdelete[0m [36minterval_minutes[0m=[35m5[0m [36mlanggraph_api_version[0m=[35m0.6.39[0m [36msweep_limit[0m=[35m1000[0m [36mthread_name[0m=[35masyncio_1[0m
[2m2026-02-18T15:51:55.807048Z[0m [[32m[1minfo     [0m] [1m3 changes detected            [0m [[0m[1m[34mwatchfiles.main[0m][0m [36mapi_variant[0m=[35mlocal_dev[0m [36mlanggraph_api_version[0m=[35m0.6.39[0m [36mthread_name[0m=[35mMainThread[0m
[2m2026-02-18T15:51:56.053908Z[0m [[32m[1minfo     [0m] [1mHTTP Request: POST https://api.smith.langchain.com/v1/metadata/submit "HTTP/1.1 204 No Content"[0m [[0m[1m[34mhttpx[0m][0m [36mapi_variant[0m=[35mlocal_dev[0m [36mlanggraph_api_version[0m=[35m0.6.39[0m [36mthread_name[0m=[35mMainThread[0m
[2m2026-02-18T15:51:56.054309Z[0m [[32m[1minfo     [0m] [1mSuccessfully submitted metadata to LangSmith instance[0m [[0m[1m[34mlanggraph_api.metadata[0m][0m [36mapi_variant[0m=[35mlocal_dev[0m [36mlanggraph_api_version[0m=[35m0.6.39[0m [36mn_nodes[0m=[35m0[0m [36mn_runs[0m=[35m0[0m [36mthread_name[0m=[35mMainThread[0m
[2m2026-02-18T15:51:56.693909Z[0m [[32m[1minfo     [0m] [1mImporting graph with id agent [0m [[0m[1m[34mlanggraph_api.timing.timer[0m][0m [36mapi_variant[0m=[35mlocal_dev[0m [36melapsed_seconds[0m=[35m0.9565776800000094[0m [36mgraph_id[0m=[35magent[0m [36mlanggraph_api_version[0m=[35m0.6.39[0m [36mmodule[0m=[35mNone[0m [36mname[0m=[35m_graph_from_spec[0m [36mpath[0m=[35m./src/agent/graph.py[0m [36mthread_name[0m=[35masyncio_0[0m
[2m2026-02-18T15:51:56.694311Z[0m [[32m[1minfo     [0m] [1mApplication started up in 1.424s[0m [[0m[1m[34mlanggraph_api.timing.timer[0m][0m [36mapi_variant[0m=[35mlocal_dev[0m [36melapsed[0m=[35m1.4238997799998288[0m [36mlanggraph_api_version[0m=[35m0.6.39[0m [36mthread_name[0m=[35mMainThread[0m
[2m2026-02-18T15:51:56.699306Z[0m [[32m[1minfo     [0m] [1mStarting 1 background workers [0m [[0m[1m[34mlanggraph_runtime_inmem.queue[0m][0m [36mapi_variant[0m=[35mlocal_dev[0m [36mlanggraph_api_version[0m=[35m0.6.39[0m [36mthread_name[0m=[35masyncio_1[0m
[2m2026-02-18T15:51:56.699688Z[0m [[32m[1minfo     [0m] [1mWorker stats                  [0m [[0m[1m[34mlanggraph_runtime_inmem.queue[0m][0m [36mactive[0m=[35m0[0m [36mapi_variant[0m=[35mlocal_dev[0m [36mavailable[0m=[35m1[0m [36mlanggraph_api_version[0m=[35m0.6.39[0m [36mmax[0m=[35m1[0m [36mthread_name[0m=[35masyncio_1[0m
[2m2026-02-18T15:51:57.200888Z[0m [[32m[1minfo     [0m] [1mQueue stats                   [0m [[0m[1m[34mlanggraph_runtime_inmem.queue[0m][0m [36mapi_variant[0m=[35mlocal_dev[0m [36mlanggraph_api_version[0m=[35m0.6.39[0m [36mn_pending[0m=[35m0[0m [36mn_running[0m=[35m0[0m [36mpending_runs_wait_time_max_secs[0m=[35mNone[0m [36mpending_runs_wait_time_med_secs[0m=[35mNone[0m [36mpending_unblocked_runs_wait_time_max_secs[0m=[35mNone[0m [36mthread_name[0m=[35masyncio_1[0m
[2m2026-02-18T15:52:56.960413Z[0m [[32m[1minfo     [0m] [1mWorker stats                  [0m [[0m[1m[34mlanggraph_runtime_inmem.queue[0m][0m [36mactive[0m=[35m0[0m [36mapi_variant[0m=[35mlocal_dev[0m [36mavailable[0m=[35m1[0m [36mlanggraph_api_version[0m=[35m0.6.39[0m [36mmax[0m=[35m1[0m [36mthread_name[0m=[35masyncio_1[0m
[2m2026-02-18T15:52:57.463437Z[0m [[32m[1minfo     [0m] [1mQueue stats                   [0m [[0m[1m[34mlanggraph_runtime_inmem.queue[0m][0m [36mapi_variant[0m=[35mlocal_dev[0m [36mlanggraph_api_version[0m=[35m0.6.39[0m [36mn_pending[0m=[35m0[0m [36mn_running[0m=[35m0[0m [36mpending_runs_wait_time_max_secs[0m=[35mNone[0m [36mpending_runs_wait_time_med_secs[0m=[35mNone[0m [36mpending_unblocked_runs_wait_time_max_secs[0m=[35mNone[0m [36mthread_name[0m=[35masyncio_0[0m
[2m2026-02-18T15:53:57.215310Z[0m [[32m[1minfo     [0m] [1mWorker stats                  [0m [[0m[1m[34mlanggraph_runtime_inmem.queue[0m][0m [36mactive[0m=[35m0[0m [36mapi_variant[0m=[35mlocal_dev[0m [36mavailable[0m=[35m1[0m [36mlanggraph_api_version[0m=[35m0.6.39[0m [36mmax[0m=[35m1[0m [36mthread_name[0m=[35masyncio_1[0m
[2m2026-02-18T15:53:57.717970Z[0m [[32m[1minfo     [0m] [1mQueue stats                   [0m [[0m[1m[34mlanggraph_runtime_inmem.queue[0m][0m [36mapi_variant[0m=[35mlocal_dev[0m [36mlanggraph_api_version[0m=[35m0.6.39[0m [36mn_pending[0m=[35m0[0m [36mn_running[0m=[35m0[0m [36mpending_runs_wait_time_max_secs[0m=[35mNone[0m [36mpending_runs_wait_time_med_secs[0m=[35mNone[0m [36mpending_unblocked_runs_wait_time_max_secs[0m=[35mNone[0m [36mthread_name[0m=[35masyncio_0[0m
[2m2026-02-18T15:54:08.147989Z[0m [[32m[1minfo     [0m] [1m1 change detected             [0m [[0m[1m[34mwatchfiles.main[0m][0m [36mapi_variant[0m=[35mlocal_dev[0m [36mlanggraph_api_version[0m=[35m0.6.39[0m [36mthread_name[0m=[35mMainThread[0m
[2m2026-02-18T15:54:08.148699Z[0m [[33m[1mwarning  [0m] [1mWatchFiles detected changes in 'src/agent/graph.py'. Reloading...[0m [[0m[1m[34muvicorn.error[0m][0m [36mapi_variant[0m=[35mlocal_dev[0m [36mlanggraph_api_version[0m=[35m0.6.39[0m [36mthread_name[0m=[35mMainThread[0m
[2m2026-02-18T15:54:08.291964Z[0m [[32m[1minfo     [0m] [1mShutting down background workers[0m [[0m[1m[34mlanggraph_runtime_inmem.queue[0m][0m [36mapi_variant[0m=[35mlocal_dev[0m [36mlanggraph_api_version[0m=[35m0.6.39[0m [36mthread_name[0m=[35mMainThread[0m
[2m2026-02-18T15:54:08.293016Z[0m [[32m[1minfo     [0m] [1mShutting down remote graphs   [0m [[0m[1m[34mlanggraph_api.graph[0m][0m [36mapi_variant[0m=[35mlocal_dev[0m [36mlanggraph_api_version[0m=[35m0.6.39[0m [36mthread_name[0m=[35mMainThread[0m
[2m2026-02-18T15:54:08.812614Z[0m [[32m[1minfo     [0m] [1mStarting dev checkpoint ingestion loop[0m [[0m[1m[34mlanggraph_runtime_inmem.checkpoint[0m][0m [36mapi_variant[0m=[35mlocal_dev[0m [36mlanggraph_api_version[0m=[35m0.6.39[0m [36mthread_name[0m=[35mMainThread[0m
[2m2026-02-18T15:54:09.276611Z[0m [[32m[1minfo     [0m] [1mStopping dev checkpoint ingestion loop[0m [[0m[1m[34mlanggraph_runtime_inmem.checkpoint[0m][0m [36mapi_variant[0m=[35mlocal_dev[0m [36mlanggraph_api_version[0m=[35m0.6.39[0m [36mthread_name[0m=[35mMainThread[0m
[2m2026-02-18T15:54:09.276809Z[0m [[32m[1minfo     [0m] [1mdev checkpoint ingestion loop exiting[0m [[0m[1m[34mlanggraph_runtime_inmem.checkpoint[0m][0m [36mapi_variant[0m=[35mlocal_dev[0m [36mlanggraph_api_version[0m=[35m0.6.39[0m [36mthread_name[0m=[35mThread-1[0m
[2m2026-02-18T15:54:11.098473Z[0m [[32m[1minfo     [0m] [1m21 changes detected           [0m [[0m[1m[34mwatchfiles.main[0m][0m [36mapi_variant[0m=[35mlocal_dev[0m [36mlanggraph_api_version[0m=[35m0.6.39[0m [36mthread_name[0m=[35mMainThread[0m
[2m2026-02-18T15:54:11.336133Z[0m [[32m[1minfo     [0m] [1mUsing langgraph_runtime_inmem [0m [[0m[1m[34mlanggraph_runtime[0m][0m [36mapi_variant[0m=[35mlocal_dev[0m [36mlanggraph_api_version[0m=[35m0.6.39[0m [36mthread_name[0m=[35mMainThread[0m
[2m2026-02-18T15:54:11.386976Z[0m [[32m[1minfo     [0m] [1mUsing auth of type=noop       [0m [[0m[1m[34mlanggraph_api.auth.middleware[0m][0m [36mapi_variant[0m=[35mlocal_dev[0m [36mlanggraph_api_version[0m=[35m0.6.39[0m [36mthread_name[0m=[35mMainThread[0m
[2m2026-02-18T15:54:11.390922Z[0m [[32m[1minfo     [0m] [1mStarting In-Memory runtime with langgraph-api=0.6.39 and in-memory runtime=0.22.1[0m [[0m[1m[34mlanggraph_runtime_inmem.lifespan[0m][0m [36mapi_variant[0m=[35mlocal_dev[0m [36mlanggraph_api_version[0m=[35m0.6.39[0m [36mlanggraph_runtime_inmem_version[0m=[35m0.22.1[0m [36mthread_name[0m=[35masyncio_0[0m [36mversion[0m=[35m0.6.39[0m
[2m2026-02-18T15:54:11.700296Z[0m [[32m[1minfo     [0m] [1mStarting metadata loop        [0m [[0m[1m[34mlanggraph_api.metadata[0m][0m [36mapi_variant[0m=[35mlocal_dev[0m [36mendpoint[0m=[35mhttps://api.smith.langchain.com/v1/metadata/submit[0m [36mlanggraph_api_version[0m=[35m0.6.39[0m [36mthread_name[0m=[35mMainThread[0m
[2m2026-02-18T15:54:11.700485Z[0m [[32m[1minfo     [0m] [1mGetting auth instance: None   [0m [[0m[1m[34mlanggraph_api.auth.custom[0m][0m [36mapi_variant[0m=[35mlocal_dev[0m [36mlanggraph_api_version[0m=[35m0.6.39[0m [36mlanggraph_auth[0m=[35mNone[0m [36mthread_name[0m=[35mMainThread[0m
[2m2026-02-18T15:54:11.712718Z[0m [[32m[1minfo     [0m] [1mStarting thread TTL sweeper   [0m [[0m[1m[34mlanggraph_api.thread_ttl[0m][0m [36mapi_variant[0m=[35mlocal_dev[0m [36mcore_api_enabled[0m=[35mFalse[0m [36mdefault_strategy[0m=[35mdelete[0m [36minterval_minutes[0m=[35m5[0m [36mlanggraph_api_version[0m=[35m0.6.39[0m [36msweep_limit[0m=[35m1000[0m [36mthread_name[0m=[35masyncio_1[0m
[2m2026-02-18T15:54:11.800251Z[0m [[32m[1minfo     [0m] [1m3 changes detected            [0m [[0m[1m[34mwatchfiles.main[0m][0m [36mapi_variant[0m=[35mlocal_dev[0m [36mlanggraph_api_version[0m=[35m0.6.39[0m [36mthread_name[0m=[35mMainThread[0m
[2m2026-02-18T15:54:12.043836Z[0m [[32m[1minfo     [0m] [1mHTTP Request: POST https://api.smith.langchain.com/v1/metadata/submit "HTTP/1.1 204 No Content"[0m [[0m[1m[34mhttpx[0m][0m [36mapi_variant[0m=[35mlocal_dev[0m [36mlanggraph_api_version[0m=[35m0.6.39[0m [36mthread_name[0m=[35mMainThread[0m
[2m2026-02-18T15:54:12.044263Z[0m [[32m[1minfo     [0m] [1mSuccessfully submitted metadata to LangSmith instance[0m [[0m[1m[34mlanggraph_api.metadata[0m][0m [36mapi_variant[0m=[35mlocal_dev[0m [36mlanggraph_api_version[0m=[35m0.6.39[0m [36mn_nodes[0m=[35m0[0m [36mn_runs[0m=[35m0[0m [36mthread_name[0m=[35mMainThread[0m
[2m2026-02-18T15:54:12.643009Z[0m [[32m[1minfo     [0m] [1mImporting graph with id agent [0m [[0m[1m[34mlanggraph_api.timing.timer[0m][0m [36mapi_variant[0m=[35mlocal_dev[0m [36melapsed_seconds[0m=[35m0.9419187869998495[0m [36mgraph_id[0m=[35magent[0m [36mlanggraph_api_version[0m=[35m0.6.39[0m [36mmodule[0m=[35mNone[0m [36mname[0m=[35m_graph_from_spec[0m [36mpath[0m=[35m./src/agent/graph.py[0m [36mthread_name[0m=[35masyncio_0[0m
[2m2026-02-18T15:54:12.643406Z[0m [[32m[1minfo     [0m] [1mApplication started up in 1.428s[0m [[0m[1m[34mlanggraph_api.timing.timer[0m][0m [36mapi_variant[0m=[35mlocal_dev[0m [36melapsed[0m=[35m1.4280754100000195[0m [36mlanggraph_api_version[0m=[35m0.6.39[0m [36mthread_name[0m=[35mMainThread[0m
[2m2026-02-18T15:54:12.648419Z[0m [[32m[1minfo     [0m] [1mStarting 1 background workers [0m [[0m[1m[34mlanggraph_runtime_inmem.queue[0m][0m [36mapi_variant[0m=[35mlocal_dev[0m [36mlanggraph_api_version[0m=[35m0.6.39[0m [36mthread_name[0m=[35masyncio_1[0m
[2m2026-02-18T15:54:12.648909Z[0m [[32m[1minfo     [0m] [1mWorker stats                  [0m [[0m[1m[34mlanggraph_runtime_inmem.queue[0m][0m [36mactive[0m=[35m0[0m [36mapi_variant[0m=[35mlocal_dev[0m [36mavailable[0m=[35m1[0m [36mlanggraph_api_version[0m=[35m0.6.39[0m [36mmax[0m=[35m1[0m [36mthread_name[0m=[35masyncio_0[0m
[2m2026-02-18T15:54:13.150677Z[0m [[32m[1minfo     [0m] [1mQueue stats                   [0m [[0m[1m[34mlanggraph_runtime_inmem.queue[0m][0m [36mapi_variant[0m=[35mlocal_dev[0m [36mlanggraph_api_version[0m=[35m0.6.39[0m [36mn_pending[0m=[35m0[0m [36mn_running[0m=[35m0[0m [36mpending_runs_wait_time_max_secs[0m=[35mNone[0m [36mpending_runs_wait_time_med_secs[0m=[35mNone[0m [36mpending_unblocked_runs_wait_time_max_secs[0m=[35mNone[0m [36mthread_name[0m=[35masyncio_0[0m
[2m2026-02-18T15:55:12.901990Z[0m [[32m[1minfo     [0m] [1mWorker stats                  [0m [[0m[1m[34mlanggraph_runtime_inmem.queue[0m][0m [36mactive[0m=[35m0[0m [36mapi_variant[0m=[35mlocal_dev[0m [36mavailable[0m=[35m1[0m [36mlanggraph_api_version[0m=[35m0.6.39[0m [36mmax[0m=[35m1[0m [36mthread_name[0m=[35masyncio_0[0m
[2m2026-02-18T15:55:13.404932Z[0m [[32m[1minfo     [0m] [1mQueue stats                   [0m [[0m[1m[34mlanggraph_runtime_inmem.queue[0m][0m [36mapi_variant[0m=[35mlocal_dev[0m [36mlanggraph_api_version[0m=[35m0.6.39[0m [36mn_pending[0m=[35m0[0m [36mn_running[0m=[35m0[0m [36mpending_runs_wait_time_max_secs[0m=[35mNone[0m [36mpending_runs_wait_time_med_secs[0m=[35mNone[0m [36mpending_unblocked_runs_wait_time_max_secs[0m=[35mNone[0m [36mthread_name[0m=[35masyncio_1[0m
[2m2026-02-18T15:55:16.065543Z[0m [[32m[1minfo     [0m] [1m1 change detected             [0m [[0m[1m[34mwatchfiles.main[0m][0m [36mapi_variant[0m=[35mlocal_dev[0m [36mlanggraph_api_version[0m=[35m0.6.39[0m [36mthread_name[0m=[35mMainThread[0m
[2m2026-02-18T15:55:16.065855Z[0m [[33m[1mwarning  [0m] [1mWatchFiles detected changes in 'src/agent/sql_agent_system_prompt.py'. Reloading...[0m [[0m[1m[34muvicorn.error[0m][0m [36mapi_variant[0m=[35mlocal_dev[0m [36mlanggraph_api_version[0m=[35m0.6.39[0m [36mthread_name[0m=[35mMainThread[0m
[2m2026-02-18T15:55:16.229577Z[0m [[32m[1minfo     [0m] [1mShutting down background workers[0m [[0m[1m[34mlanggraph_runtime_inmem.queue[0m][0m [36mapi_variant[0m=[35mlocal_dev[0m [36mlanggraph_api_version[0m=[35m0.6.39[0m [36mthread_name[0m=[35mMainThread[0m
[2m2026-02-18T15:55:16.230618Z[0m [[32m[1minfo     [0m] [1mShutting down remote graphs   [0m [[0m[1m[34mlanggraph_api.graph[0m][0m [36mapi_variant[0m=[35mlocal_dev[0m [36mlanggraph_api_version[0m=[35m0.6.39[0m [36mthread_name[0m=[35mMainThread[0m
[2m2026-02-18T15:55:16.786466Z[0m [[32m[1minfo     [0m] [1mStarting dev checkpoint ingestion loop[0m [[0m[1m[34mlanggraph_runtime_inmem.checkpoint[0m][0m [36mapi_variant[0m=[35mlocal_dev[0m [36mlanggraph_api_version[0m=[35m0.6.39[0m [36mthread_name[0m=[35mMainThread[0m
[2m2026-02-18T15:55:17.256241Z[0m [[32m[1minfo     [0m] [1mStopping dev checkpoint ingestion loop[0m [[0m[1m[34mlanggraph_runtime_inmem.checkpoint[0m][0m [36mapi_variant[0m=[35mlocal_dev[0m [36mlanggraph_api_version[0m=[35m0.6.39[0m [36mthread_name[0m=[35mMainThread[0m
[2m2026-02-18T15:55:17.256429Z[0m [[32m[1minfo     [0m] [1mdev checkpoint ingestion loop exiting[0m [[0m[1m[34mlanggraph_runtime_inmem.checkpoint[0m][0m [36mapi_variant[0m=[35mlocal_dev[0m [36mlanggraph_api_version[0m=[35m0.6.39[0m [36mthread_name[0m=[35mThread-1[0m
[2m2026-02-18T15:55:19.075916Z[0m [[32m[1minfo     [0m] [1m21 changes detected           [0m [[0m[1m[34mwatchfiles.main[0m][0m [36mapi_variant[0m=[35mlocal_dev[0m [36mlanggraph_api_version[0m=[35m0.6.39[0m [36mthread_name[0m=[35mMainThread[0m
[2m2026-02-18T15:55:19.324877Z[0m [[32m[1minfo     [0m] [1mUsing langgraph_runtime_inmem [0m [[0m[1m[34mlanggraph_runtime[0m][0m [36mapi_variant[0m=[35mlocal_dev[0m [36mlanggraph_api_version[0m=[35m0.6.39[0m [36mthread_name[0m=[35mMainThread[0m
[2m2026-02-18T15:55:19.370993Z[0m [[32m[1minfo     [0m] [1mUsing auth of type=noop       [0m [[0m[1m[34mlanggraph_api.auth.middleware[0m][0m [36mapi_variant[0m=[35mlocal_dev[0m [36mlanggraph_api_version[0m=[35m0.6.39[0m [36mthread_name[0m=[35mMainThread[0m
[2m2026-02-18T15:55:19.373271Z[0m [[32m[1minfo     [0m] [1mStarting In-Memory runtime with langgraph-api=0.6.39 and in-memory runtime=0.22.1[0m [[0m[1m[34mlanggraph_runtime_inmem.lifespan[0m][0m [36mapi_variant[0m=[35mlocal_dev[0m [36mlanggraph_api_version[0m=[35m0.6.39[0m [36mlanggraph_runtime_inmem_version[0m=[35m0.22.1[0m [36mthread_name[0m=[35masyncio_0[0m [36mversion[0m=[35m0.6.39[0m
[2m2026-02-18T15:55:19.683264Z[0m [[32m[1minfo     [0m] [1mStarting metadata loop        [0m [[0m[1m[34mlanggraph_api.metadata[0m][0m [36mapi_variant[0m=[35mlocal_dev[0m [36mendpoint[0m=[35mhttps://api.smith.langchain.com/v1/metadata/submit[0m [36mlanggraph_api_version[0m=[35m0.6.39[0m [36mthread_name[0m=[35mMainThread[0m
[2m2026-02-18T15:55:19.683449Z[0m [[32m[1minfo     [0m] [1mGetting auth instance: None   [0m [[0m[1m[34mlanggraph_api.auth.custom[0m][0m [36mapi_variant[0m=[35mlocal_dev[0m [36mlanggraph_api_version[0m=[35m0.6.39[0m [36mlanggraph_auth[0m=[35mNone[0m [36mthread_name[0m=[35mMainThread[0m
[2m2026-02-18T15:55:19.687462Z[0m [[32m[1minfo     [0m] [1mStarting thread TTL sweeper   [0m [[0m[1m[34mlanggraph_api.thread_ttl[0m][0m [36mapi_variant[0m=[35mlocal_dev[0m [36mcore_api_enabled[0m=[35mFalse[0m [36mdefault_strategy[0m=[35mdelete[0m [36minterval_minutes[0m=[35m5[0m [36mlanggraph_api_version[0m=[35m0.6.39[0m [36msweep_limit[0m=[35m1000[0m [36mthread_name[0m=[35masyncio_1[0m
[2m2026-02-18T15:55:20.142620Z[0m [[32m[1minfo     [0m] [1mHTTP Request: POST https://api.smith.langchain.com/v1/metadata/submit "HTTP/1.1 204 No Content"[0m [[0m[1m[34mhttpx[0m][0m [36mapi_variant[0m=[35mlocal_dev[0m [36mlanggraph_api_version[0m=[35m0.6.39[0m [36mthread_name[0m=[35mMainThread[0m
[2m2026-02-18T15:55:20.143053Z[0m [[32m[1minfo     [0m] [1mSuccessfully submitted metadata to LangSmith instance[0m [[0m[1m[34mlanggraph_api.metadata[0m][0m [36mapi_variant[0m=[35mlocal_dev[0m [36mlanggraph_api_version[0m=[35m0.6.39[0m [36mn_nodes[0m=[35m0[0m [36mn_runs[0m=[35m0[0m [36mthread_name[0m=[35mMainThread[0m
[2m2026-02-18T15:55:20.178615Z[0m [[32m[1minfo     [0m] [1m3 changes detected            [0m [[0m[1m[34mwatchfiles.main[0m][0m [36mapi_variant[0m=[35mlocal_dev[0m [36mlanggraph_api_version[0m=[35m0.6.39[0m [36mthread_name[0m=[35mMainThread[0m
[2m2026-02-18T15:55:20.650606Z[0m [[32m[1minfo     [0m] [1mImporting graph with id agent [0m [[0m[1m[34mlanggraph_api.timing.timer[0m][0m [36mapi_variant[0m=[35mlocal_dev[0m [36melapsed_seconds[0m=[35m0.9665269199999784[0m [36mgraph_id[0m=[35magent[0m [36mlanggraph_api_version[0m=[35m0.6.39[0m [36mmodule[0m=[35mNone[0m [36mname[0m=[35m_graph_from_spec[0m [36mpath[0m=[35m./src/agent/graph.py[0m [36mthread_name[0m=[35masyncio_0[0m
[2m2026-02-18T15:55:20.650996Z[0m [[32m[1minfo     [0m] [1mApplication started up in 1.451s[0m [[0m[1m[34mlanggraph_api.timing.timer[0m][0m [36mapi_variant[0m=[35mlocal_dev[0m [36melapsed[0m=[35m1.4505493880001268[0m [36mlanggraph_api_version[0m=[35m0.6.39[0m [36mthread_name[0m=[35mMainThread[0m
[2m2026-02-18T15:55:20.656186Z[0m [[32m[1minfo     [0m] [1mStarting 1 background workers [0m [[0m[1m[34mlanggraph_runtime_inmem.queue[0m][0m [36mapi_variant[0m=[35mlocal_dev[0m [36mlanggraph_api_version[0m=[35m0.6.39[0m [36mthread_name[0m=[35masyncio_1[0m
[2m2026-02-18T15:55:20.656626Z[0m [[32m[1minfo     [0m] [1mWorker stats                  [0m [[0m[1m[34mlanggraph_runtime_inmem.queue[0m][0m [36mactive[0m=[35m0[0m [36mapi_variant[0m=[35mlocal_dev[0m [36mavailable[0m=[35m1[0m [36mlanggraph_api_version[0m=[35m0.6.39[0m [36mmax[0m=[35m1[0m [36mthread_name[0m=[35masyncio_0[0m
[2m2026-02-18T15:55:21.158463Z[0m [[32m[1minfo     [0m] [1mQueue stats                   [0m [[0m[1m[34mlanggraph_runtime_inmem.queue[0m][0m [36mapi_variant[0m=[35mlocal_dev[0m [36mlanggraph_api_version[0m=[35m0.6.39[0m [36mn_pending[0m=[35m0[0m [36mn_running[0m=[35m0[0m [36mpending_runs_wait_time_max_secs[0m=[35mNone[0m [36mpending_runs_wait_time_med_secs[0m=[35mNone[0m [36mpending_unblocked_runs_wait_time_max_secs[0m=[35mNone[0m [36mthread_name[0m=[35masyncio_0[0m
[2m2026-02-18T15:56:20.890129Z[0m [[32m[1minfo     [0m] [1mWorker stats                  [0m [[0m[1m[34mlanggraph_runtime_inmem.queue[0m][0m [36mactive[0m=[35m0[0m [36mapi_variant[0m=[35mlocal_dev[0m [36mavailable[0m=[35m1[0m [36mlanggraph_api_version[0m=[35m0.6.39[0m [36mmax[0m=[35m1[0m [36mthread_name[0m=[35masyncio_0[0m
[2m2026-02-18T15:56:21.392975Z[0m [[32m[1minfo     [0m] [1mQueue stats                   [0m [[0m[1m[34mlanggraph_runtime_inmem.queue[0m][0m [36mapi_variant[0m=[35mlocal_dev[0m [36mlanggraph_api_version[0m=[35m0.6.39[0m [36mn_pending[0m=[35m0[0m [36mn_running[0m=[35m0[0m [36mpending_runs_wait_time_max_secs[0m=[35mNone[0m [36mpending_runs_wait_time_med_secs[0m=[35mNone[0m [36mpending_unblocked_runs_wait_time_max_secs[0m=[35mNone[0m [36mthread_name[0m=[35masyncio_1[0m
[2m2026-02-18T15:57:21.098262Z[0m [[32m[1minfo     [0m] [1mWorker stats                  [0m [[0m[1m[34mlanggraph_runtime_inmem.queue[0m][0m [36mactive[0m=[35m0[0m [36mapi_variant[0m=[35mlocal_dev[0m [36mavailable[0m=[35m1[0m [36mlanggraph_api_version[0m=[35m0.6.39[0m [36mmax[0m=[35m1[0m [36mthread_name[0m=[35masyncio_0[0m
[2m2026-02-18T15:57:21.601040Z[0m [[32m[1minfo     [0m] [1mQueue stats                   [0m [[0m[1m[34mlanggraph_runtime_inmem.queue[0m][0m [36mapi_variant[0m=[35mlocal_dev[0m [36mlanggraph_api_version[0m=[35m0.6.39[0m [36mn_pending[0m=[35m0[0m [36mn_running[0m=[35m0[0m [36mpending_runs_wait_time_max_secs[0m=[35mNone[0m [36mpending_runs_wait_time_med_secs[0m=[35mNone[0m [36mpending_unblocked_runs_wait_time_max_secs[0m=[35mNone[0m [36mthread_name[0m=[35masyncio_1[0m
[2m2026-02-18T15:58:21.337256Z[0m [[32m[1minfo     [0m] [1mWorker stats                  [0m [[0m[1m[34mlanggraph_runtime_inmem.queue[0m][0m [36mactive[0m=[35m0[0m [36mapi_variant[0m=[35mlocal_dev[0m [36mavailable[0m=[35m1[0m [36mlanggraph_api_version[0m=[35m0.6.39[0m [36mmax[0m=[35m1[0m [36mthread_name[0m=[35masyncio_1[0m
[2m2026-02-18T15:58:21.840359Z[0m [[32m[1minfo     [0m] [1mQueue stats                   [0m [[0m[1m[34mlanggraph_runtime_inmem.queue[0m][0m [36mapi_variant[0m=[35mlocal_dev[0m [36mlanggraph_api_version[0m=[35m0.6.39[0m [36mn_pending[0m=[35m0[0m [36mn_running[0m=[35m0[0m [36mpending_runs_wait_time_max_secs[0m=[35mNone[0m [36mpending_runs_wait_time_med_secs[0m=[35mNone[0m [36mpending_unblocked_runs_wait_time_max_secs[0m=[35mNone[0m [36mthread_name[0m=[35masyncio_0[0m
[2m2026-02-18T15:59:21.580862Z[0m [[32m[1minfo     [0m] [1mWorker stats                  [0m [[0m[1m[34mlanggraph_runtime_inmem.queue[0m][0m [36mactive[0m=[35m0[0m [36mapi_variant[0m=[35mlocal_dev[0m [36mavailable[0m=[35m1[0m [36mlanggraph_api_version[0m=[35m0.6.39[0m [36mmax[0m=[35m1[0m [36mthread_name[0m=[35masyncio_0[0m
[2m2026-02-18T15:59:22.084618Z[0m [[32m[1minfo     [0m] [1mQueue stats                   [0m [[0m[1m[34mlanggraph_runtime_inmem.queue[0m][0m [36mapi_variant[0m=[35mlocal_dev[0m [36mlanggraph_api_version[0m=[35m0.6.39[0m [36mn_pending[0m=[35m0[0m [36mn_running[0m=[35m0[0m [36mpending_runs_wait_time_max_secs[0m=[35mNone[0m [36mpending_runs_wait_time_med_secs[0m=[35mNone[0m [36mpending_unblocked_runs_wait_time_max_secs[0m=[35mNone[0m [36mthread_name[0m=[35masyncio_1[0m
[2m2026-02-18T16:00:20.501210Z[0m [[32m[1minfo     [0m] [1mHTTP Request: POST https://api.smith.langchain.com/v1/metadata/submit "HTTP/1.1 204 No Content"[0m [[0m[1m[34mhttpx[0m][0m [36mapi_variant[0m=[35mlocal_dev[0m [36mlanggraph_api_version[0m=[35m0.6.39[0m [36mthread_name[0m=[35mMainThread[0m
[2m2026-02-18T16:00:20.501887Z[0m [[32m[1minfo     [0m] [1mSuccessfully submitted metadata to LangSmith instance[0m [[0m[1m[34mlanggraph_api.metadata[0m][0m [36mapi_variant[0m=[35mlocal_dev[0m [36mlanggraph_api_version[0m=[35m0.6.39[0m [36mn_nodes[0m=[35m0[0m [36mn_runs[0m=[35m0[0m [36mthread_name[0m=[35mMainThread[0m
[2m2026-02-18T16:00:21.830415Z[0m [[32m[1minfo     [0m] [1mWorker stats                  [0m [[0m[1m[34mlanggraph_runtime_inmem.queue[0m][0m [36mactive[0m=[35m0[0m [36mapi_variant[0m=[35mlocal_dev[0m [36mavailable[0m=[35m1[0m [36mlanggraph_api_version[0m=[35m0.6.39[0m [36mmax[0m=[35m1[0m [36mthread_name[0m=[35masyncio_0[0m
[2m2026-02-18T16:00:22.333431Z[0m [[32m[1minfo     [0m] [1mQueue stats                   [0m [[0m[1m[34mlanggraph_runtime_inmem.queue[0m][0m [36mapi_variant[0m=[35mlocal_dev[0m [36mlanggraph_api_version[0m=[35m0.6.39[0m [36mn_pending[0m=[35m0[0m [36mn_running[0m=[35m0[0m [36mpending_runs_wait_time_max_secs[0m=[35mNone[0m [36mpending_runs_wait_time_med_secs[0m=[35mNone[0m [36mpending_unblocked_runs_wait_time_max_secs[0m=[35mNone[0m [36mthread_name[0m=[35masyncio_0[0m
[2m2026-02-18T16:00:52.128717Z[0m [[32m[1minfo     [0m] [1m1 change detected             [0m [[0m[1m[34mwatchfiles.main[0m][0m [36mapi_variant[0m=[35mlocal_dev[0m [36mlanggraph_api_version[0m=[35m0.6.39[0m [36mthread_name[0m=[35mMainThread[0m
[2m2026-02-18T16:00:52.129089Z[0m [[33m[1mwarning  [0m] [1mWatchFiles detected changes in 'src/agent/sql_agent_system_prompt.py'. Reloading...[0m [[0m[1m[34muvicorn.error[0m][0m [36mapi_variant[0m=[35mlocal_dev[0m [36mlanggraph_api_version[0m=[35m0.6.39[0m [36mthread_name[0m=[35mMainThread[0m
[2m2026-02-18T16:00:52.300568Z[0m [[32m[1minfo     [0m] [1mShutting down background workers[0m [[0m[1m[34mlanggraph_runtime_inmem.queue[0m][0m [36mapi_variant[0m=[35mlocal_dev[0m [36mlanggraph_api_version[0m=[35m0.6.39[0m [36mthread_name[0m=[35mMainThread[0m
[2m2026-02-18T16:00:52.301573Z[0m [[32m[1minfo     [0m] [1mShutting down remote graphs   [0m [[0m[1m[34mlanggraph_api.graph[0m][0m [36mapi_variant[0m=[35mlocal_dev[0m [36mlanggraph_api_version[0m=[35m0.6.39[0m [36mthread_name[0m=[35mMainThread[0m
[2m2026-02-18T16:00:52.841089Z[0m [[32m[1minfo     [0m] [1mStarting dev checkpoint ingestion loop[0m [[0m[1m[34mlanggraph_runtime_inmem.checkpoint[0m][0m [36mapi_variant[0m=[35mlocal_dev[0m [36mlanggraph_api_version[0m=[35m0.6.39[0m [36mthread_name[0m=[35mMainThread[0m
[2m2026-02-18T16:00:53.318547Z[0m [[32m[1minfo     [0m] [1mStopping dev checkpoint ingestion loop[0m [[0m[1m[34mlanggraph_runtime_inmem.checkpoint[0m][0m [36mapi_variant[0m=[35mlocal_dev[0m [36mlanggraph_api_version[0m=[35m0.6.39[0m [36mthread_name[0m=[35mMainThread[0m
[2m2026-02-18T16:00:53.318735Z[0m [[32m[1minfo     [0m] [1mdev checkpoint ingestion loop exiting[0m [[0m[1m[34mlanggraph_runtime_inmem.checkpoint[0m][0m [36mapi_variant[0m=[35mlocal_dev[0m [36mlanggraph_api_version[0m=[35m0.6.39[0m [36mthread_name[0m=[35mThread-1[0m
[2m2026-02-18T16:00:55.136292Z[0m [[32m[1minfo     [0m] [1m21 changes detected           [0m [[0m[1m[34mwatchfiles.main[0m][0m [36mapi_variant[0m=[35mlocal_dev[0m [36mlanggraph_api_version[0m=[35m0.6.39[0m [36mthread_name[0m=[35mMainThread[0m
[2m2026-02-18T16:00:55.372481Z[0m [[32m[1minfo     [0m] [1mUsing langgraph_runtime_inmem [0m [[0m[1m[34mlanggraph_runtime[0m][0m [36mapi_variant[0m=[35mlocal_dev[0m [36mlanggraph_api_version[0m=[35m0.6.39[0m [36mthread_name[0m=[35mMainThread[0m
[2m2026-02-18T16:00:55.420254Z[0m [[32m[1minfo     [0m] [1mUsing auth of type=noop       [0m [[0m[1m[34mlanggraph_api.auth.middleware[0m][0m [36mapi_variant[0m=[35mlocal_dev[0m [36mlanggraph_api_version[0m=[35m0.6.39[0m [36mthread_name[0m=[35mMainThread[0m
[2m2026-02-18T16:00:55.422697Z[0m [[32m[1minfo     [0m] [1mStarting In-Memory runtime with langgraph-api=0.6.39 and in-memory runtime=0.22.1[0m [[0m[1m[34mlanggraph_runtime_inmem.lifespan[0m][0m [36mapi_variant[0m=[35mlocal_dev[0m [36mlanggraph_api_version[0m=[35m0.6.39[0m [36mlanggraph_runtime_inmem_version[0m=[35m0.22.1[0m [36mthread_name[0m=[35masyncio_0[0m [36mversion[0m=[35m0.6.39[0m
[2m2026-02-18T16:00:55.727556Z[0m [[32m[1minfo     [0m] [1mStarting metadata loop        [0m [[0m[1m[34mlanggraph_api.metadata[0m][0m [36mapi_variant[0m=[35mlocal_dev[0m [36mendpoint[0m=[35mhttps://api.smith.langchain.com/v1/metadata/submit[0m [36mlanggraph_api_version[0m=[35m0.6.39[0m [36mthread_name[0m=[35mMainThread[0m
[2m2026-02-18T16:00:55.727744Z[0m [[32m[1minfo     [0m] [1mGetting auth instance: None   [0m [[0m[1m[34mlanggraph_api.auth.custom[0m][0m [36mapi_variant[0m=[35mlocal_dev[0m [36mlanggraph_api_version[0m=[35m0.6.39[0m [36mlanggraph_auth[0m=[35mNone[0m [36mthread_name[0m=[35mMainThread[0m
[2m2026-02-18T16:00:55.731756Z[0m [[32m[1minfo     [0m] [1mStarting thread TTL sweeper   [0m [[0m[1m[34mlanggraph_api.thread_ttl[0m][0m [36mapi_variant[0m=[35mlocal_dev[0m [36mcore_api_enabled[0m=[35mFalse[0m [36mdefault_strategy[0m=[35mdelete[0m [36minterval_minutes[0m=[35m5[0m [36mlanggraph_api_version[0m=[35m0.6.39[0m [36msweep_limit[0m=[35m1000[0m [36mthread_name[0m=[35masyncio_1[0m
[2m2026-02-18T16:00:56.121998Z[0m [[32m[1minfo     [0m] [1mHTTP Request: POST https://api.smith.langchain.com/v1/metadata/submit "HTTP/1.1 204 No Content"[0m [[0m[1m[34mhttpx[0m][0m [36mapi_variant[0m=[35mlocal_dev[0m [36mlanggraph_api_version[0m=[35m0.6.39[0m [36mthread_name[0m=[35mMainThread[0m
[2m2026-02-18T16:00:56.122451Z[0m [[32m[1minfo     [0m] [1mSuccessfully submitted metadata to LangSmith instance[0m [[0m[1m[34mlanggraph_api.metadata[0m][0m [36mapi_variant[0m=[35mlocal_dev[0m [36mlanggraph_api_version[0m=[35m0.6.39[0m [36mn_nodes[0m=[35m0[0m [36mn_runs[0m=[35m0[0m [36mthread_name[0m=[35mMainThread[0m
[2m2026-02-18T16:00:56.238676Z[0m [[32m[1minfo     [0m] [1m3 changes detected            [0m [[0m[1m[34mwatchfiles.main[0m][0m [36mapi_variant[0m=[35mlocal_dev[0m [36mlanggraph_api_version[0m=[35m0.6.39[0m [36mthread_name[0m=[35mMainThread[0m
[2m2026-02-18T16:00:56.681479Z[0m [[32m[1minfo     [0m] [1mImporting graph with id agent [0m [[0m[1m[34mlanggraph_api.timing.timer[0m][0m [36mapi_variant[0m=[35mlocal_dev[0m [36melapsed_seconds[0m=[35m0.9531226629997036[0m [36mgraph_id[0m=[35magent[0m [36mlanggraph_api_version[0m=[35m0.6.39[0m [36mmodule[0m=[35mNone[0m [36mname[0m=[35m_graph_from_spec[0m [36mpath[0m=[35m./src/agent/graph.py[0m [36mthread_name[0m=[35masyncio_0[0m
[2m2026-02-18T16:00:56.681879Z[0m [[32m[1minfo     [0m] [1mApplication started up in 1.430s[0m [[0m[1m[34mlanggraph_api.timing.timer[0m][0m [36mapi_variant[0m=[35mlocal_dev[0m [36melapsed[0m=[35m1.4296008849996724[0m [36mlanggraph_api_version[0m=[35m0.6.39[0m [36mthread_name[0m=[35mMainThread[0m
[2m2026-02-18T16:00:56.686972Z[0m [[32m[1minfo     [0m] [1mStarting 1 background workers [0m [[0m[1m[34mlanggraph_runtime_inmem.queue[0m][0m [36mapi_variant[0m=[35mlocal_dev[0m [36mlanggraph_api_version[0m=[35m0.6.39[0m [36mthread_name[0m=[35masyncio_1[0m
[2m2026-02-18T16:00:56.687274Z[0m [[32m[1minfo     [0m] [1mWorker stats                  [0m [[0m[1m[34mlanggraph_runtime_inmem.queue[0m][0m [36mactive[0m=[35m0[0m [36mapi_variant[0m=[35mlocal_dev[0m [36mavailable[0m=[35m1[0m [36mlanggraph_api_version[0m=[35m0.6.39[0m [36mmax[0m=[35m1[0m [36mthread_name[0m=[35masyncio_0[0m
[2m2026-02-18T16:00:57.189155Z[0m [[32m[1minfo     [0m] [1mQueue stats                   [0m [[0m[1m[34mlanggraph_runtime_inmem.queue[0m][0m [36mapi_variant[0m=[35mlocal_dev[0m [36mlanggraph_api_version[0m=[35m0.6.39[0m [36mn_pending[0m=[35m0[0m [36mn_running[0m=[35m0[0m [36mpending_runs_wait_time_max_secs[0m=[35mNone[0m [36mpending_runs_wait_time_med_secs[0m=[35mNone[0m [36mpending_unblocked_runs_wait_time_max_secs[0m=[35mNone[0m [36mthread_name[0m=[35masyncio_0[0m
[2m2026-02-18T16:01:56.936158Z[0m [[32m[1minfo     [0m] [1mWorker stats                  [0m [[0m[1m[34mlanggraph_runtime_inmem.queue[0m][0m [36mactive[0m=[35m0[0m [36mapi_variant[0m=[35mlocal_dev[0m [36mavailable[0m=[35m1[0m [36mlanggraph_api_version[0m=[35m0.6.39[0m [36mmax[0m=[35m1[0m [36mthread_name[0m=[35masyncio_0[0m
[2m2026-02-18T16:01:57.439111Z[0m [[32m[1minfo     [0m] [1mQueue stats                   [0m [[0m[1m[34mlanggraph_runtime_inmem.queue[0m][0m [36mapi_variant[0m=[35mlocal_dev[0m [36mlanggraph_api_version[0m=[35m0.6.39[0m [36mn_pending[0m=[35m0[0m [36mn_running[0m=[35m0[0m [36mpending_runs_wait_time_max_secs[0m=[35mNone[0m [36mpending_runs_wait_time_med_secs[0m=[35mNone[0m [36mpending_unblocked_runs_wait_time_max_secs[0m=[35mNone[0m [36mthread_name[0m=[35masyncio_1[0m
[2m2026-02-18T16:02:57.148564Z[0m [[32m[1minfo     [0m] [1mWorker stats                  [0m [[0m[1m[34mlanggraph_runtime_inmem.queue[0m][0m [36mactive[0m=[35m0[0m [36mapi_variant[0m=[35mlocal_dev[0m [36mavailable[0m=[35m1[0m [36mlanggraph_api_version[0m=[35m0.6.39[0m [36mmax[0m=[35m1[0m [36mthread_name[0m=[35masyncio_1[0m
[2m2026-02-18T16:02:57.651507Z[0m [[32m[1minfo     [0m] [1mQueue stats                   [0m [[0m[1m[34mlanggraph_runtime_inmem.queue[0m][0m [36mapi_variant[0m=[35mlocal_dev[0m [36mlanggraph_api_version[0m=[35m0.6.39[0m [36mn_pending[0m=[35m0[0m [36mn_running[0m=[35m0[0m [36mpending_runs_wait_time_max_secs[0m=[35mNone[0m [36mpending_runs_wait_time_med_secs[0m=[35mNone[0m [36mpending_unblocked_runs_wait_time_max_secs[0m=[35mNone[0m [36mthread_name[0m=[35masyncio_0[0m
[2m2026-02-18T16:03:03.016917Z[0m [[32m[1minfo     [0m] [1m1 change detected             [0m [[0m[1m[34mwatchfiles.main[0m][0m [36mapi_variant[0m=[35mlocal_dev[0m [36mlanggraph_api_version[0m=[35m0.6.39[0m [36mthread_name[0m=[35mMainThread[0m
[2m2026-02-18T16:03:03.018066Z[0m [[33m[1mwarning  [0m] [1mWatchFiles detected changes in 'src/agent/graph.py'. Reloading...[0m [[0m[1m[34muvicorn.error[0m][0m [36mapi_variant[0m=[35mlocal_dev[0m [36mlanggraph_api_version[0m=[35m0.6.39[0m [36mthread_name[0m=[35mMainThread[0m
[2m2026-02-18T16:03:03.140017Z[0m [[32m[1minfo     [0m] [1mShutting down background workers[0m [[0m[1m[34mlanggraph_runtime_inmem.queue[0m][0m [36mapi_variant[0m=[35mlocal_dev[0m [36mlanggraph_api_version[0m=[35m0.6.39[0m [36mthread_name[0m=[35mMainThread[0m
[2m2026-02-18T16:03:03.141109Z[0m [[32m[1minfo     [0m] [1mShutting down remote graphs   [0m [[0m[1m[34mlanggraph_api.graph[0m][0m [36mapi_variant[0m=[35mlocal_dev[0m [36mlanggraph_api_version[0m=[35m0.6.39[0m [36mthread_name[0m=[35mMainThread[0m
[2m2026-02-18T16:03:03.665881Z[0m [[32m[1minfo     [0m] [1mStarting dev checkpoint ingestion loop[0m [[0m[1m[34mlanggraph_runtime_inmem.checkpoint[0m][0m [36mapi_variant[0m=[35mlocal_dev[0m [36mlanggraph_api_version[0m=[35m0.6.39[0m [36mthread_name[0m=[35mMainThread[0m
[2m2026-02-18T16:03:04.143783Z[0m [[32m[1minfo     [0m] [1mStopping dev checkpoint ingestion loop[0m [[0m[1m[34mlanggraph_runtime_inmem.checkpoint[0m][0m [36mapi_variant[0m=[35mlocal_dev[0m [36mlanggraph_api_version[0m=[35m0.6.39[0m [36mthread_name[0m=[35mMainThread[0m
[2m2026-02-18T16:03:04.143968Z[0m [[32m[1minfo     [0m] [1mdev checkpoint ingestion loop exiting[0m [[0m[1m[34mlanggraph_runtime_inmem.checkpoint[0m][0m [36mapi_variant[0m=[35mlocal_dev[0m [36mlanggraph_api_version[0m=[35m0.6.39[0m [36mthread_name[0m=[35mThread-1[0m
[2m2026-02-18T16:03:05.975685Z[0m [[32m[1minfo     [0m] [1m21 changes detected           [0m [[0m[1m[34mwatchfiles.main[0m][0m [36mapi_variant[0m=[35mlocal_dev[0m [36mlanggraph_api_version[0m=[35m0.6.39[0m [36mthread_name[0m=[35mMainThread[0m
[2m2026-02-18T16:03:06.217267Z[0m [[32m[1minfo     [0m] [1mUsing langgraph_runtime_inmem [0m [[0m[1m[34mlanggraph_runtime[0m][0m [36mapi_variant[0m=[35mlocal_dev[0m [36mlanggraph_api_version[0m=[35m0.6.39[0m [36mthread_name[0m=[35mMainThread[0m
[2m2026-02-18T16:03:06.266938Z[0m [[32m[1minfo     [0m] [1mUsing auth of type=noop       [0m [[0m[1m[34mlanggraph_api.auth.middleware[0m][0m [36mapi_variant[0m=[35mlocal_dev[0m [36mlanggraph_api_version[0m=[35m0.6.39[0m [36mthread_name[0m=[35mMainThread[0m
[2m2026-02-18T16:03:06.269447Z[0m [[32m[1minfo     [0m] [1mStarting In-Memory runtime with langgraph-api=0.6.39 and in-memory runtime=0.22.1[0m [[0m[1m[34mlanggraph_runtime_inmem.lifespan[0m][0m [36mapi_variant[0m=[35mlocal_dev[0m [36mlanggraph_api_version[0m=[35m0.6.39[0m [36mlanggraph_runtime_inmem_version[0m=[35m0.22.1[0m [36mthread_name[0m=[35masyncio_0[0m [36mversion[0m=[35m0.6.39[0m
[2m2026-02-18T16:03:06.604940Z[0m [[32m[1minfo     [0m] [1mStarting metadata loop        [0m [[0m[1m[34mlanggraph_api.metadata[0m][0m [36mapi_variant[0m=[35mlocal_dev[0m [36mendpoint[0m=[35mhttps://api.smith.langchain.com/v1/metadata/submit[0m [36mlanggraph_api_version[0m=[35m0.6.39[0m [36mthread_name[0m=[35mMainThread[0m
[2m2026-02-18T16:03:06.605139Z[0m [[32m[1minfo     [0m] [1mGetting auth instance: None   [0m [[0m[1m[34mlanggraph_api.auth.custom[0m][0m [36mapi_variant[0m=[35mlocal_dev[0m [36mlanggraph_api_version[0m=[35m0.6.39[0m [36mlanggraph_auth[0m=[35mNone[0m [36mthread_name[0m=[35mMainThread[0m
[2m2026-02-18T16:03:06.618274Z[0m [[32m[1minfo     [0m] [1mStarting thread TTL sweeper   [0m [[0m[1m[34mlanggraph_api.thread_ttl[0m][0m [36mapi_variant[0m=[35mlocal_dev[0m [36mcore_api_enabled[0m=[35mFalse[0m [36mdefault_strategy[0m=[35mdelete[0m [36minterval_minutes[0m=[35m5[0m [36mlanggraph_api_version[0m=[35m0.6.39[0m [36msweep_limit[0m=[35m1000[0m [36mthread_name[0m=[35masyncio_1[0m
[2m2026-02-18T16:03:06.679037Z[0m [[32m[1minfo     [0m] [1m3 changes detected            [0m [[0m[1m[34mwatchfiles.main[0m][0m [36mapi_variant[0m=[35mlocal_dev[0m [36mlanggraph_api_version[0m=[35m0.6.39[0m [36mthread_name[0m=[35mMainThread[0m
[2m2026-02-18T16:03:06.932138Z[0m [[32m[1minfo     [0m] [1mHTTP Request: POST https://api.smith.langchain.com/v1/metadata/submit "HTTP/1.1 204 No Content"[0m [[0m[1m[34mhttpx[0m][0m [36mapi_variant[0m=[35mlocal_dev[0m [36mlanggraph_api_version[0m=[35m0.6.39[0m [36mthread_name[0m=[35mMainThread[0m
[2m2026-02-18T16:03:06.932604Z[0m [[32m[1minfo     [0m] [1mSuccessfully submitted metadata to LangSmith instance[0m [[0m[1m[34mlanggraph_api.metadata[0m][0m [36mapi_variant[0m=[35mlocal_dev[0m [36mlanggraph_api_version[0m=[35m0.6.39[0m [36mn_nodes[0m=[35m0[0m [36mn_runs[0m=[35m0[0m [36mthread_name[0m=[35mMainThread[0m
[2m2026-02-18T16:03:07.636319Z[0m [[32m[1minfo     [0m] [1mImporting graph with id agent [0m [[0m[1m[34mlanggraph_api.timing.timer[0m][0m [36mapi_variant[0m=[35mlocal_dev[0m [36melapsed_seconds[0m=[35m1.0305242709996492[0m [36mgraph_id[0m=[35magent[0m [36mlanggraph_api_version[0m=[35m0.6.39[0m [36mmodule[0m=[35mNone[0m [36mname[0m=[35m_graph_from_spec[0m [36mpath[0m=[35m./src/agent/graph.py[0m [36mthread_name[0m=[35masyncio_0[0m
[2m2026-02-18T16:03:07.637017Z[0m [[32m[1minfo     [0m] [1mApplication started up in 1.542s[0m [[0m[1m[34mlanggraph_api.timing.timer[0m][0m [36mapi_variant[0m=[35mlocal_dev[0m [36melapsed[0m=[35m1.5423498569998628[0m [36mlanggraph_api_version[0m=[35m0.6.39[0m [36mthread_name[0m=[35mMainThread[0m
[2m2026-02-18T16:03:07.643374Z[0m [[32m[1minfo     [0m] [1mStarting 1 background workers [0m [[0m[1m[34mlanggraph_runtime_inmem.queue[0m][0m [36mapi_variant[0m=[35mlocal_dev[0m [36mlanggraph_api_version[0m=[35m0.6.39[0m [36mthread_name[0m=[35masyncio_1[0m
[2m2026-02-18T16:03:07.643872Z[0m [[32m[1minfo     [0m] [1mWorker stats                  [0m [[0m[1m[34mlanggraph_runtime_inmem.queue[0m][0m [36mactive[0m=[35m0[0m [36mapi_variant[0m=[35mlocal_dev[0m [36mavailable[0m=[35m1[0m [36mlanggraph_api_version[0m=[35m0.6.39[0m [36mmax[0m=[35m1[0m [36mthread_name[0m=[35masyncio_0[0m
[2m2026-02-18T16:03:08.145378Z[0m [[32m[1minfo     [0m] [1mQueue stats                   [0m [[0m[1m[34mlanggraph_runtime_inmem.queue[0m][0m [36mapi_variant[0m=[35mlocal_dev[0m [36mlanggraph_api_version[0m=[35m0.6.39[0m [36mn_pending[0m=[35m0[0m [36mn_running[0m=[35m0[0m [36mpending_runs_wait_time_max_secs[0m=[35mNone[0m [36mpending_runs_wait_time_med_secs[0m=[35mNone[0m [36mpending_unblocked_runs_wait_time_max_secs[0m=[35mNone[0m [36mthread_name[0m=[35masyncio_1[0m
[2m2026-02-18T16:03:41.573721Z[0m [[32m[1minfo     [0m] [1m1 change detected             [0m [[0m[1m[34mwatchfiles.main[0m][0m [36mapi_variant[0m=[35mlocal_dev[0m [36mlanggraph_api_version[0m=[35m0.6.39[0m [36mthread_name[0m=[35mMainThread[0m
[2m2026-02-18T16:03:41.574002Z[0m [[33m[1mwarning  [0m] [1mWatchFiles detected changes in 'src/agent/graph.py'. Reloading...[0m [[0m[1m[34muvicorn.error[0m][0m [36mapi_variant[0m=[35mlocal_dev[0m [36mlanggraph_api_version[0m=[35m0.6.39[0m [36mthread_name[0m=[35mMainThread[0m
[2m2026-02-18T16:03:41.690593Z[0m [[32m[1minfo     [0m] [1mShutting down background workers[0m [[0m[1m[34mlanggraph_runtime_inmem.queue[0m][0m [36mapi_variant[0m=[35mlocal_dev[0m [36mlanggraph_api_version[0m=[35m0.6.39[0m [36mthread_name[0m=[35mMainThread[0m
[2m2026-02-18T16:03:41.691659Z[0m [[32m[1minfo     [0m] [1mShutting down remote graphs   [0m [[0m[1m[34mlanggraph_api.graph[0m][0m [36mapi_variant[0m=[35mlocal_dev[0m [36mlanggraph_api_version[0m=[35m0.6.39[0m [36mthread_name[0m=[35mMainThread[0m
[2m2026-02-18T16:03:42.230303Z[0m [[32m[1minfo     [0m] [1mStarting dev checkpoint ingestion loop[0m [[0m[1m[34mlanggraph_runtime_inmem.checkpoint[0m][0m [36mapi_variant[0m=[35mlocal_dev[0m [36mlanggraph_api_version[0m=[35m0.6.39[0m [36mthread_name[0m=[35mMainThread[0m
[2m2026-02-18T16:03:42.699784Z[0m [[32m[1minfo     [0m] [1mStopping dev checkpoint ingestion loop[0m [[0m[1m[34mlanggraph_runtime_inmem.checkpoint[0m][0m [36mapi_variant[0m=[35mlocal_dev[0m [36mlanggraph_api_version[0m=[35m0.6.39[0m [36mthread_name[0m=[35mMainThread[0m
[2m2026-02-18T16:03:42.699972Z[0m [[32m[1minfo     [0m] [1mdev checkpoint ingestion loop exiting[0m [[0m[1m[34mlanggraph_runtime_inmem.checkpoint[0m][0m [36mapi_variant[0m=[35mlocal_dev[0m [36mlanggraph_api_version[0m=[35m0.6.39[0m [36mthread_name[0m=[35mThread-1[0m
[2m2026-02-18T16:03:44.551311Z[0m [[32m[1minfo     [0m] [1m21 changes detected           [0m [[0m[1m[34mwatchfiles.main[0m][0m [36mapi_variant[0m=[35mlocal_dev[0m [36mlanggraph_api_version[0m=[35m0.6.39[0m [36mthread_name[0m=[35mMainThread[0m
[2m2026-02-18T16:03:44.781580Z[0m [[32m[1minfo     [0m] [1mUsing langgraph_runtime_inmem [0m [[0m[1m[34mlanggraph_runtime[0m][0m [36mapi_variant[0m=[35mlocal_dev[0m [36mlanggraph_api_version[0m=[35m0.6.39[0m [36mthread_name[0m=[35mMainThread[0m
[2m2026-02-18T16:03:44.830076Z[0m [[32m[1minfo     [0m] [1mUsing auth of type=noop       [0m [[0m[1m[34mlanggraph_api.auth.middleware[0m][0m [36mapi_variant[0m=[35mlocal_dev[0m [36mlanggraph_api_version[0m=[35m0.6.39[0m [36mthread_name[0m=[35mMainThread[0m
[2m2026-02-18T16:03:44.832394Z[0m [[32m[1minfo     [0m] [1mStarting In-Memory runtime with langgraph-api=0.6.39 and in-memory runtime=0.22.1[0m [[0m[1m[34mlanggraph_runtime_inmem.lifespan[0m][0m [36mapi_variant[0m=[35mlocal_dev[0m [36mlanggraph_api_version[0m=[35m0.6.39[0m [36mlanggraph_runtime_inmem_version[0m=[35m0.22.1[0m [36mthread_name[0m=[35masyncio_0[0m [36mversion[0m=[35m0.6.39[0m
[2m2026-02-18T16:03:45.141878Z[0m [[32m[1minfo     [0m] [1mStarting metadata loop        [0m [[0m[1m[34mlanggraph_api.metadata[0m][0m [36mapi_variant[0m=[35mlocal_dev[0m [36mendpoint[0m=[35mhttps://api.smith.langchain.com/v1/metadata/submit[0m [36mlanggraph_api_version[0m=[35m0.6.39[0m [36mthread_name[0m=[35mMainThread[0m
[2m2026-02-18T16:03:45.142075Z[0m [[32m[1minfo     [0m] [1mGetting auth instance: None   [0m [[0m[1m[34mlanggraph_api.auth.custom[0m][0m [36mapi_variant[0m=[35mlocal_dev[0m [36mlanggraph_api_version[0m=[35m0.6.39[0m [36mlanggraph_auth[0m=[35mNone[0m [36mthread_name[0m=[35mMainThread[0m
[2m2026-02-18T16:03:45.154268Z[0m [[32m[1minfo     [0m] [1mStarting thread TTL sweeper   [0m [[0m[1m[34mlanggraph_api.thread_ttl[0m][0m [36mapi_variant[0m=[35mlocal_dev[0m [36mcore_api_enabled[0m=[35mFalse[0m [36mdefault_strategy[0m=[35mdelete[0m [36minterval_minutes[0m=[35m5[0m [36mlanggraph_api_version[0m=[35m0.6.39[0m [36msweep_limit[0m=[35m1000[0m [36mthread_name[0m=[35masyncio_1[0m
[2m2026-02-18T16:03:45.252726Z[0m [[32m[1minfo     [0m] [1m3 changes detected            [0m [[0m[1m[34mwatchfiles.main[0m][0m [36mapi_variant[0m=[35mlocal_dev[0m [36mlanggraph_api_version[0m=[35m0.6.39[0m [36mthread_name[0m=[35mMainThread[0m
[2m2026-02-18T16:03:45.489695Z[0m [[32m[1minfo     [0m] [1mHTTP Request: POST https://api.smith.langchain.com/v1/metadata/submit "HTTP/1.1 204 No Content"[0m [[0m[1m[34mhttpx[0m][0m [36mapi_variant[0m=[35mlocal_dev[0m [36mlanggraph_api_version[0m=[35m0.6.39[0m [36mthread_name[0m=[35mMainThread[0m
[2m2026-02-18T16:03:45.490157Z[0m [[32m[1minfo     [0m] [1mSuccessfully submitted metadata to LangSmith instance[0m [[0m[1m[34mlanggraph_api.metadata[0m][0m [36mapi_variant[0m=[35mlocal_dev[0m [36mlanggraph_api_version[0m=[35m0.6.39[0m [36mn_nodes[0m=[35m0[0m [36mn_runs[0m=[35m0[0m [36mthread_name[0m=[35mMainThread[0m
[2m2026-02-18T16:03:46.077911Z[0m [[32m[1minfo     [0m] [1mImporting graph with id agent [0m [[0m[1m[34mlanggraph_api.timing.timer[0m][0m [36mapi_variant[0m=[35mlocal_dev[0m [36melapsed_seconds[0m=[35m0.9351922989999366[0m [36mgraph_id[0m=[35magent[0m [36mlanggraph_api_version[0m=[35m0.6.39[0m [36mmodule[0m=[35mNone[0m [36mname[0m=[35m_graph_from_spec[0m [36mpath[0m=[35m./src/agent/graph.py[0m [36mthread_name[0m=[35masyncio_0[0m
[2m2026-02-18T16:03:46.078294Z[0m [[32m[1minfo     [0m] [1mApplication started up in 1.414s[0m [[0m[1m[34mlanggraph_api.timing.timer[0m][0m [36mapi_variant[0m=[35mlocal_dev[0m [36melapsed[0m=[35m1.4142325859997982[0m [36mlanggraph_api_version[0m=[35m0.6.39[0m [36mthread_name[0m=[35mMainThread[0m
[2m2026-02-18T16:03:46.083240Z[0m [[32m[1minfo     [0m] [1mStarting 1 background workers [0m [[0m[1m[34mlanggraph_runtime_inmem.queue[0m][0m [36mapi_variant[0m=[35mlocal_dev[0m [36mlanggraph_api_version[0m=[35m0.6.39[0m [36mthread_name[0m=[35masyncio_1[0m
[2m2026-02-18T16:03:46.083621Z[0m [[32m[1minfo     [0m] [1mWorker stats                  [0m [[0m[1m[34mlanggraph_runtime_inmem.queue[0m][0m [36mactive[0m=[35m0[0m [36mapi_variant[0m=[35mlocal_dev[0m [36mavailable[0m=[35m1[0m [36mlanggraph_api_version[0m=[35m0.6.39[0m [36mmax[0m=[35m1[0m [36mthread_name[0m=[35masyncio_1[0m
[2m2026-02-18T16:03:46.585564Z[0m [[32m[1minfo     [0m] [1mQueue stats                   [0m [[0m[1m[34mlanggraph_runtime_inmem.queue[0m][0m [36mapi_variant[0m=[35mlocal_dev[0m [36mlanggraph_api_version[0m=[35m0.6.39[0m [36mn_pending[0m=[35m0[0m [36mn_running[0m=[35m0[0m [36mpending_runs_wait_time_max_secs[0m=[35mNone[0m [36mpending_runs_wait_time_med_secs[0m=[35mNone[0m [36mpending_unblocked_runs_wait_time_max_secs[0m=[35mNone[0m [36mthread_name[0m=[35masyncio_1[0m
[2m2026-02-18T16:04:30.205003Z[0m [[32m[1minfo     [0m] [1mStarting dev checkpoint ingestion loop[0m [[0m[1m[34mlanggraph_runtime_inmem.checkpoint[0m][0m [36mapi_variant[0m=[35mlocal_dev[0m [36mlanggraph_api_version[0m=[35m0.6.39[0m [36mmethod[0m=[35mGET[0m [36mpath[0m=[35m/assistants/{assistant_id}/graph[0m [36mthread_name[0m=[35mMainThread[0m
[2m2026-02-18T16:04:30.212768Z[0m [[32m[1minfo     [0m] [1m1 change detected             [0m [[0m[1m[34mwatchfiles.main[0m][0m [36mapi_variant[0m=[35mlocal_dev[0m [36mlanggraph_api_version[0m=[35m0.6.39[0m [36mthread_name[0m=[35mMainThread[0m
[2m2026-02-18T16:04:30.213063Z[0m [[33m[1mwarning  [0m] [1mWatchFiles detected changes in 'src/agent/graph.py'. Reloading...[0m [[0m[1m[34muvicorn.error[0m][0m [36mapi_variant[0m=[35mlocal_dev[0m [36mlanggraph_api_version[0m=[35m0.6.39[0m [36mthread_name[0m=[35mMainThread[0m
[2m2026-02-18T16:04:30.829222Z[0m [[32m[1minfo     [0m] [1mShutting down background workers[0m [[0m[1m[34mlanggraph_runtime_inmem.queue[0m][0m [36mapi_variant[0m=[35mlocal_dev[0m [36mlanggraph_api_version[0m=[35m0.6.39[0m [36mthread_name[0m=[35mMainThread[0m
[2m2026-02-18T16:04:30.830412Z[0m [[32m[1minfo     [0m] [1mShutting down remote graphs   [0m [[0m[1m[34mlanggraph_api.graph[0m][0m [36mapi_variant[0m=[35mlocal_dev[0m [36mlanggraph_api_version[0m=[35m0.6.39[0m [36mthread_name[0m=[35mMainThread[0m
[2m2026-02-18T16:04:31.347462Z[0m [[32m[1minfo     [0m] [1mStopping dev checkpoint ingestion loop[0m [[0m[1m[34mlanggraph_runtime_inmem.checkpoint[0m][0m [36mapi_variant[0m=[35mlocal_dev[0m [36mlanggraph_api_version[0m=[35m0.6.39[0m [36mthread_name[0m=[35mMainThread[0m
[2m2026-02-18T16:04:31.347646Z[0m [[32m[1minfo     [0m] [1mdev checkpoint ingestion loop exiting[0m [[0m[1m[34mlanggraph_runtime_inmem.checkpoint[0m][0m [36mapi_variant[0m=[35mlocal_dev[0m [36mlanggraph_api_version[0m=[35m0.6.39[0m [36mthread_name[0m=[35mThread-1[0m
[2m2026-02-18T16:04:33.259032Z[0m [[32m[1minfo     [0m] [1m21 changes detected           [0m [[0m[1m[34mwatchfiles.main[0m][0m [36mapi_variant[0m=[35mlocal_dev[0m [36mlanggraph_api_version[0m=[35m0.6.39[0m [36mthread_name[0m=[35mMainThread[0m
[2m2026-02-18T16:04:33.518885Z[0m [[32m[1minfo     [0m] [1mUsing langgraph_runtime_inmem [0m [[0m[1m[34mlanggraph_runtime[0m][0m [36mapi_variant[0m=[35mlocal_dev[0m [36mlanggraph_api_version[0m=[35m0.6.39[0m [36mthread_name[0m=[35mMainThread[0m
[2m2026-02-18T16:04:33.565973Z[0m [[32m[1minfo     [0m] [1mUsing auth of type=noop       [0m [[0m[1m[34mlanggraph_api.auth.middleware[0m][0m [36mapi_variant[0m=[35mlocal_dev[0m [36mlanggraph_api_version[0m=[35m0.6.39[0m [36mthread_name[0m=[35mMainThread[0m
[2m2026-02-18T16:04:33.568491Z[0m [[32m[1minfo     [0m] [1mStarting In-Memory runtime with langgraph-api=0.6.39 and in-memory runtime=0.22.1[0m [[0m[1m[34mlanggraph_runtime_inmem.lifespan[0m][0m [36mapi_variant[0m=[35mlocal_dev[0m [36mlanggraph_api_version[0m=[35m0.6.39[0m [36mlanggraph_runtime_inmem_version[0m=[35m0.22.1[0m [36mthread_name[0m=[35masyncio_0[0m [36mversion[0m=[35m0.6.39[0m
[2m2026-02-18T16:04:33.888481Z[0m [[32m[1minfo     [0m] [1mStarting metadata loop        [0m [[0m[1m[34mlanggraph_api.metadata[0m][0m [36mapi_variant[0m=[35mlocal_dev[0m [36mendpoint[0m=[35mhttps://api.smith.langchain.com/v1/metadata/submit[0m [36mlanggraph_api_version[0m=[35m0.6.39[0m [36mthread_name[0m=[35mMainThread[0m
[2m2026-02-18T16:04:33.888680Z[0m [[32m[1minfo     [0m] [1mGetting auth instance: None   [0m [[0m[1m[34mlanggraph_api.auth.custom[0m][0m [36mapi_variant[0m=[35mlocal_dev[0m [36mlanggraph_api_version[0m=[35m0.6.39[0m [36mlanggraph_auth[0m=[35mNone[0m [36mthread_name[0m=[35mMainThread[0m
[2m2026-02-18T16:04:33.901010Z[0m [[32m[1minfo     [0m] [1mStarting thread TTL sweeper   [0m [[0m[1m[34mlanggraph_api.thread_ttl[0m][0m [36mapi_variant[0m=[35mlocal_dev[0m [36mcore_api_enabled[0m=[35mFalse[0m [36mdefault_strategy[0m=[35mdelete[0m [36minterval_minutes[0m=[35m5[0m [36mlanggraph_api_version[0m=[35m0.6.39[0m [36msweep_limit[0m=[35m1000[0m [36mthread_name[0m=[35masyncio_1[0m
[2m2026-02-18T16:04:33.960423Z[0m [[32m[1minfo     [0m] [1m3 changes detected            [0m [[0m[1m[34mwatchfiles.main[0m][0m [36mapi_variant[0m=[35mlocal_dev[0m [36mlanggraph_api_version[0m=[35m0.6.39[0m [36mthread_name[0m=[35mMainThread[0m
[2m2026-02-18T16:04:34.237031Z[0m [[32m[1minfo     [0m] [1mHTTP Request: POST https://api.smith.langchain.com/v1/metadata/submit "HTTP/1.1 204 No Content"[0m [[0m[1m[34mhttpx[0m][0m [36mapi_variant[0m=[35mlocal_dev[0m [36mlanggraph_api_version[0m=[35m0.6.39[0m [36mthread_name[0m=[35mMainThread[0m
[2m2026-02-18T16:04:34.238340Z[0m [[32m[1minfo     [0m] [1mSuccessfully submitted metadata to LangSmith instance[0m [[0m[1m[34mlanggraph_api.metadata[0m][0m [36mapi_variant[0m=[35mlocal_dev[0m [36mlanggraph_api_version[0m=[35m0.6.39[0m [36mn_nodes[0m=[35m0[0m [36mn_runs[0m=[35m0[0m [36mthread_name[0m=[35mMainThread[0m
[2m2026-02-18T16:04:34.841285Z[0m [[32m[1minfo     [0m] [1mImporting graph with id agent [0m [[0m[1m[34mlanggraph_api.timing.timer[0m][0m [36mapi_variant[0m=[35mlocal_dev[0m [36melapsed_seconds[0m=[35m0.9519911759998649[0m [36mgraph_id[0m=[35magent[0m [36mlanggraph_api_version[0m=[35m0.6.39[0m [36mmodule[0m=[35mNone[0m [36mname[0m=[35m_graph_from_spec[0m [36mpath[0m=[35m./src/agent/graph.py[0m [36mthread_name[0m=[35masyncio_0[0m
[2m2026-02-18T16:04:34.841683Z[0m [[32m[1minfo     [0m] [1mApplication started up in 1.454s[0m [[0m[1m[34mlanggraph_api.timing.timer[0m][0m [36mapi_variant[0m=[35mlocal_dev[0m [36melapsed[0m=[35m1.4537203840000075[0m [36mlanggraph_api_version[0m=[35m0.6.39[0m [36mthread_name[0m=[35mMainThread[0m
[2m2026-02-18T16:04:34.846685Z[0m [[32m[1minfo     [0m] [1mStarting 1 background workers [0m [[0m[1m[34mlanggraph_runtime_inmem.queue[0m][0m [36mapi_variant[0m=[35mlocal_dev[0m [36mlanggraph_api_version[0m=[35m0.6.39[0m [36mthread_name[0m=[35masyncio_1[0m
[2m2026-02-18T16:04:34.847071Z[0m [[32m[1minfo     [0m] [1mWorker stats                  [0m [[0m[1m[34mlanggraph_runtime_inmem.queue[0m][0m [36mactive[0m=[35m0[0m [36mapi_variant[0m=[35mlocal_dev[0m [36mavailable[0m=[35m1[0m [36mlanggraph_api_version[0m=[35m0.6.39[0m [36mmax[0m=[35m1[0m [36mthread_name[0m=[35masyncio_1[0m
[2m2026-02-18T16:04:35.348890Z[0m [[32m[1minfo     [0m] [1mQueue stats                   [0m [[0m[1m[34mlanggraph_runtime_inmem.queue[0m][0m [36mapi_variant[0m=[35mlocal_dev[0m [36mlanggraph_api_version[0m=[35m0.6.39[0m [36mn_pending[0m=[35m0[0m [36mn_running[0m=[35m0[0m [36mpending_runs_wait_time_max_secs[0m=[35mNone[0m [36mpending_runs_wait_time_med_secs[0m=[35mNone[0m [36mpending_unblocked_runs_wait_time_max_secs[0m=[35mNone[0m [36mthread_name[0m=[35masyncio_0[0m
[2m2026-02-18T16:04:45.912366Z[0m [[32m[1minfo     [0m] [1mCreated run                   [0m [[0m[1m[34mlanggraph_api.models.run[0m][0m [36mafter_seconds[0m=[35m0[0m [36mapi_variant[0m=[35mlocal_dev[0m [36massistant_id[0m=[35mfe096781-5601-53d2-b2f6-0d3403f7e9ca[0m [36mcheckpoint_id[0m=[35mNone[0m [36mif_not_exists[0m=[35mreject[0m [36mlanggraph_api_version[0m=[35m0.6.39[0m [36mmethod[0m=[35mPOST[0m [36mmultitask_strategy[0m=[35menqueue[0m [36mpath[0m=[35m/threads/{thread_id}/runs/stream[0m [36mrequest_id[0m=[35m759bc52c-c7cd-4d81-8ad3-ae879b53c022[0m [36mrun_create_ms[0m=[35m2[0m [36mrun_id[0m=[35m019c717f-2cd7-7b20-8dc5-deb207055451[0m [36mrun_put_ms[0m=[35m0[0m [36mstream_mode[0m=[35m['values', 'messages-tuple', 'custom'][0m [36mstream_resumable[0m=[35mFalse[0m [36mtemporary[0m=[35mFalse[0m [36mthread_id[0m=[35m1b6df30e-e4c7-488c-99b7-96d214db8109[0m [36mthread_name[0m=[35mMainThread[0m
[2m2026-02-18T16:04:46.877421Z[0m [[32m[1minfo     [0m] [1mStarting background run       [0m [[0m[1m[34mlanggraph_api.worker[0m][0m [36mapi_variant[0m=[35mlocal_dev[0m [36massistant_id[0m=[35mfe096781-5601-53d2-b2f6-0d3403f7e9ca[0m [36mgraph_id[0m=[35magent[0m [36mlanggraph_api_version[0m=[35m0.6.39[0m [36mrequest_id[0m=[35m759bc52c-c7cd-4d81-8ad3-ae879b53c022[0m [36mresumable[0m=[35mFalse[0m [36mrun_attempt[0m=[35m1[0m [36mrun_creation_ms[0m=[35m2[0m [36mrun_id[0m=[35m019c717f-2cd7-7b20-8dc5-deb207055451[0m [36mrun_queue_ms[0m=[35m964[0m [36mrun_started_at[0m=[35m2026-02-18T16:04:46.876635+00:00[0m [36mrun_stream_start_ms[0m=[35m0[0m [36mtemporary[0m=[35mFalse[0m [36mthread_id[0m=[35m1b6df30e-e4c7-488c-99b7-96d214db8109[0m [36mthread_name[0m=[35masyncio_0[0m
[2m2026-02-18T16:04:46.879575Z[0m [[32m[1minfo     [0m] [1mStarting dev checkpoint ingestion loop[0m [[0m[1m[34mlanggraph_runtime_inmem.checkpoint[0m][0m [36mapi_variant[0m=[35mlocal_dev[0m [36massistant_id[0m=[35mfe096781-5601-53d2-b2f6-0d3403f7e9ca[0m [36mgraph_id[0m=[35magent[0m [36mlanggraph_api_version[0m=[35m0.6.39[0m [36mrequest_id[0m=[35m759bc52c-c7cd-4d81-8ad3-ae879b53c022[0m [36mrun_attempt[0m=[35m1[0m [36mrun_id[0m=[35m019c717f-2cd7-7b20-8dc5-deb207055451[0m [36mthread_id[0m=[35m1b6df30e-e4c7-488c-99b7-96d214db8109[0m [36mthread_name[0m=[35mMainThread[0m
[]
 ! Preprocessing: Extracted user query: What is the Month-over-Month (MoM) growth rate in total revenue?...
[2m2026-02-18T16:04:48.978426Z[0m [[32m[1minfo     [0m] [1mHTTP Request: POST https://api.openai.com/v1/chat/completions "HTTP/1.1 200 OK"[0m [[0m[1m[34mhttpx[0m][0m [36mapi_variant[0m=[35mlocal_dev[0m [36massistant_id[0m=[35mfe096781-5601-53d2-b2f6-0d3403f7e9ca[0m [36mgraph_id[0m=[35magent[0m [36mlanggraph_api_version[0m=[35m0.6.39[0m [36mlanggraph_node[0m=[35mmodel[0m [36mrequest_id[0m=[35m759bc52c-c7cd-4d81-8ad3-ae879b53c022[0m [36mrun_attempt[0m=[35m1[0m [36mrun_id[0m=[35m019c717f-2cd7-7b20-8dc5-deb207055451[0m [36mthread_id[0m=[35m1b6df30e-e4c7-488c-99b7-96d214db8109[0m [36mthread_name[0m=[35masyncio_0[0m
Can you provide me with the Month-over-Month (MoM) growth rate in total revenue for the last reporting period?
[2m2026-02-18T16:04:50.962585Z[0m [[32m[1minfo     [0m] [1mHTTP Request: POST https://api.openai.com/v1/chat/completions "HTTP/1.1 200 OK"[0m [[0m[1m[34mhttpx[0m][0m [36mapi_variant[0m=[35mlocal_dev[0m [36massistant_id[0m=[35mfe096781-5601-53d2-b2f6-0d3403f7e9ca[0m [36mgraph_id[0m=[35magent[0m [36mlanggraph_api_version[0m=[35m0.6.39[0m [36mlanggraph_node[0m=[35mmodel[0m [36mrequest_id[0m=[35m759bc52c-c7cd-4d81-8ad3-ae879b53c022[0m [36mrun_attempt[0m=[35m1[0m [36mrun_id[0m=[35m019c717f-2cd7-7b20-8dc5-deb207055451[0m [36mthread_id[0m=[35m1b6df30e-e4c7-488c-99b7-96d214db8109[0m [36mthread_name[0m=[35masyncio_0[0m
ANALYZE
 ! Intention Agent classified query as: ANALYZE
[2m2026-02-18T16:04:52.327198Z[0m [[32m[1minfo     [0m] [1mHTTP Request: POST https://api.openai.com/v1/chat/completions "HTTP/1.1 200 OK"[0m [[0m[1m[34mhttpx[0m][0m [36mapi_variant[0m=[35mlocal_dev[0m [36massistant_id[0m=[35mfe096781-5601-53d2-b2f6-0d3403f7e9ca[0m [36mgraph_id[0m=[35magent[0m [36mlanggraph_api_version[0m=[35m0.6.39[0m [36mlanggraph_node[0m=[35mmodel[0m [36mrequest_id[0m=[35m759bc52c-c7cd-4d81-8ad3-ae879b53c022[0m [36mrun_attempt[0m=[35m1[0m [36mrun_id[0m=[35m019c717f-2cd7-7b20-8dc5-deb207055451[0m [36mthread_id[0m=[35m1b6df30e-e4c7-488c-99b7-96d214db8109[0m [36mthread_name[0m=[35masyncio_0[0m
{'messages': [HumanMessage(content='Can you provide me with the Month-over-Month (MoM) growth rate in total revenue for the last reporting period?', additional_kwargs={}, response_metadata={}, id='c88bbb0c-c589-4307-aa0d-a619c343d77b'), AIMessage(content='{\n    "plan": [\n        {\n            "visualization": true,\n            "sql_required": true, \n            "task": "Retrieve total revenue grouped by month for the last reporting period.",\n            "chart_type": "line_smooth"\n        }\n    ]\n}', additional_kwargs={}, response_metadata={'finish_reason': 'stop', 'model_name': 'gpt-4o-mini-2024-07-18', 'system_fingerprint': 'fp_373a14eb6f', 'service_tier': 'default', 'model_provider': 'openai'}, id='lc_run--019c717f-4129-7c52-98c2-7bd9fc7d1878', tool_calls=[], invalid_tool_calls=[], usage_metadata={'input_tokens': 865, 'output_tokens': 55, 'total_tokens': 920, 'input_token_details': {'audio': 0, 'cache_read': 0}, 'output_token_details': {'audio': 0, 'reasoning': 0}})]}
Parsed plan steps: [{'visualization': True, 'sql_required': True, 'task': 'Retrieve total revenue grouped by month for the last reporting period.', 'chart_type': 'line_smooth'}]
[2m2026-02-18T16:04:53.372696Z[0m [[31m[1merror    [0m] [1mRun encountered an error in graph: <class 'TypeError'>(generate_sql_system_prompt() missing 1 required positional argument: 'user_input')[0m [[0m[1m[34mlanggraph_api.worker[0m][0m [36mapi_variant[0m=[35mlocal_dev[0m [36massistant_id[0m=[35mfe096781-5601-53d2-b2f6-0d3403f7e9ca[0m [36mgraph_id[0m=[35magent[0m [36mlanggraph_api_version[0m=[35m0.6.39[0m [36mrequest_id[0m=[35m759bc52c-c7cd-4d81-8ad3-ae879b53c022[0m [36mrun_attempt[0m=[35m1[0m [36mrun_id[0m=[35m019c717f-2cd7-7b20-8dc5-deb207055451[0m [36mthread_id[0m=[35m1b6df30e-e4c7-488c-99b7-96d214db8109[0m [36mthread_name[0m=[35mMainThread[0m
Traceback (most recent call last):
  File "/media/edward/SSD-Data/My Folder/ai-data-analyzer/.venv/lib/python3.12/site-packages/langgraph_api/worker.py", line 165, in wrap_user_errors
    await consume(
  File "/media/edward/SSD-Data/My Folder/ai-data-analyzer/.venv/lib/python3.12/site-packages/langgraph_api/stream.py", line 505, in consume
    raise e
  File "/media/edward/SSD-Data/My Folder/ai-data-analyzer/.venv/lib/python3.12/site-packages/langgraph_api/stream.py", line 488, in consume
    async for mode, payload in stream:
  File "/media/edward/SSD-Data/My Folder/ai-data-analyzer/.venv/lib/python3.12/site-packages/langgraph_api/stream.py", line 375, in astream_state
    event = await wait_if_not_done(anext(stream, sentinel), done)
            ^^^^^^^^^^^^^^^^^^^^^^^^^^^^^^^^^^^^^^^^^^^^^^^^^^^^^
  File "/media/edward/SSD-Data/My Folder/ai-data-analyzer/.venv/lib/python3.12/site-packages/langgraph_api/asyncio.py", line 89, in wait_if_not_done
    raise e.exceptions[0] from None
  File "/media/edward/SSD-Data/My Folder/ai-data-analyzer/.venv/lib/python3.12/site-packages/langgraph/pregel/main.py", line 2974, in astream
    async for _ in runner.atick(
  File "/media/edward/SSD-Data/My Folder/ai-data-analyzer/.venv/lib/python3.12/site-packages/langgraph/pregel/_runner.py", line 410, in atick
    _panic_or_proceed(
  File "/media/edward/SSD-Data/My Folder/ai-data-analyzer/.venv/lib/python3.12/site-packages/langgraph/pregel/_runner.py", line 520, in _panic_or_proceed
    raise exc
  File "/media/edward/SSD-Data/My Folder/ai-data-analyzer/.venv/lib/python3.12/site-packages/langgraph/pregel/_retry.py", line 138, in arun_with_retry
    return await task.proc.ainvoke(task.input, config)
           ^^^^^^^^^^^^^^^^^^^^^^^^^^^^^^^^^^^^^^^^^^^
  File "/media/edward/SSD-Data/My Folder/ai-data-analyzer/.venv/lib/python3.12/site-packages/langgraph/_internal/_runnable.py", line 705, in ainvoke
    input = await asyncio.create_task(
            ^^^^^^^^^^^^^^^^^^^^^^^^^^
  File "/media/edward/SSD-Data/My Folder/ai-data-analyzer/.venv/lib/python3.12/site-packages/langgraph/_internal/_runnable.py", line 473, in ainvoke
    ret = await self.afunc(*args, **kwargs)
          ^^^^^^^^^^^^^^^^^^^^^^^^^^^^^^^^^
  File "/media/edward/SSD-Data/My Folder/ai-data-analyzer/.venv/lib/python3.12/site-packages/langchain_core/runnables/config.py", line 610, in run_in_executor
    return await asyncio.get_running_loop().run_in_executor(
           ^^^^^^^^^^^^^^^^^^^^^^^^^^^^^^^^^^^^^^^^^^^^^^^^^
  File "/usr/lib/python3.12/concurrent/futures/thread.py", line 58, in run
    result = self.fn(*self.args, **self.kwargs)
             ^^^^^^^^^^^^^^^^^^^^^^^^^^^^^^^^^^
  File "/media/edward/SSD-Data/My Folder/ai-data-analyzer/.venv/lib/python3.12/site-packages/langchain_core/runnables/config.py", line 601, in wrapper
    return func(*args, **kwargs)
           ^^^^^^^^^^^^^^^^^^^^^
  File "/media/edward/SSD-Data/My Folder/ai-data-analyzer/langgraph_app/src/agent/graph.py", line 671, in text_to_sql_agent
    {generate_sql_system_prompt()}
     ^^^^^^^^^^^^^^^^^^^^^^^^^^^^
TypeError: generate_sql_system_prompt() missing 1 required positional argument: 'user_input'
During task with name 'Text_to_SQL_Agent' and id 'eb58d40c-2d3b-ece1-8279-c090e82f32b2'
[2m2026-02-18T16:04:53.376181Z[0m [[31m[1merror    [0m] [1mBackground run failed. Exception: <class 'TypeError'>(generate_sql_system_prompt() missing 1 required positional argument: 'user_input')[0m [[0m[1m[34mlanggraph_api.worker[0m][0m [36mapi_variant[0m=[35mlocal_dev[0m [36massistant_id[0m=[35mfe096781-5601-53d2-b2f6-0d3403f7e9ca[0m [36mgraph_id[0m=[35magent[0m [36mlanggraph_api_version[0m=[35m0.6.39[0m [36mrequest_id[0m=[35m759bc52c-c7cd-4d81-8ad3-ae879b53c022[0m [36mrun_attempt[0m=[35m1[0m [36mrun_completed_in_ms[0m=[35m7465[0m [36mrun_created_at[0m=[35m2026-02-18T16:04:45.912270+00:00[0m [36mrun_ended_at[0m=[35m2026-02-18T16:04:53.375910+00:00[0m [36mrun_exec_ms[0m=[35m6499[0m [36mrun_id[0m=[35m019c717f-2cd7-7b20-8dc5-deb207055451[0m [36mrun_started_at[0m=[35m2026-02-18T16:04:46.876635+00:00[0m [36mrun_wait_time_ms[0m=[35m964[0m [36mthread_id[0m=[35m1b6df30e-e4c7-488c-99b7-96d214db8109[0m [36mthread_name[0m=[35masyncio_1[0m
[2m2026-02-18T16:05:25.190482Z[0m [[32m[1minfo     [0m] [1m1 change detected             [0m [[0m[1m[34mwatchfiles.main[0m][0m [36mapi_variant[0m=[35mlocal_dev[0m [36mlanggraph_api_version[0m=[35m0.6.39[0m [36mthread_name[0m=[35mMainThread[0m
[2m2026-02-18T16:05:25.190818Z[0m [[33m[1mwarning  [0m] [1mWatchFiles detected changes in 'src/agent/sql_agent_system_prompt.py'. Reloading...[0m [[0m[1m[34muvicorn.error[0m][0m [36mapi_variant[0m=[35mlocal_dev[0m [36mlanggraph_api_version[0m=[35m0.6.39[0m [36mthread_name[0m=[35mMainThread[0m
[2m2026-02-18T16:05:25.323585Z[0m [[32m[1minfo     [0m] [1mShutting down background workers[0m [[0m[1m[34mlanggraph_runtime_inmem.queue[0m][0m [36mapi_variant[0m=[35mlocal_dev[0m [36mlanggraph_api_version[0m=[35m0.6.39[0m [36mthread_name[0m=[35mMainThread[0m
[2m2026-02-18T16:05:25.324760Z[0m [[32m[1minfo     [0m] [1mShutting down remote graphs   [0m [[0m[1m[34mlanggraph_api.graph[0m][0m [36mapi_variant[0m=[35mlocal_dev[0m [36mlanggraph_api_version[0m=[35m0.6.39[0m [36mthread_name[0m=[35mMainThread[0m
[2m2026-02-18T16:05:25.792674Z[0m [[32m[1minfo     [0m] [1mStopping dev checkpoint ingestion loop[0m [[0m[1m[34mlanggraph_runtime_inmem.checkpoint[0m][0m [36mapi_variant[0m=[35mlocal_dev[0m [36mlanggraph_api_version[0m=[35m0.6.39[0m [36mthread_name[0m=[35mMainThread[0m
[2m2026-02-18T16:05:25.792826Z[0m [[32m[1minfo     [0m] [1mdev checkpoint ingestion loop exiting[0m [[0m[1m[34mlanggraph_runtime_inmem.checkpoint[0m][0m [36mapi_variant[0m=[35mlocal_dev[0m [36mlanggraph_api_version[0m=[35m0.6.39[0m [36mthread_name[0m=[35mThread-1[0m
[2m2026-02-18T16:05:27.686592Z[0m [[32m[1minfo     [0m] [1m21 changes detected           [0m [[0m[1m[34mwatchfiles.main[0m][0m [36mapi_variant[0m=[35mlocal_dev[0m [36mlanggraph_api_version[0m=[35m0.6.39[0m [36mthread_name[0m=[35mMainThread[0m
[2m2026-02-18T16:05:27.949141Z[0m [[32m[1minfo     [0m] [1mUsing langgraph_runtime_inmem [0m [[0m[1m[34mlanggraph_runtime[0m][0m [36mapi_variant[0m=[35mlocal_dev[0m [36mlanggraph_api_version[0m=[35m0.6.39[0m [36mthread_name[0m=[35mMainThread[0m
[2m2026-02-18T16:05:27.996645Z[0m [[32m[1minfo     [0m] [1mUsing auth of type=noop       [0m [[0m[1m[34mlanggraph_api.auth.middleware[0m][0m [36mapi_variant[0m=[35mlocal_dev[0m [36mlanggraph_api_version[0m=[35m0.6.39[0m [36mthread_name[0m=[35mMainThread[0m
[2m2026-02-18T16:05:27.999022Z[0m [[32m[1minfo     [0m] [1mStarting In-Memory runtime with langgraph-api=0.6.39 and in-memory runtime=0.22.1[0m [[0m[1m[34mlanggraph_runtime_inmem.lifespan[0m][0m [36mapi_variant[0m=[35mlocal_dev[0m [36mlanggraph_api_version[0m=[35m0.6.39[0m [36mlanggraph_runtime_inmem_version[0m=[35m0.22.1[0m [36mthread_name[0m=[35masyncio_0[0m [36mversion[0m=[35m0.6.39[0m
[2m2026-02-18T16:05:28.313619Z[0m [[32m[1minfo     [0m] [1mStarting metadata loop        [0m [[0m[1m[34mlanggraph_api.metadata[0m][0m [36mapi_variant[0m=[35mlocal_dev[0m [36mendpoint[0m=[35mhttps://api.smith.langchain.com/v1/metadata/submit[0m [36mlanggraph_api_version[0m=[35m0.6.39[0m [36mthread_name[0m=[35mMainThread[0m
[2m2026-02-18T16:05:28.313921Z[0m [[32m[1minfo     [0m] [1mGetting auth instance: None   [0m [[0m[1m[34mlanggraph_api.auth.custom[0m][0m [36mapi_variant[0m=[35mlocal_dev[0m [36mlanggraph_api_version[0m=[35m0.6.39[0m [36mlanggraph_auth[0m=[35mNone[0m [36mthread_name[0m=[35mMainThread[0m
[2m2026-02-18T16:05:28.318085Z[0m [[32m[1minfo     [0m] [1mStarting thread TTL sweeper   [0m [[0m[1m[34mlanggraph_api.thread_ttl[0m][0m [36mapi_variant[0m=[35mlocal_dev[0m [36mcore_api_enabled[0m=[35mFalse[0m [36mdefault_strategy[0m=[35mdelete[0m [36minterval_minutes[0m=[35m5[0m [36mlanggraph_api_version[0m=[35m0.6.39[0m [36msweep_limit[0m=[35m1000[0m [36mthread_name[0m=[35masyncio_1[0m
[2m2026-02-18T16:05:28.640443Z[0m [[32m[1minfo     [0m] [1mHTTP Request: POST https://api.smith.langchain.com/v1/metadata/submit "HTTP/1.1 204 No Content"[0m [[0m[1m[34mhttpx[0m][0m [36mapi_variant[0m=[35mlocal_dev[0m [36mlanggraph_api_version[0m=[35m0.6.39[0m [36mthread_name[0m=[35mMainThread[0m
[2m2026-02-18T16:05:28.640884Z[0m [[32m[1minfo     [0m] [1mSuccessfully submitted metadata to LangSmith instance[0m [[0m[1m[34mlanggraph_api.metadata[0m][0m [36mapi_variant[0m=[35mlocal_dev[0m [36mlanggraph_api_version[0m=[35m0.6.39[0m [36mn_nodes[0m=[35m0[0m [36mn_runs[0m=[35m0[0m [36mthread_name[0m=[35mMainThread[0m
[2m2026-02-18T16:05:28.839671Z[0m [[32m[1minfo     [0m] [1m3 changes detected            [0m [[0m[1m[34mwatchfiles.main[0m][0m [36mapi_variant[0m=[35mlocal_dev[0m [36mlanggraph_api_version[0m=[35m0.6.39[0m [36mthread_name[0m=[35mMainThread[0m
[2m2026-02-18T16:05:29.282416Z[0m [[32m[1minfo     [0m] [1mImporting graph with id agent [0m [[0m[1m[34mlanggraph_api.timing.timer[0m][0m [36mapi_variant[0m=[35mlocal_dev[0m [36melapsed_seconds[0m=[35m0.968581137000001[0m [36mgraph_id[0m=[35magent[0m [36mlanggraph_api_version[0m=[35m0.6.39[0m [36mmodule[0m=[35mNone[0m [36mname[0m=[35m_graph_from_spec[0m [36mpath[0m=[35m./src/agent/graph.py[0m [36mthread_name[0m=[35masyncio_0[0m
[2m2026-02-18T16:05:29.282859Z[0m [[32m[1minfo     [0m] [1mApplication started up in 1.460s[0m [[0m[1m[34mlanggraph_api.timing.timer[0m][0m [36mapi_variant[0m=[35mlocal_dev[0m [36melapsed[0m=[35m1.4599916429997393[0m [36mlanggraph_api_version[0m=[35m0.6.39[0m [36mthread_name[0m=[35mMainThread[0m
[2m2026-02-18T16:05:29.289743Z[0m [[32m[1minfo     [0m] [1mStarting 1 background workers [0m [[0m[1m[34mlanggraph_runtime_inmem.queue[0m][0m [36mapi_variant[0m=[35mlocal_dev[0m [36mlanggraph_api_version[0m=[35m0.6.39[0m [36mthread_name[0m=[35masyncio_1[0m
[2m2026-02-18T16:05:29.290674Z[0m [[32m[1minfo     [0m] [1mWorker stats                  [0m [[0m[1m[34mlanggraph_runtime_inmem.queue[0m][0m [36mactive[0m=[35m0[0m [36mapi_variant[0m=[35mlocal_dev[0m [36mavailable[0m=[35m1[0m [36mlanggraph_api_version[0m=[35m0.6.39[0m [36mmax[0m=[35m1[0m [36mthread_name[0m=[35masyncio_1[0m
[2m2026-02-18T16:05:29.291778Z[0m [[32m[1minfo     [0m] [1mCreated run                   [0m [[0m[1m[34mlanggraph_api.models.run[0m][0m [36mafter_seconds[0m=[35m0[0m [36mapi_variant[0m=[35mlocal_dev[0m [36massistant_id[0m=[35mfe096781-5601-53d2-b2f6-0d3403f7e9ca[0m [36mcheckpoint_id[0m=[35mNone[0m [36mif_not_exists[0m=[35mreject[0m [36mlanggraph_api_version[0m=[35m0.6.39[0m [36mmethod[0m=[35mPOST[0m [36mmultitask_strategy[0m=[35menqueue[0m [36mpath[0m=[35m/threads/{thread_id}/runs/stream[0m [36mrequest_id[0m=[35m3d647fdd-b85f-4b7a-89c1-5d4191ca0135[0m [36mrun_create_ms[0m=[35m1[0m [36mrun_id[0m=[35m019c717f-d64b-7132-a864-a5141f6cabe6[0m [36mrun_put_ms[0m=[35m0[0m [36mstream_mode[0m=[35m['values', 'messages-tuple', 'custom'][0m [36mstream_resumable[0m=[35mFalse[0m [36mtemporary[0m=[35mFalse[0m [36mthread_id[0m=[35m1b6df30e-e4c7-488c-99b7-96d214db8109[0m [36mthread_name[0m=[35mMainThread[0m
[2m2026-02-18T16:05:29.792986Z[0m [[32m[1minfo     [0m] [1mQueue stats                   [0m [[0m[1m[34mlanggraph_runtime_inmem.queue[0m][0m [36mapi_variant[0m=[35mlocal_dev[0m [36mlanggraph_api_version[0m=[35m0.6.39[0m [36mn_pending[0m=[35m1[0m [36mn_running[0m=[35m0[0m [36mpending_runs_wait_time_max_secs[0m=[35m0.500141[0m [36mpending_runs_wait_time_med_secs[0m=[35m0.500141[0m [36mpending_unblocked_runs_wait_time_max_secs[0m=[35m0.500141[0m [36mthread_name[0m=[35masyncio_0[0m
[2m2026-02-18T16:05:30.297413Z[0m [[32m[1minfo     [0m] [1mStarting background run       [0m [[0m[1m[34mlanggraph_api.worker[0m][0m [36mapi_variant[0m=[35mlocal_dev[0m [36massistant_id[0m=[35mfe096781-5601-53d2-b2f6-0d3403f7e9ca[0m [36mgraph_id[0m=[35magent[0m [36mlanggraph_api_version[0m=[35m0.6.39[0m [36mrequest_id[0m=[35m3d647fdd-b85f-4b7a-89c1-5d4191ca0135[0m [36mresumable[0m=[35mFalse[0m [36mrun_attempt[0m=[35m1[0m [36mrun_creation_ms[0m=[35m1[0m [36mrun_id[0m=[35m019c717f-d64b-7132-a864-a5141f6cabe6[0m [36mrun_queue_ms[0m=[35m1004[0m [36mrun_started_at[0m=[35m2026-02-18T16:05:30.295925+00:00[0m [36mrun_stream_start_ms[0m=[35m0[0m [36mtemporary[0m=[35mFalse[0m [36mthread_id[0m=[35m1b6df30e-e4c7-488c-99b7-96d214db8109[0m [36mthread_name[0m=[35masyncio_0[0m
[2m2026-02-18T16:05:30.299570Z[0m [[32m[1minfo     [0m] [1mStarting dev checkpoint ingestion loop[0m [[0m[1m[34mlanggraph_runtime_inmem.checkpoint[0m][0m [36mapi_variant[0m=[35mlocal_dev[0m [36massistant_id[0m=[35mfe096781-5601-53d2-b2f6-0d3403f7e9ca[0m [36mgraph_id[0m=[35magent[0m [36mlanggraph_api_version[0m=[35m0.6.39[0m [36mrequest_id[0m=[35m3d647fdd-b85f-4b7a-89c1-5d4191ca0135[0m [36mrun_attempt[0m=[35m1[0m [36mrun_id[0m=[35m019c717f-d64b-7132-a864-a5141f6cabe6[0m [36mthread_id[0m=[35m1b6df30e-e4c7-488c-99b7-96d214db8109[0m [36mthread_name[0m=[35mMainThread[0m
[]
 ! Preprocessing: Extracted user query: What is the Month-over-Month (MoM) growth rate in total revenue?...
[2m2026-02-18T16:05:33.639046Z[0m [[32m[1minfo     [0m] [1mHTTP Request: POST https://api.openai.com/v1/chat/completions "HTTP/1.1 200 OK"[0m [[0m[1m[34mhttpx[0m][0m [36mapi_variant[0m=[35mlocal_dev[0m [36massistant_id[0m=[35mfe096781-5601-53d2-b2f6-0d3403f7e9ca[0m [36mgraph_id[0m=[35magent[0m [36mlanggraph_api_version[0m=[35m0.6.39[0m [36mlanggraph_node[0m=[35mmodel[0m [36mrequest_id[0m=[35m3d647fdd-b85f-4b7a-89c1-5d4191ca0135[0m [36mrun_attempt[0m=[35m1[0m [36mrun_id[0m=[35m019c717f-d64b-7132-a864-a5141f6cabe6[0m [36mthread_id[0m=[35m1b6df30e-e4c7-488c-99b7-96d214db8109[0m [36mthread_name[0m=[35masyncio_0[0m
Can you provide me with the Month-over-Month (MoM) growth rate in total revenue for the last reporting period?
[2m2026-02-18T16:05:34.955738Z[0m [[32m[1minfo     [0m] [1mHTTP Request: POST https://api.openai.com/v1/chat/completions "HTTP/1.1 200 OK"[0m [[0m[1m[34mhttpx[0m][0m [36mapi_variant[0m=[35mlocal_dev[0m [36massistant_id[0m=[35mfe096781-5601-53d2-b2f6-0d3403f7e9ca[0m [36mgraph_id[0m=[35magent[0m [36mlanggraph_api_version[0m=[35m0.6.39[0m [36mlanggraph_node[0m=[35mmodel[0m [36mrequest_id[0m=[35m3d647fdd-b85f-4b7a-89c1-5d4191ca0135[0m [36mrun_attempt[0m=[35m1[0m [36mrun_id[0m=[35m019c717f-d64b-7132-a864-a5141f6cabe6[0m [36mthread_id[0m=[35m1b6df30e-e4c7-488c-99b7-96d214db8109[0m [36mthread_name[0m=[35masyncio_1[0m
ANALYZE
 ! Intention Agent classified query as: ANALYZE
[2m2026-02-18T16:05:35.878313Z[0m [[32m[1minfo     [0m] [1mHTTP Request: POST https://api.openai.com/v1/chat/completions "HTTP/1.1 200 OK"[0m [[0m[1m[34mhttpx[0m][0m [36mapi_variant[0m=[35mlocal_dev[0m [36massistant_id[0m=[35mfe096781-5601-53d2-b2f6-0d3403f7e9ca[0m [36mgraph_id[0m=[35magent[0m [36mlanggraph_api_version[0m=[35m0.6.39[0m [36mlanggraph_node[0m=[35mmodel[0m [36mrequest_id[0m=[35m3d647fdd-b85f-4b7a-89c1-5d4191ca0135[0m [36mrun_attempt[0m=[35m1[0m [36mrun_id[0m=[35m019c717f-d64b-7132-a864-a5141f6cabe6[0m [36mthread_id[0m=[35m1b6df30e-e4c7-488c-99b7-96d214db8109[0m [36mthread_name[0m=[35masyncio_1[0m
[2m2026-02-18T16:05:40.424564Z[0m [[32m[1minfo     [0m] [1m4 changes detected            [0m [[0m[1m[34mwatchfiles.main[0m][0m [36mapi_variant[0m=[35mlocal_dev[0m [36mlanggraph_api_version[0m=[35m0.6.39[0m [36mthread_name[0m=[35mMainThread[0m
[2m2026-02-18T16:05:40.775449Z[0m [[32m[1minfo     [0m] [1m1 change detected             [0m [[0m[1m[34mwatchfiles.main[0m][0m [36mapi_variant[0m=[35mlocal_dev[0m [36mlanggraph_api_version[0m=[35m0.6.39[0m [36mthread_name[0m=[35mMainThread[0m
[2m2026-02-18T16:05:41.126369Z[0m [[32m[1minfo     [0m] [1m3 changes detected            [0m [[0m[1m[34mwatchfiles.main[0m][0m [36mapi_variant[0m=[35mlocal_dev[0m [36mlanggraph_api_version[0m=[35m0.6.39[0m [36mthread_name[0m=[35mMainThread[0m
[2m2026-02-18T16:05:41.477229Z[0m [[32m[1minfo     [0m] [1m1 change detected             [0m [[0m[1m[34mwatchfiles.main[0m][0m [36mapi_variant[0m=[35mlocal_dev[0m [36mlanggraph_api_version[0m=[35m0.6.39[0m [36mthread_name[0m=[35mMainThread[0m
[2m2026-02-18T16:05:41.878527Z[0m [[32m[1minfo     [0m] [1m2 changes detected            [0m [[0m[1m[34mwatchfiles.main[0m][0m [36mapi_variant[0m=[35mlocal_dev[0m [36mlanggraph_api_version[0m=[35m0.6.39[0m [36mthread_name[0m=[35mMainThread[0m
{'messages': [HumanMessage(content='Can you provide me with the Month-over-Month (MoM) growth rate in total revenue for the last reporting period?', additional_kwargs={}, response_metadata={}, id='270042a2-4ca7-44f4-839a-5c3a511aa4b9'), AIMessage(content='{\n    "plan": [\n        {\n            "visualization": true,\n            "sql_required": true, \n            "task": "Retrieve total revenue grouped by month for the last reporting period.",\n            "chart_type": "line_smooth"\n        }\n    ]\n}', additional_kwargs={}, response_metadata={'finish_reason': 'stop', 'model_name': 'gpt-4o-mini-2024-07-18', 'system_fingerprint': 'fp_373a14eb6f', 'service_tier': 'default', 'model_provider': 'openai'}, id='lc_run--019c717f-ecd6-7db1-9d89-52396fd41ccd', tool_calls=[], invalid_tool_calls=[], usage_metadata={'input_tokens': 865, 'output_tokens': 55, 'total_tokens': 920, 'input_token_details': {'audio': 0, 'cache_read': 0}, 'output_token_details': {'audio': 0, 'reasoning': 0}})]}
Parsed plan steps: [{'visualization': True, 'sql_required': True, 'task': 'Retrieve total revenue grouped by month for the last reporting period.', 'chart_type': 'line_smooth'}]
[2m2026-02-18T16:05:47.243504Z[0m [[32m[1minfo     [0m] [1mHTTP Request: POST https://api.openai.com/v1/chat/completions "HTTP/1.1 200 OK"[0m [[0m[1m[34mhttpx[0m][0m [36mapi_variant[0m=[35mlocal_dev[0m [36massistant_id[0m=[35mfe096781-5601-53d2-b2f6-0d3403f7e9ca[0m [36mgraph_id[0m=[35magent[0m [36mlanggraph_api_version[0m=[35m0.6.39[0m [36mlanggraph_node[0m=[35mmodel[0m [36mrequest_id[0m=[35m3d647fdd-b85f-4b7a-89c1-5d4191ca0135[0m [36mrun_attempt[0m=[35m1[0m [36mrun_id[0m=[35m019c717f-d64b-7132-a864-a5141f6cabe6[0m [36mthread_id[0m=[35m1b6df30e-e4c7-488c-99b7-96d214db8109[0m [36mthread_name[0m=[35masyncio_1[0m
[2m2026-02-18T16:05:50.419925Z[0m [[31m[1merror    [0m] [1mRun encountered an error in graph: <class 'AttributeError'>('dict' object has no attribute 'content')[0m [[0m[1m[34mlanggraph_api.worker[0m][0m [36mapi_variant[0m=[35mlocal_dev[0m [36massistant_id[0m=[35mfe096781-5601-53d2-b2f6-0d3403f7e9ca[0m [36mgraph_id[0m=[35magent[0m [36mlanggraph_api_version[0m=[35m0.6.39[0m [36mrequest_id[0m=[35m3d647fdd-b85f-4b7a-89c1-5d4191ca0135[0m [36mrun_attempt[0m=[35m1[0m [36mrun_id[0m=[35m019c717f-d64b-7132-a864-a5141f6cabe6[0m [36mthread_id[0m=[35m1b6df30e-e4c7-488c-99b7-96d214db8109[0m [36mthread_name[0m=[35mMainThread[0m
Traceback (most recent call last):
  File "/media/edward/SSD-Data/My Folder/ai-data-analyzer/.venv/lib/python3.12/site-packages/langgraph_api/worker.py", line 165, in wrap_user_errors
    await consume(
  File "/media/edward/SSD-Data/My Folder/ai-data-analyzer/.venv/lib/python3.12/site-packages/langgraph_api/stream.py", line 505, in consume
    raise e
  File "/media/edward/SSD-Data/My Folder/ai-data-analyzer/.venv/lib/python3.12/site-packages/langgraph_api/stream.py", line 488, in consume
    async for mode, payload in stream:
  File "/media/edward/SSD-Data/My Folder/ai-data-analyzer/.venv/lib/python3.12/site-packages/langgraph_api/stream.py", line 375, in astream_state
    event = await wait_if_not_done(anext(stream, sentinel), done)
            ^^^^^^^^^^^^^^^^^^^^^^^^^^^^^^^^^^^^^^^^^^^^^^^^^^^^^
  File "/media/edward/SSD-Data/My Folder/ai-data-analyzer/.venv/lib/python3.12/site-packages/langgraph_api/asyncio.py", line 89, in wait_if_not_done
    raise e.exceptions[0] from None
  File "/media/edward/SSD-Data/My Folder/ai-data-analyzer/.venv/lib/python3.12/site-packages/langgraph/pregel/main.py", line 2974, in astream
    async for _ in runner.atick(
  File "/media/edward/SSD-Data/My Folder/ai-data-analyzer/.venv/lib/python3.12/site-packages/langgraph/pregel/_runner.py", line 410, in atick
    _panic_or_proceed(
  File "/media/edward/SSD-Data/My Folder/ai-data-analyzer/.venv/lib/python3.12/site-packages/langgraph/pregel/_runner.py", line 520, in _panic_or_proceed
    raise exc
  File "/media/edward/SSD-Data/My Folder/ai-data-analyzer/.venv/lib/python3.12/site-packages/langgraph/pregel/_retry.py", line 138, in arun_with_retry
    return await task.proc.ainvoke(task.input, config)
           ^^^^^^^^^^^^^^^^^^^^^^^^^^^^^^^^^^^^^^^^^^^
  File "/media/edward/SSD-Data/My Folder/ai-data-analyzer/.venv/lib/python3.12/site-packages/langgraph/_internal/_runnable.py", line 705, in ainvoke
    input = await asyncio.create_task(
            ^^^^^^^^^^^^^^^^^^^^^^^^^^
  File "/media/edward/SSD-Data/My Folder/ai-data-analyzer/.venv/lib/python3.12/site-packages/langgraph/_internal/_runnable.py", line 473, in ainvoke
    ret = await self.afunc(*args, **kwargs)
          ^^^^^^^^^^^^^^^^^^^^^^^^^^^^^^^^^
  File "/media/edward/SSD-Data/My Folder/ai-data-analyzer/.venv/lib/python3.12/site-packages/langchain_core/runnables/config.py", line 610, in run_in_executor
    return await asyncio.get_running_loop().run_in_executor(
           ^^^^^^^^^^^^^^^^^^^^^^^^^^^^^^^^^^^^^^^^^^^^^^^^^
  File "/usr/lib/python3.12/concurrent/futures/thread.py", line 58, in run
    result = self.fn(*self.args, **self.kwargs)
             ^^^^^^^^^^^^^^^^^^^^^^^^^^^^^^^^^^
  File "/media/edward/SSD-Data/My Folder/ai-data-analyzer/.venv/lib/python3.12/site-packages/langchain_core/runnables/config.py", line 601, in wrapper
    return func(*args, **kwargs)
           ^^^^^^^^^^^^^^^^^^^^^
  File "/media/edward/SSD-Data/My Folder/ai-data-analyzer/langgraph_app/src/agent/graph.py", line 686, in text_to_sql_agent
    sql_query = parse_sql_query(response.content)
                                ^^^^^^^^^^^^^^^^
AttributeError: 'dict' object has no attribute 'content'
During task with name 'Text_to_SQL_Agent' and id '3009499c-1c18-ac82-8593-e8dfb7022531'
[2m2026-02-18T16:05:50.428861Z[0m [[31m[1merror    [0m] [1mBackground run failed. Exception: <class 'AttributeError'>('dict' object has no attribute 'content')[0m [[0m[1m[34mlanggraph_api.worker[0m][0m [36mapi_variant[0m=[35mlocal_dev[0m [36massistant_id[0m=[35mfe096781-5601-53d2-b2f6-0d3403f7e9ca[0m [36mgraph_id[0m=[35magent[0m [36mlanggraph_api_version[0m=[35m0.6.39[0m [36mrequest_id[0m=[35m3d647fdd-b85f-4b7a-89c1-5d4191ca0135[0m [36mrun_attempt[0m=[35m1[0m [36mrun_completed_in_ms[0m=[35m21138[0m [36mrun_created_at[0m=[35m2026-02-18T16:05:29.291703+00:00[0m [36mrun_ended_at[0m=[35m2026-02-18T16:05:50.428353+00:00[0m [36mrun_exec_ms[0m=[35m20132[0m [36mrun_id[0m=[35m019c717f-d64b-7132-a864-a5141f6cabe6[0m [36mrun_started_at[0m=[35m2026-02-18T16:05:30.295925+00:00[0m [36mrun_wait_time_ms[0m=[35m1004[0m [36mthread_id[0m=[35m1b6df30e-e4c7-488c-99b7-96d214db8109[0m [36mthread_name[0m=[35masyncio_0[0m
[2m2026-02-18T16:06:29.578851Z[0m [[32m[1minfo     [0m] [1mWorker stats                  [0m [[0m[1m[34mlanggraph_runtime_inmem.queue[0m][0m [36mactive[0m=[35m0[0m [36mapi_variant[0m=[35mlocal_dev[0m [36mavailable[0m=[35m1[0m [36mlanggraph_api_version[0m=[35m0.6.39[0m [36mmax[0m=[35m1[0m [36mthread_name[0m=[35masyncio_0[0m
[2m2026-02-18T16:06:30.081709Z[0m [[32m[1minfo     [0m] [1mQueue stats                   [0m [[0m[1m[34mlanggraph_runtime_inmem.queue[0m][0m [36mapi_variant[0m=[35mlocal_dev[0m [36mlanggraph_api_version[0m=[35m0.6.39[0m [36mn_pending[0m=[35m0[0m [36mn_running[0m=[35m0[0m [36mpending_runs_wait_time_max_secs[0m=[35mNone[0m [36mpending_runs_wait_time_med_secs[0m=[35mNone[0m [36mpending_unblocked_runs_wait_time_max_secs[0m=[35mNone[0m [36mthread_name[0m=[35masyncio_1[0m
[2m2026-02-18T16:07:19.119264Z[0m [[32m[1minfo     [0m] [1mCreated run                   [0m [[0m[1m[34mlanggraph_api.models.run[0m][0m [36mafter_seconds[0m=[35m0[0m [36mapi_variant[0m=[35mlocal_dev[0m [36massistant_id[0m=[35mfe096781-5601-53d2-b2f6-0d3403f7e9ca[0m [36mcheckpoint_id[0m=[35mNone[0m [36mif_not_exists[0m=[35mreject[0m [36mlanggraph_api_version[0m=[35m0.6.39[0m [36mmethod[0m=[35mPOST[0m [36mmultitask_strategy[0m=[35menqueue[0m [36mpath[0m=[35m/threads/{thread_id}/runs/stream[0m [36mrequest_id[0m=[35m4eaa4661-a92c-435d-a335-192c056cf933[0m [36mrun_create_ms[0m=[35m1[0m [36mrun_id[0m=[35m019c7181-834e-7373-b990-8ad94115a4fe[0m [36mrun_put_ms[0m=[35m0[0m [36mstream_mode[0m=[35m['values', 'messages-tuple', 'custom'][0m [36mstream_resumable[0m=[35mFalse[0m [36mtemporary[0m=[35mFalse[0m [36mthread_id[0m=[35m1b6df30e-e4c7-488c-99b7-96d214db8109[0m [36mthread_name[0m=[35mMainThread[0m
[2m2026-02-18T16:07:19.792791Z[0m [[32m[1minfo     [0m] [1mStarting background run       [0m [[0m[1m[34mlanggraph_api.worker[0m][0m [36mapi_variant[0m=[35mlocal_dev[0m [36massistant_id[0m=[35mfe096781-5601-53d2-b2f6-0d3403f7e9ca[0m [36mgraph_id[0m=[35magent[0m [36mlanggraph_api_version[0m=[35m0.6.39[0m [36mrequest_id[0m=[35m4eaa4661-a92c-435d-a335-192c056cf933[0m [36mresumable[0m=[35mFalse[0m [36mrun_attempt[0m=[35m1[0m [36mrun_creation_ms[0m=[35m1[0m [36mrun_id[0m=[35m019c7181-834e-7373-b990-8ad94115a4fe[0m [36mrun_queue_ms[0m=[35m673[0m [36mrun_started_at[0m=[35m2026-02-18T16:07:19.792552+00:00[0m [36mrun_stream_start_ms[0m=[35m0[0m [36mtemporary[0m=[35mFalse[0m [36mthread_id[0m=[35m1b6df30e-e4c7-488c-99b7-96d214db8109[0m [36mthread_name[0m=[35masyncio_1[0m
[]
 ! Preprocessing: Extracted user query: What is the Month-over-Month (MoM) growth rate in total revenue?...
[2m2026-02-18T16:07:20.600129Z[0m [[32m[1minfo     [0m] [1mHTTP Request: POST https://api.openai.com/v1/chat/completions "HTTP/1.1 200 OK"[0m [[0m[1m[34mhttpx[0m][0m [36mapi_variant[0m=[35mlocal_dev[0m [36massistant_id[0m=[35mfe096781-5601-53d2-b2f6-0d3403f7e9ca[0m [36mgraph_id[0m=[35magent[0m [36mlanggraph_api_version[0m=[35m0.6.39[0m [36mlanggraph_node[0m=[35mmodel[0m [36mrequest_id[0m=[35m4eaa4661-a92c-435d-a335-192c056cf933[0m [36mrun_attempt[0m=[35m1[0m [36mrun_id[0m=[35m019c7181-834e-7373-b990-8ad94115a4fe[0m [36mthread_id[0m=[35m1b6df30e-e4c7-488c-99b7-96d214db8109[0m [36mthread_name[0m=[35masyncio_0[0m
Can you provide me with the Month-over-Month (MoM) growth rate in total revenue for the last reporting period?
[2m2026-02-18T16:07:21.875371Z[0m [[32m[1minfo     [0m] [1mHTTP Request: POST https://api.openai.com/v1/chat/completions "HTTP/1.1 200 OK"[0m [[0m[1m[34mhttpx[0m][0m [36mapi_variant[0m=[35mlocal_dev[0m [36massistant_id[0m=[35mfe096781-5601-53d2-b2f6-0d3403f7e9ca[0m [36mgraph_id[0m=[35magent[0m [36mlanggraph_api_version[0m=[35m0.6.39[0m [36mlanggraph_node[0m=[35mmodel[0m [36mrequest_id[0m=[35m4eaa4661-a92c-435d-a335-192c056cf933[0m [36mrun_attempt[0m=[35m1[0m [36mrun_id[0m=[35m019c7181-834e-7373-b990-8ad94115a4fe[0m [36mthread_id[0m=[35m1b6df30e-e4c7-488c-99b7-96d214db8109[0m [36mthread_name[0m=[35masyncio_1[0m
ANALYZE
 ! Intention Agent classified query as: ANALYZE
[2m2026-02-18T16:07:23.605170Z[0m [[32m[1minfo     [0m] [1mHTTP Request: POST https://api.openai.com/v1/chat/completions "HTTP/1.1 200 OK"[0m [[0m[1m[34mhttpx[0m][0m [36mapi_variant[0m=[35mlocal_dev[0m [36massistant_id[0m=[35mfe096781-5601-53d2-b2f6-0d3403f7e9ca[0m [36mgraph_id[0m=[35magent[0m [36mlanggraph_api_version[0m=[35m0.6.39[0m [36mlanggraph_node[0m=[35mmodel[0m [36mrequest_id[0m=[35m4eaa4661-a92c-435d-a335-192c056cf933[0m [36mrun_attempt[0m=[35m1[0m [36mrun_id[0m=[35m019c7181-834e-7373-b990-8ad94115a4fe[0m [36mthread_id[0m=[35m1b6df30e-e4c7-488c-99b7-96d214db8109[0m [36mthread_name[0m=[35masyncio_1[0m
{'messages': [HumanMessage(content='Can you provide me with the Month-over-Month (MoM) growth rate in total revenue for the last reporting period?', additional_kwargs={}, response_metadata={}, id='b47b6b1f-945e-4709-9e97-e1a910bd582e'), AIMessage(content='{\n    "plan": [\n        {\n            "visualization": true,\n            "sql_required": true, \n            "task": "Retrieve total revenue grouped by month for the last reporting period.",\n            "chart_type": "line_smooth"\n        }\n    ]\n}', additional_kwargs={}, response_metadata={'finish_reason': 'stop', 'model_name': 'gpt-4o-mini-2024-07-18', 'system_fingerprint': 'fp_373a14eb6f', 'service_tier': 'default', 'model_provider': 'openai'}, id='lc_run--019c7181-8e97-7b41-a934-7a07a8469413', tool_calls=[], invalid_tool_calls=[], usage_metadata={'input_tokens': 865, 'output_tokens': 55, 'total_tokens': 920, 'input_token_details': {'audio': 0, 'cache_read': 0}, 'output_token_details': {'audio': 0, 'reasoning': 0}})]}
Parsed plan steps: [{'visualization': True, 'sql_required': True, 'task': 'Retrieve total revenue grouped by month for the last reporting period.', 'chart_type': 'line_smooth'}]
[2m2026-02-18T16:07:29.822896Z[0m [[32m[1minfo     [0m] [1mWorker stats                  [0m [[0m[1m[34mlanggraph_runtime_inmem.queue[0m][0m [36mactive[0m=[35m1[0m [36mapi_variant[0m=[35mlocal_dev[0m [36mavailable[0m=[35m0[0m [36mlanggraph_api_version[0m=[35m0.6.39[0m [36mmax[0m=[35m1[0m [36mthread_name[0m=[35masyncio_0[0m
[2m2026-02-18T16:07:30.325368Z[0m [[32m[1minfo     [0m] [1mQueue stats                   [0m [[0m[1m[34mlanggraph_runtime_inmem.queue[0m][0m [36mapi_variant[0m=[35mlocal_dev[0m [36mlanggraph_api_version[0m=[35m0.6.39[0m [36mn_pending[0m=[35m0[0m [36mn_running[0m=[35m1[0m [36mpending_runs_wait_time_max_secs[0m=[35mNone[0m [36mpending_runs_wait_time_med_secs[0m=[35mNone[0m [36mpending_unblocked_runs_wait_time_max_secs[0m=[35mNone[0m [36mthread_name[0m=[35masyncio_0[0m
[2m2026-02-18T16:07:34.866663Z[0m [[32m[1minfo     [0m] [1mHTTP Request: POST https://api.openai.com/v1/chat/completions "HTTP/1.1 200 OK"[0m [[0m[1m[34mhttpx[0m][0m [36mapi_variant[0m=[35mlocal_dev[0m [36massistant_id[0m=[35mfe096781-5601-53d2-b2f6-0d3403f7e9ca[0m [36mgraph_id[0m=[35magent[0m [36mlanggraph_api_version[0m=[35m0.6.39[0m [36mlanggraph_node[0m=[35mmodel[0m [36mrequest_id[0m=[35m4eaa4661-a92c-435d-a335-192c056cf933[0m [36mrun_attempt[0m=[35m1[0m [36mrun_id[0m=[35m019c7181-834e-7373-b990-8ad94115a4fe[0m [36mthread_id[0m=[35m1b6df30e-e4c7-488c-99b7-96d214db8109[0m [36mthread_name[0m=[35masyncio_1[0m
[2m2026-02-18T16:07:36.821965Z[0m [[31m[1merror    [0m] [1mRun encountered an error in graph: <class 'AttributeError'>('dict' object has no attribute 'content')[0m [[0m[1m[34mlanggraph_api.worker[0m][0m [36mapi_variant[0m=[35mlocal_dev[0m [36massistant_id[0m=[35mfe096781-5601-53d2-b2f6-0d3403f7e9ca[0m [36mgraph_id[0m=[35magent[0m [36mlanggraph_api_version[0m=[35m0.6.39[0m [36mrequest_id[0m=[35m4eaa4661-a92c-435d-a335-192c056cf933[0m [36mrun_attempt[0m=[35m1[0m [36mrun_id[0m=[35m019c7181-834e-7373-b990-8ad94115a4fe[0m [36mthread_id[0m=[35m1b6df30e-e4c7-488c-99b7-96d214db8109[0m [36mthread_name[0m=[35mMainThread[0m
Traceback (most recent call last):
  File "/media/edward/SSD-Data/My Folder/ai-data-analyzer/.venv/lib/python3.12/site-packages/langgraph_api/worker.py", line 165, in wrap_user_errors
    await consume(
  File "/media/edward/SSD-Data/My Folder/ai-data-analyzer/.venv/lib/python3.12/site-packages/langgraph_api/stream.py", line 505, in consume
    raise e
  File "/media/edward/SSD-Data/My Folder/ai-data-analyzer/.venv/lib/python3.12/site-packages/langgraph_api/stream.py", line 488, in consume
    async for mode, payload in stream:
  File "/media/edward/SSD-Data/My Folder/ai-data-analyzer/.venv/lib/python3.12/site-packages/langgraph_api/stream.py", line 375, in astream_state
    event = await wait_if_not_done(anext(stream, sentinel), done)
            ^^^^^^^^^^^^^^^^^^^^^^^^^^^^^^^^^^^^^^^^^^^^^^^^^^^^^
  File "/media/edward/SSD-Data/My Folder/ai-data-analyzer/.venv/lib/python3.12/site-packages/langgraph_api/asyncio.py", line 89, in wait_if_not_done
    raise e.exceptions[0] from None
  File "/media/edward/SSD-Data/My Folder/ai-data-analyzer/.venv/lib/python3.12/site-packages/langgraph/pregel/main.py", line 2974, in astream
    async for _ in runner.atick(
  File "/media/edward/SSD-Data/My Folder/ai-data-analyzer/.venv/lib/python3.12/site-packages/langgraph/pregel/_runner.py", line 410, in atick
    _panic_or_proceed(
  File "/media/edward/SSD-Data/My Folder/ai-data-analyzer/.venv/lib/python3.12/site-packages/langgraph/pregel/_runner.py", line 520, in _panic_or_proceed
    raise exc
  File "/media/edward/SSD-Data/My Folder/ai-data-analyzer/.venv/lib/python3.12/site-packages/langgraph/pregel/_retry.py", line 138, in arun_with_retry
    return await task.proc.ainvoke(task.input, config)
           ^^^^^^^^^^^^^^^^^^^^^^^^^^^^^^^^^^^^^^^^^^^
  File "/media/edward/SSD-Data/My Folder/ai-data-analyzer/.venv/lib/python3.12/site-packages/langgraph/_internal/_runnable.py", line 705, in ainvoke
    input = await asyncio.create_task(
            ^^^^^^^^^^^^^^^^^^^^^^^^^^
  File "/media/edward/SSD-Data/My Folder/ai-data-analyzer/.venv/lib/python3.12/site-packages/langgraph/_internal/_runnable.py", line 473, in ainvoke
    ret = await self.afunc(*args, **kwargs)
          ^^^^^^^^^^^^^^^^^^^^^^^^^^^^^^^^^
  File "/media/edward/SSD-Data/My Folder/ai-data-analyzer/.venv/lib/python3.12/site-packages/langchain_core/runnables/config.py", line 610, in run_in_executor
    return await asyncio.get_running_loop().run_in_executor(
           ^^^^^^^^^^^^^^^^^^^^^^^^^^^^^^^^^^^^^^^^^^^^^^^^^
  File "/usr/lib/python3.12/concurrent/futures/thread.py", line 58, in run
    result = self.fn(*self.args, **self.kwargs)
             ^^^^^^^^^^^^^^^^^^^^^^^^^^^^^^^^^^
  File "/media/edward/SSD-Data/My Folder/ai-data-analyzer/.venv/lib/python3.12/site-packages/langchain_core/runnables/config.py", line 601, in wrapper
    return func(*args, **kwargs)
           ^^^^^^^^^^^^^^^^^^^^^
  File "/media/edward/SSD-Data/My Folder/ai-data-analyzer/langgraph_app/src/agent/graph.py", line 686, in text_to_sql_agent
    sql_query = parse_sql_query(response.content)
                                ^^^^^^^^^^^^^^^^
AttributeError: 'dict' object has no attribute 'content'
During task with name 'Text_to_SQL_Agent' and id '49dc45b7-5d4e-dd02-6e61-5c359071cb63'
[2m2026-02-18T16:07:36.831585Z[0m [[31m[1merror    [0m] [1mBackground run failed. Exception: <class 'AttributeError'>('dict' object has no attribute 'content')[0m [[0m[1m[34mlanggraph_api.worker[0m][0m [36mapi_variant[0m=[35mlocal_dev[0m [36massistant_id[0m=[35mfe096781-5601-53d2-b2f6-0d3403f7e9ca[0m [36mgraph_id[0m=[35magent[0m [36mlanggraph_api_version[0m=[35m0.6.39[0m [36mrequest_id[0m=[35m4eaa4661-a92c-435d-a335-192c056cf933[0m [36mrun_attempt[0m=[35m1[0m [36mrun_completed_in_ms[0m=[35m17712[0m [36mrun_created_at[0m=[35m2026-02-18T16:07:19.119208+00:00[0m [36mrun_ended_at[0m=[35m2026-02-18T16:07:36.830890+00:00[0m [36mrun_exec_ms[0m=[35m17038[0m [36mrun_id[0m=[35m019c7181-834e-7373-b990-8ad94115a4fe[0m [36mrun_started_at[0m=[35m2026-02-18T16:07:19.792552+00:00[0m [36mrun_wait_time_ms[0m=[35m673[0m [36mthread_id[0m=[35m1b6df30e-e4c7-488c-99b7-96d214db8109[0m [36mthread_name[0m=[35masyncio_0[0m
[2m2026-02-18T16:07:54.575390Z[0m [[32m[1minfo     [0m] [1mCreated run                   [0m [[0m[1m[34mlanggraph_api.models.run[0m][0m [36mafter_seconds[0m=[35m0[0m [36mapi_variant[0m=[35mlocal_dev[0m [36massistant_id[0m=[35mfe096781-5601-53d2-b2f6-0d3403f7e9ca[0m [36mcheckpoint_id[0m=[35mNone[0m [36mif_not_exists[0m=[35mreject[0m [36mlanggraph_api_version[0m=[35m0.6.39[0m [36mmethod[0m=[35mPOST[0m [36mmultitask_strategy[0m=[35menqueue[0m [36mpath[0m=[35m/threads/{thread_id}/runs/stream[0m [36mrequest_id[0m=[35ma45caa6a-3f12-4e89-ad12-cd224fc80b06[0m [36mrun_create_ms[0m=[35m1[0m [36mrun_id[0m=[35m019c7182-0dce-7781-b289-a00f00dfcc5b[0m [36mrun_put_ms[0m=[35m0[0m [36mstream_mode[0m=[35m['values', 'messages-tuple', 'custom'][0m [36mstream_resumable[0m=[35mFalse[0m [36mtemporary[0m=[35mFalse[0m [36mthread_id[0m=[35m042b7ac1-d49b-49eb-90b6-8adf80fbf61e[0m [36mthread_name[0m=[35mMainThread[0m
[2m2026-02-18T16:07:55.419737Z[0m [[32m[1minfo     [0m] [1mStarting background run       [0m [[0m[1m[34mlanggraph_api.worker[0m][0m [36mapi_variant[0m=[35mlocal_dev[0m [36massistant_id[0m=[35mfe096781-5601-53d2-b2f6-0d3403f7e9ca[0m [36mgraph_id[0m=[35magent[0m [36mlanggraph_api_version[0m=[35m0.6.39[0m [36mrequest_id[0m=[35ma45caa6a-3f12-4e89-ad12-cd224fc80b06[0m [36mresumable[0m=[35mFalse[0m [36mrun_attempt[0m=[35m1[0m [36mrun_creation_ms[0m=[35m1[0m [36mrun_id[0m=[35m019c7182-0dce-7781-b289-a00f00dfcc5b[0m [36mrun_queue_ms[0m=[35m843[0m [36mrun_started_at[0m=[35m2026-02-18T16:07:55.419026+00:00[0m [36mrun_stream_start_ms[0m=[35m0[0m [36mtemporary[0m=[35mFalse[0m [36mthread_id[0m=[35m042b7ac1-d49b-49eb-90b6-8adf80fbf61e[0m [36mthread_name[0m=[35masyncio_1[0m
[]
 ! Preprocessing: Extracted user query: What is the Month-over-Month (MoM) growth rate in total revenue?...
[2m2026-02-18T16:07:56.578842Z[0m [[32m[1minfo     [0m] [1mHTTP Request: POST https://api.openai.com/v1/chat/completions "HTTP/1.1 200 OK"[0m [[0m[1m[34mhttpx[0m][0m [36mapi_variant[0m=[35mlocal_dev[0m [36massistant_id[0m=[35mfe096781-5601-53d2-b2f6-0d3403f7e9ca[0m [36mgraph_id[0m=[35magent[0m [36mlanggraph_api_version[0m=[35m0.6.39[0m [36mlanggraph_node[0m=[35mmodel[0m [36mrequest_id[0m=[35ma45caa6a-3f12-4e89-ad12-cd224fc80b06[0m [36mrun_attempt[0m=[35m1[0m [36mrun_id[0m=[35m019c7182-0dce-7781-b289-a00f00dfcc5b[0m [36mthread_id[0m=[35m042b7ac1-d49b-49eb-90b6-8adf80fbf61e[0m [36mthread_name[0m=[35masyncio_1[0m
What is the Month-over-Month (MoM) growth rate in total revenue for our company?
[2m2026-02-18T16:07:57.598979Z[0m [[32m[1minfo     [0m] [1mHTTP Request: POST https://api.openai.com/v1/chat/completions "HTTP/1.1 200 OK"[0m [[0m[1m[34mhttpx[0m][0m [36mapi_variant[0m=[35mlocal_dev[0m [36massistant_id[0m=[35mfe096781-5601-53d2-b2f6-0d3403f7e9ca[0m [36mgraph_id[0m=[35magent[0m [36mlanggraph_api_version[0m=[35m0.6.39[0m [36mlanggraph_node[0m=[35mmodel[0m [36mrequest_id[0m=[35ma45caa6a-3f12-4e89-ad12-cd224fc80b06[0m [36mrun_attempt[0m=[35m1[0m [36mrun_id[0m=[35m019c7182-0dce-7781-b289-a00f00dfcc5b[0m [36mthread_id[0m=[35m042b7ac1-d49b-49eb-90b6-8adf80fbf61e[0m [36mthread_name[0m=[35masyncio_0[0m
ANALYZE
 ! Intention Agent classified query as: ANALYZE
[2m2026-02-18T16:07:58.666912Z[0m [[32m[1minfo     [0m] [1mHTTP Request: POST https://api.openai.com/v1/chat/completions "HTTP/1.1 200 OK"[0m [[0m[1m[34mhttpx[0m][0m [36mapi_variant[0m=[35mlocal_dev[0m [36massistant_id[0m=[35mfe096781-5601-53d2-b2f6-0d3403f7e9ca[0m [36mgraph_id[0m=[35magent[0m [36mlanggraph_api_version[0m=[35m0.6.39[0m [36mlanggraph_node[0m=[35mmodel[0m [36mrequest_id[0m=[35ma45caa6a-3f12-4e89-ad12-cd224fc80b06[0m [36mrun_attempt[0m=[35m1[0m [36mrun_id[0m=[35m019c7182-0dce-7781-b289-a00f00dfcc5b[0m [36mthread_id[0m=[35m042b7ac1-d49b-49eb-90b6-8adf80fbf61e[0m [36mthread_name[0m=[35masyncio_1[0m
{'messages': [HumanMessage(content='What is the Month-over-Month (MoM) growth rate in total revenue for our company?', additional_kwargs={}, response_metadata={}, id='ff35a561-bb73-4b46-9cf6-f285de1b0817'), AIMessage(content='{\n    "plan": [\n        {\n            "visualization": true,\n            "sql_required": true, \n            "task": "Retrieve total revenue grouped by month to calculate Month-over-Month growth rate.",\n            "chart_type": "line_smooth"\n        }\n    ]\n}', additional_kwargs={}, response_metadata={'finish_reason': 'stop', 'model_name': 'gpt-4o-mini-2024-07-18', 'system_fingerprint': 'fp_373a14eb6f', 'service_tier': 'default', 'model_provider': 'openai'}, id='lc_run--019c7182-1a26-7fe2-a11c-8538c2a58cd7', tool_calls=[], invalid_tool_calls=[], usage_metadata={'input_tokens': 860, 'output_tokens': 58, 'total_tokens': 918, 'input_token_details': {'audio': 0, 'cache_read': 0}, 'output_token_details': {'audio': 0, 'reasoning': 0}})]}
Parsed plan steps: [{'visualization': True, 'sql_required': True, 'task': 'Retrieve total revenue grouped by month to calculate Month-over-Month growth rate.', 'chart_type': 'line_smooth'}]
[2m2026-02-18T16:08:07.122782Z[0m [[32m[1minfo     [0m] [1mHTTP Request: POST https://api.openai.com/v1/chat/completions "HTTP/1.1 200 OK"[0m [[0m[1m[34mhttpx[0m][0m [36mapi_variant[0m=[35mlocal_dev[0m [36massistant_id[0m=[35mfe096781-5601-53d2-b2f6-0d3403f7e9ca[0m [36mgraph_id[0m=[35magent[0m [36mlanggraph_api_version[0m=[35m0.6.39[0m [36mlanggraph_node[0m=[35mmodel[0m [36mrequest_id[0m=[35ma45caa6a-3f12-4e89-ad12-cd224fc80b06[0m [36mrun_attempt[0m=[35m1[0m [36mrun_id[0m=[35m019c7182-0dce-7781-b289-a00f00dfcc5b[0m [36mthread_id[0m=[35m042b7ac1-d49b-49eb-90b6-8adf80fbf61e[0m [36mthread_name[0m=[35masyncio_0[0m
[2m2026-02-18T16:08:10.286927Z[0m [[31m[1merror    [0m] [1mRun encountered an error in graph: <class 'AttributeError'>('dict' object has no attribute 'content')[0m [[0m[1m[34mlanggraph_api.worker[0m][0m [36mapi_variant[0m=[35mlocal_dev[0m [36massistant_id[0m=[35mfe096781-5601-53d2-b2f6-0d3403f7e9ca[0m [36mgraph_id[0m=[35magent[0m [36mlanggraph_api_version[0m=[35m0.6.39[0m [36mrequest_id[0m=[35ma45caa6a-3f12-4e89-ad12-cd224fc80b06[0m [36mrun_attempt[0m=[35m1[0m [36mrun_id[0m=[35m019c7182-0dce-7781-b289-a00f00dfcc5b[0m [36mthread_id[0m=[35m042b7ac1-d49b-49eb-90b6-8adf80fbf61e[0m [36mthread_name[0m=[35mMainThread[0m
Traceback (most recent call last):
  File "/media/edward/SSD-Data/My Folder/ai-data-analyzer/.venv/lib/python3.12/site-packages/langgraph_api/worker.py", line 165, in wrap_user_errors
    await consume(
  File "/media/edward/SSD-Data/My Folder/ai-data-analyzer/.venv/lib/python3.12/site-packages/langgraph_api/stream.py", line 505, in consume
    raise e
  File "/media/edward/SSD-Data/My Folder/ai-data-analyzer/.venv/lib/python3.12/site-packages/langgraph_api/stream.py", line 488, in consume
    async for mode, payload in stream:
  File "/media/edward/SSD-Data/My Folder/ai-data-analyzer/.venv/lib/python3.12/site-packages/langgraph_api/stream.py", line 375, in astream_state
    event = await wait_if_not_done(anext(stream, sentinel), done)
            ^^^^^^^^^^^^^^^^^^^^^^^^^^^^^^^^^^^^^^^^^^^^^^^^^^^^^
  File "/media/edward/SSD-Data/My Folder/ai-data-analyzer/.venv/lib/python3.12/site-packages/langgraph_api/asyncio.py", line 89, in wait_if_not_done
    raise e.exceptions[0] from None
  File "/media/edward/SSD-Data/My Folder/ai-data-analyzer/.venv/lib/python3.12/site-packages/langgraph/pregel/main.py", line 2974, in astream
    async for _ in runner.atick(
  File "/media/edward/SSD-Data/My Folder/ai-data-analyzer/.venv/lib/python3.12/site-packages/langgraph/pregel/_runner.py", line 410, in atick
    _panic_or_proceed(
  File "/media/edward/SSD-Data/My Folder/ai-data-analyzer/.venv/lib/python3.12/site-packages/langgraph/pregel/_runner.py", line 520, in _panic_or_proceed
    raise exc
  File "/media/edward/SSD-Data/My Folder/ai-data-analyzer/.venv/lib/python3.12/site-packages/langgraph/pregel/_retry.py", line 138, in arun_with_retry
    return await task.proc.ainvoke(task.input, config)
           ^^^^^^^^^^^^^^^^^^^^^^^^^^^^^^^^^^^^^^^^^^^
  File "/media/edward/SSD-Data/My Folder/ai-data-analyzer/.venv/lib/python3.12/site-packages/langgraph/_internal/_runnable.py", line 705, in ainvoke
    input = await asyncio.create_task(
            ^^^^^^^^^^^^^^^^^^^^^^^^^^
  File "/media/edward/SSD-Data/My Folder/ai-data-analyzer/.venv/lib/python3.12/site-packages/langgraph/_internal/_runnable.py", line 473, in ainvoke
    ret = await self.afunc(*args, **kwargs)
          ^^^^^^^^^^^^^^^^^^^^^^^^^^^^^^^^^
  File "/media/edward/SSD-Data/My Folder/ai-data-analyzer/.venv/lib/python3.12/site-packages/langchain_core/runnables/config.py", line 610, in run_in_executor
    return await asyncio.get_running_loop().run_in_executor(
           ^^^^^^^^^^^^^^^^^^^^^^^^^^^^^^^^^^^^^^^^^^^^^^^^^
  File "/usr/lib/python3.12/concurrent/futures/thread.py", line 58, in run
    result = self.fn(*self.args, **self.kwargs)
             ^^^^^^^^^^^^^^^^^^^^^^^^^^^^^^^^^^
  File "/media/edward/SSD-Data/My Folder/ai-data-analyzer/.venv/lib/python3.12/site-packages/langchain_core/runnables/config.py", line 601, in wrapper
    return func(*args, **kwargs)
           ^^^^^^^^^^^^^^^^^^^^^
  File "/media/edward/SSD-Data/My Folder/ai-data-analyzer/langgraph_app/src/agent/graph.py", line 686, in text_to_sql_agent
    sql_query = parse_sql_query(response.content)
                                ^^^^^^^^^^^^^^^^
AttributeError: 'dict' object has no attribute 'content'
During task with name 'Text_to_SQL_Agent' and id '31c2b37d-a466-04df-5f68-fc745cf262bc'
[2m2026-02-18T16:08:10.295831Z[0m [[31m[1merror    [0m] [1mBackground run failed. Exception: <class 'AttributeError'>('dict' object has no attribute 'content')[0m [[0m[1m[34mlanggraph_api.worker[0m][0m [36mapi_variant[0m=[35mlocal_dev[0m [36massistant_id[0m=[35mfe096781-5601-53d2-b2f6-0d3403f7e9ca[0m [36mgraph_id[0m=[35magent[0m [36mlanggraph_api_version[0m=[35m0.6.39[0m [36mrequest_id[0m=[35ma45caa6a-3f12-4e89-ad12-cd224fc80b06[0m [36mrun_attempt[0m=[35m1[0m [36mrun_completed_in_ms[0m=[35m15721[0m [36mrun_created_at[0m=[35m2026-02-18T16:07:54.575317+00:00[0m [36mrun_ended_at[0m=[35m2026-02-18T16:08:10.295301+00:00[0m [36mrun_exec_ms[0m=[35m14876[0m [36mrun_id[0m=[35m019c7182-0dce-7781-b289-a00f00dfcc5b[0m [36mrun_started_at[0m=[35m2026-02-18T16:07:55.419026+00:00[0m [36mrun_wait_time_ms[0m=[35m843[0m [36mthread_id[0m=[35m042b7ac1-d49b-49eb-90b6-8adf80fbf61e[0m [36mthread_name[0m=[35masyncio_1[0m
[2m2026-02-18T16:08:19.281203Z[0m [[32m[1minfo     [0m] [1mShutting down background workers[0m [[0m[1m[34mlanggraph_runtime_inmem.queue[0m][0m [36mapi_variant[0m=[35mlocal_dev[0m [36mlanggraph_api_version[0m=[35m0.6.39[0m [36mthread_name[0m=[35mMainThread[0m
[2m2026-02-18T16:08:19.282308Z[0m [[32m[1minfo     [0m] [1mShutting down remote graphs   [0m [[0m[1m[34mlanggraph_api.graph[0m][0m [36mapi_variant[0m=[35mlocal_dev[0m [36mlanggraph_api_version[0m=[35m0.6.39[0m [36mthread_name[0m=[35mMainThread[0m
[2m2026-02-18T16:08:19.762428Z[0m [[32m[1minfo     [0m] [1mStopping dev checkpoint ingestion loop[0m [[0m[1m[34mlanggraph_runtime_inmem.checkpoint[0m][0m [36mapi_variant[0m=[35mlocal_dev[0m [36mlanggraph_api_version[0m=[35m0.6.39[0m [36mthread_name[0m=[35mMainThread[0m
[2m2026-02-18T16:08:19.762691Z[0m [[32m[1minfo     [0m] [1mdev checkpoint ingestion loop exiting[0m [[0m[1m[34mlanggraph_runtime_inmem.checkpoint[0m][0m [36mapi_variant[0m=[35mlocal_dev[0m [36mlanggraph_api_version[0m=[35m0.6.39[0m [36mthread_name[0m=[35mThread-1[0m
